WORK=C:\Users\sanya\AppData\Local\Temp\go-build1247343387
mkdir -p $WORK\b015\
mkdir -p $WORK\b012\
mkdir -p $WORK\b017\
mkdir -p $WORK\b008\
internal/godebugs
mkdir -p $WORK\b006\
mkdir -p $WORK\b014\
echo '# import config' > $WORK\b015\importcfg # internal
cd C:\Users\sanya\Desktop\Dzvinock
"C:\\msys64\\mingw64\\lib\\go\\pkg\\tool\\windows_amd64\\compile.exe" -o "$WORK\\b015\\_pkg_.a" -trimpath "$WORK\\b015=>" -p internal/godebugs -lang=go1.27 -std -complete -buildid HZLleLrx8ATUQBbtzvI4/HZLleLrx8ATUQBbtzvI4 -goversion go1.27.0 -c=8 -nolocalimports -importcfg "$WORK\\b015\\importcfg" -pack "C:\\msys64\\mingw64\\lib\\go\\src\\internal\\godebugs\\table.go"
mkdir -p $WORK\b016\
internal/goos
internal/byteorder
internal/unsafeheader
internal/goarch
internal/coverage/rtcov
internal/goexperiment
echo '# import config' > $WORK\b012\importcfg # internal
"C:\\msys64\\mingw64\\lib\\go\\pkg\\tool\\windows_amd64\\compile.exe" -o "$WORK\\b012\\_pkg_.a" -trimpath "$WORK\\b012=>" -p internal/byteorder -lang=go1.27 -std -complete -buildid D003OYpWLbesapgjlyTS/D003OYpWLbesapgjlyTS -goversion go1.27.0 -c=8 -nolocalimports -importcfg "$WORK\\b012\\importcfg" -pack "C:\\msys64\\mingw64\\lib\\go\\src\\internal\\byteorder\\byteorder.go"
echo '# import config' > $WORK\b017\importcfg # internal
"C:\\msys64\\mingw64\\lib\\go\\pkg\\tool\\windows_amd64\\compile.exe" -o "$WORK\\b017\\_pkg_.a" -trimpath "$WORK\\b017=>" -p internal/goos -lang=go1.27 -std -complete -buildid ntY9yg-qtH0AdXttP4MF/ntY9yg-qtH0AdXttP4MF -goversion go1.27.0 -c=6 -nolocalimports -importcfg "$WORK\\b017\\importcfg" -pack "C:\\msys64\\mingw64\\lib\\go\\src\\internal\\goos\\goos.go" "C:\\msys64\\mingw64\\lib\\go\\src\\internal\\goos\\nonunix.go" "C:\\msys64\\mingw64\\lib\\go\\src\\internal\\goos\\zgoos_windows.go"
echo '# import config' > $WORK\b008\importcfg # internal
echo '# import config' > $WORK\b006\importcfg # internal
echo '# import config' > $WORK\b014\importcfg # internal
echo '# import config' > $WORK\b016\importcfg # internal
"C:\\msys64\\mingw64\\lib\\go\\pkg\\tool\\windows_amd64\\compile.exe" -o "$WORK\\b006\\_pkg_.a" -trimpath "$WORK\\b006=>" -p internal/goarch -lang=go1.27 -std -complete -buildid Sk7jxKimqoWwCbFDsZvj/Sk7jxKimqoWwCbFDsZvj -goversion go1.27.0 -c=4 -nolocalimports -importcfg "$WORK\\b006\\importcfg" -pack "C:\\msys64\\mingw64\\lib\\go\\src\\internal\\goarch\\goarch.go" "C:\\msys64\\mingw64\\lib\\go\\src\\internal\\goarch\\goarch_amd64.go" "C:\\msys64\\mingw64\\lib\\go\\src\\internal\\goarch\\zgoarch_amd64.go"
"C:\\msys64\\mingw64\\lib\\go\\pkg\\tool\\windows_amd64\\compile.exe" -o "$WORK\\b008\\_pkg_.a" -trimpath "$WORK\\b008=>" -p internal/unsafeheader -lang=go1.27 -std -complete -buildid h2tVqerPWGfYIlVxQdjy/h2tVqerPWGfYIlVxQdjy -goversion go1.27.0 -c=5 -nolocalimports -importcfg "$WORK\\b008\\importcfg" -pack "C:\\msys64\\mingw64\\lib\\go\\src\\internal\\unsafeheader\\unsafeheader.go"
"C:\\msys64\\mingw64\\lib\\go\\pkg\\tool\\windows_amd64\\compile.exe" -o "$WORK\\b014\\_pkg_.a" -trimpath "$WORK\\b014=>" -p internal/coverage/rtcov -lang=go1.27 -std -complete -buildid yaIbKZszOB1PrCDM3tam/yaIbKZszOB1PrCDM3tam -goversion go1.27.0 -c=4 -nolocalimports -importcfg "$WORK\\b014\\importcfg" -pack "C:\\msys64\\mingw64\\lib\\go\\src\\internal\\coverage\\rtcov\\rtcov.go"
"C:\\msys64\\mingw64\\lib\\go\\pkg\\tool\\windows_amd64\\compile.exe" -o "$WORK\\b016\\_pkg_.a" -trimpath "$WORK\\b016=>" -p internal/goexperiment -lang=go1.27 -std -complete -buildid 3ef2vWBiezt2Vyfbrxy0/3ef2vWBiezt2Vyfbrxy0 -goversion go1.27.0 -c=4 -nolocalimports -importcfg "$WORK\\b016\\importcfg" -pack "C:\\msys64\\mingw64\\lib\\go\\src\\internal\\goexperiment\\exp_arenas_off.go" "C:\\msys64\\mingw64\\lib\\go\\src\\internal\\goexperiment\\exp_boringcrypto_off.go" "C:\\msys64\\mingw64\\lib\\go\\src\\internal\\goexperiment\\exp_cgocheck2_off.go" "C:\\msys64\\mingw64\\lib\\go\\src\\internal\\goexperiment\\exp_dwarf5_on.go" "C:\\msys64\\mingw64\\lib\\go\\src\\internal\\goexperiment\\exp_fieldtrack_off.go" "C:\\msys64\\mingw64\\lib\\go\\src\\internal\\goexperiment\\exp_greenteagc_on.go" "C:\\msys64\\mingw64\\lib\\go\\src\\internal\\goexperiment\\exp_heapminimum512kib_off.go" "C:\\msys64\\mingw64\\lib\\go\\src\\internal\\goexperiment\\exp_jsonv2_on.go" "C:\\msys64\\mingw64\\lib\\go\\src\\internal\\goexperiment\\exp_loopvar_off.go" "C:\\msys64\\mingw64\\lib\\go\\src\\internal\\goexperiment\\exp_mapsplitgroup_off.go" "C:\\msys64\\mingw64\\lib\\go\\src\\internal\\goexperiment\\exp_newinliner_off.go" "C:\\msys64\\mingw64\\lib\\go\\src\\internal\\goexperiment\\exp_preemptibleloops_off.go" "C:\\msys64\\mingw64\\lib\\go\\src\\internal\\goexperiment\\exp_randomizedheapbase64_on.go" "C:\\msys64\\mingw64\\lib\\go\\src\\internal\\goexperiment\\exp_regabiargs_on.go" "C:\\msys64\\mingw64\\lib\\go\\src\\internal\\goexperiment\\exp_regabiwrappers_on.go" "C:\\msys64\\mingw64\\lib\\go\\src\\internal\\goexperiment\\exp_runtimefreegc_off.go" "C:\\msys64\\mingw64\\lib\\go\\src\\internal\\goexperiment\\exp_runtimesecret_off.go" "C:\\msys64\\mingw64\\lib\\go\\src\\internal\\goexperiment\\exp_simd_off.go" "C:\\msys64\\mingw64\\lib\\go\\src\\internal\\goexperiment\\exp_sizespecializedmalloc_on.go" "C:\\msys64\\mingw64\\lib\\go\\src\\internal\\goexperiment\\exp_staticlockranking_off.go" "C:\\msys64\\mingw64\\lib\\go\\src\\internal\\goexperiment\\flags.go"
mkdir -p $WORK\b011\
internal/cpu
echo -n > $WORK\b011\go_asm.h # internal
cd C:\msys64\mingw64\lib\go\src\internal\cpu
"C:\\msys64\\mingw64\\lib\\go\\pkg\\tool\\windows_amd64\\asm.exe" -p internal/cpu -trimpath "$WORK\\b011=>" -I "$WORK\\b011\\" -I "C:\\msys64\\mingw64\\lib\\go\\pkg\\include" -D GOOS_windows -D GOARCH_amd64 -std -D GOAMD64_v1 -gensymabis -o "$WORK\\b011\\symabis" "C:\\msys64\\mingw64\\lib\\go\\src\\internal\\cpu\\cpu.s" "C:\\msys64\\mingw64\\lib\\go\\src\\internal\\cpu\\cpu_x86.s"
go tool buildid -w "$WORK\\b006\\_pkg_.a" # internal
go tool buildid -w "$WORK\\b017\\_pkg_.a" # internal
go tool buildid -w "$WORK\\b012\\_pkg_.a" # internal
go tool buildid -w "$WORK\\b016\\_pkg_.a" # internal
cp "$WORK\\b006\\_pkg_.a" "C:\\Users\\sanya\\AppData\\Local\\go-build\\fe\\fed48d978ac47ad6d78384b083d96928332bcc94e0452b32d06d73c1e9f4b10d-d" # internal
mkdir -p $WORK\b005\
internal/abi
echo -n > $WORK\b005\go_asm.h # internal
cd C:\msys64\mingw64\lib\go\src\internal\abi
"C:\\msys64\\mingw64\\lib\\go\\pkg\\tool\\windows_amd64\\asm.exe" -p internal/abi -trimpath "$WORK\\b005=>" -I "$WORK\\b005\\" -I "C:\\msys64\\mingw64\\lib\\go\\pkg\\include" -D GOOS_windows -D GOARCH_amd64 -std -D GOAMD64_v1 -gensymabis -o "$WORK\\b005\\symabis" "C:\\msys64\\mingw64\\lib\\go\\src\\internal\\abi\\abi_test.s" "C:\\msys64\\mingw64\\lib\\go\\src\\internal\\abi\\stub.s"
go tool buildid -w "$WORK\\b014\\_pkg_.a" # internal
cp "$WORK\\b014\\_pkg_.a" "C:\\Users\\sanya\\AppData\\Local\\go-build\\da\\daf5f808d1f9ab37427e76827bfd8fff2f2657dca3fec846624c7a1598ba447d-d" # internal
mkdir -p $WORK\b018\
internal/profilerecord
echo '# import config' > $WORK\b018\importcfg # internal
cd C:\Users\sanya\Desktop\Dzvinock
"C:\\msys64\\mingw64\\lib\\go\\pkg\\tool\\windows_amd64\\compile.exe" -o "$WORK\\b018\\_pkg_.a" -trimpath "$WORK\\b018=>" -p internal/profilerecord -lang=go1.27 -std -complete -buildid AbfbaYRD_ZQ1NBXxz_Rc/AbfbaYRD_ZQ1NBXxz_Rc -goversion go1.27.0 -c=7 -nolocalimports -importcfg "$WORK\\b018\\importcfg" -pack "C:\\msys64\\mingw64\\lib\\go\\src\\internal\\profilerecord\\profilerecord.go"
cp "$WORK\\b017\\_pkg_.a" "C:\\Users\\sanya\\AppData\\Local\\go-build\\c0\\c01f494c05e7041aebb7ab0ff20a06dff568cb336645b5cd7968036b0e4f8670-d" # internal
go tool buildid -w "$WORK\\b015\\_pkg_.a" # internal
cp "$WORK\\b016\\_pkg_.a" "C:\\Users\\sanya\\AppData\\Local\\go-build\\3f\\3f9b6f2907a398e9b859f21a3658abb5b433817a06fab586b0394930c55b12c3-d" # internal
go tool buildid -w "$WORK\\b008\\_pkg_.a" # internal
mkdir -p $WORK\b021\
internal/runtime/gc
cat >C:\Users\sanya\AppData\Local\Temp\go-build1247343387\b021\importcfg << 'EOF' # internal
# import config
packagefile internal/goarch=C:\Users\sanya\AppData\Local\Temp\go-build1247343387\b006\_pkg_.a
EOF
"C:\\msys64\\mingw64\\lib\\go\\pkg\\tool\\windows_amd64\\compile.exe" -o "$WORK\\b021\\_pkg_.a" -trimpath "$WORK\\b021=>" -p internal/runtime/gc -lang=go1.27 -std -complete -buildid jGBJktuMmjLcggMJrlSV/jGBJktuMmjLcggMJrlSV -goversion go1.27.0 -c=8 -nolocalimports -importcfg "$WORK\\b021\\importcfg" -pack "C:\\msys64\\mingw64\\lib\\go\\src\\internal\\runtime\\gc\\malloc.go" "C:\\msys64\\mingw64\\lib\\go\\src\\internal\\runtime\\gc\\scan.go" "C:\\msys64\\mingw64\\lib\\go\\src\\internal\\runtime\\gc\\sizeclasses.go"
cp "$WORK\\b012\\_pkg_.a" "C:\\Users\\sanya\\AppData\\Local\\go-build\\45\\457665f5d1870b8bd42b9c069f13c79e28a121e331e05268278fbdf1523f194f-d" # internal
mkdir -p $WORK\b023\
internal/runtime/sys
mkdir -p $WORK\b019\
internal/runtime/atomic
echo -n > $WORK\b019\go_asm.h # internal
cd C:\msys64\mingw64\lib\go\src\internal\runtime\atomic
"C:\\msys64\\mingw64\\lib\\go\\pkg\\tool\\windows_amd64\\asm.exe" -p internal/runtime/atomic -trimpath "$WORK\\b019=>" -I "$WORK\\b019\\" -I "C:\\msys64\\mingw64\\lib\\go\\pkg\\include" -D GOOS_windows -D GOARCH_amd64 -std -D GOAMD64_v1 -gensymabis -o "$WORK\\b019\\symabis" "C:\\msys64\\mingw64\\lib\\go\\src\\internal\\runtime\\atomic\\atomic_amd64.s"
cp "$WORK\\b015\\_pkg_.a" "C:\\Users\\sanya\\AppData\\Local\\go-build\\69\\6999c7a712963def4f10e75ef467e8f459781509a876c7e6a9c1beb4c7962d7c-d" # internal
mkdir -p $WORK\b025\
internal/asan
echo '# import config' > $WORK\b011\importcfg # internal
cp "$WORK\\b008\\_pkg_.a" "C:\\Users\\sanya\\AppData\\Local\\go-build\\dd\\dd27cd9328a3e1f679fb4fb8aa9cbe79a966fd55f999c6ad011df8929edfb3e1-d" # internal
mkdir -p $WORK\b026\
cd C:\Users\sanya\Desktop\Dzvinock
"C:\\msys64\\mingw64\\lib\\go\\pkg\\tool\\windows_amd64\\compile.exe" -o "$WORK\\b011\\_pkg_.a" -trimpath "$WORK\\b011=>" -p internal/cpu -lang=go1.27 -std -buildid MA__GNLYLEz_84HEuZMZ/MA__GNLYLEz_84HEuZMZ -goversion go1.27.0 -symabis "$WORK\\b011\\symabis" -c=6 -nolocalimports -importcfg "$WORK\\b011\\importcfg" -pack -asmhdr "$WORK\\b011\\go_asm.h" "C:\\msys64\\mingw64\\lib\\go\\src\\internal\\cpu\\cpu.go" "C:\\msys64\\mingw64\\lib\\go\\src\\internal\\cpu\\cpu_windows.go" "C:\\msys64\\mingw64\\lib\\go\\src\\internal\\cpu\\cpu_x86.go" "C:\\msys64\\mingw64\\lib\\go\\src\\internal\\cpu\\cpu_x86_other.go" "C:\\msys64\\mingw64\\lib\\go\\src\\internal\\cpu\\datacache_x86.go"
internal/msan
cat >C:\Users\sanya\AppData\Local\Temp\go-build1247343387\b005\importcfg << 'EOF' # internal
# import config
packagefile internal/goarch=C:\Users\sanya\AppData\Local\Temp\go-build1247343387\b006\_pkg_.a
EOF
go tool buildid -w "$WORK\\b018\\_pkg_.a" # internal
"C:\\msys64\\mingw64\\lib\\go\\pkg\\tool\\windows_amd64\\compile.exe" -o "$WORK\\b005\\_pkg_.a" -trimpath "$WORK\\b005=>" -p internal/abi -lang=go1.27 -std -buildid miQVwSlAAo-RgHXFfccP/miQVwSlAAo-RgHXFfccP -goversion go1.27.0 -symabis "$WORK\\b005\\symabis" -c=5 -nolocalimports -importcfg "$WORK\\b005\\importcfg" -pack -asmhdr "$WORK\\b005\\go_asm.h" "C:\\msys64\\mingw64\\lib\\go\\src\\internal\\abi\\abi.go" "C:\\msys64\\mingw64\\lib\\go\\src\\internal\\abi\\abi_amd64.go" "C:\\msys64\\mingw64\\lib\\go\\src\\internal\\abi\\bounds.go" "C:\\msys64\\mingw64\\lib\\go\\src\\internal\\abi\\compiletype.go" "C:\\msys64\\mingw64\\lib\\go\\src\\internal\\abi\\escape.go" "C:\\msys64\\mingw64\\lib\\go\\src\\internal\\abi\\funcpc.go" "C:\\msys64\\mingw64\\lib\\go\\src\\internal\\abi\\iface.go" "C:\\msys64\\mingw64\\lib\\go\\src\\internal\\abi\\map.go" "C:\\msys64\\mingw64\\lib\\go\\src\\internal\\abi\\rangefuncconsts.go" "C:\\msys64\\mingw64\\lib\\go\\src\\internal\\abi\\runtime.go" "C:\\msys64\\mingw64\\lib\\go\\src\\internal\\abi\\stack.go" "C:\\msys64\\mingw64\\lib\\go\\src\\internal\\abi\\switch.go" "C:\\msys64\\mingw64\\lib\\go\\src\\internal\\abi\\symtab.go" "C:\\msys64\\mingw64\\lib\\go\\src\\internal\\abi\\type.go"
echo -n > $WORK\b023\go_asm.h # internal
echo '# import config' > $WORK\b025\importcfg # internal
cd C:\msys64\mingw64\lib\go\src\internal\runtime\sys
"C:\\msys64\\mingw64\\lib\\go\\pkg\\tool\\windows_amd64\\asm.exe" -p internal/runtime/sys -trimpath "$WORK\\b023=>" -I "$WORK\\b023\\" -I "C:\\msys64\\mingw64\\lib\\go\\pkg\\include" -D GOOS_windows -D GOARCH_amd64 -std -D GOAMD64_v1 -gensymabis -o "$WORK\\b023\\symabis" "C:\\msys64\\mingw64\\lib\\go\\src\\internal\\runtime\\sys\\empty.s"
go tool buildid -w "$WORK\\b021\\_pkg_.a" # internal
echo '# import config' > $WORK\b026\importcfg # internal
cd C:\Users\sanya\Desktop\Dzvinock
"C:\\msys64\\mingw64\\lib\\go\\pkg\\tool\\windows_amd64\\compile.exe" -o "$WORK\\b025\\_pkg_.a" -trimpath "$WORK\\b025=>" -p internal/asan -lang=go1.27 -std -complete -buildid Gvt4CnEoSziueqtWLuPR/Gvt4CnEoSziueqtWLuPR -goversion go1.27.0 -c=6 -nolocalimports -importcfg "$WORK\\b025\\importcfg" -pack "C:\\msys64\\mingw64\\lib\\go\\src\\internal\\asan\\doc.go" "C:\\msys64\\mingw64\\lib\\go\\src\\internal\\asan\\noasan.go"
"C:\\msys64\\mingw64\\lib\\go\\pkg\\tool\\windows_amd64\\compile.exe" -o "$WORK\\b026\\_pkg_.a" -trimpath "$WORK\\b026=>" -p internal/msan -lang=go1.27 -std -complete -buildid fXY5811FmyAnTHbENJ8w/fXY5811FmyAnTHbENJ8w -goversion go1.27.0 -c=7 -nolocalimports -importcfg "$WORK\\b026\\importcfg" -pack "C:\\msys64\\mingw64\\lib\\go\\src\\internal\\msan\\doc.go" "C:\\msys64\\mingw64\\lib\\go\\src\\internal\\msan\\nomsan.go"
cp "$WORK\\b018\\_pkg_.a" "C:\\Users\\sanya\\AppData\\Local\\go-build\\86\\867ab7029ef59b484064d4150e5a1c38409386765df8e3da6fdb476c42b0d787-d" # internal
mkdir -p $WORK\b028\
internal/runtime/math
cat >C:\Users\sanya\AppData\Local\Temp\go-build1247343387\b028\importcfg << 'EOF' # internal
# import config
packagefile internal/goarch=C:\Users\sanya\AppData\Local\Temp\go-build1247343387\b006\_pkg_.a
EOF
"C:\\msys64\\mingw64\\lib\\go\\pkg\\tool\\windows_amd64\\compile.exe" -o "$WORK\\b028\\_pkg_.a" -trimpath "$WORK\\b028=>" -p internal/runtime/math -lang=go1.27 -std -complete -buildid n-XOCIFYJ1dTwOCDOsTy/n-XOCIFYJ1dTwOCDOsTy -goversion go1.27.0 -c=6 -nolocalimports -importcfg "$WORK\\b028\\importcfg" -pack "C:\\msys64\\mingw64\\lib\\go\\src\\internal\\runtime\\math\\math.go"
cp "$WORK\\b021\\_pkg_.a" "C:\\Users\\sanya\\AppData\\Local\\go-build\\14\\141dcde22558ab15f2dff40f0592dc74dca94e039b90fb08af78e4d69b801fc9-d" # internal
mkdir -p $WORK\b029\
math/bits
echo '# import config' > $WORK\b029\importcfg # internal
"C:\\msys64\\mingw64\\lib\\go\\pkg\\tool\\windows_amd64\\compile.exe" -o "$WORK\\b029\\_pkg_.a" -trimpath "$WORK\\b029=>" -p math/bits -lang=go1.27 -std -complete -buildid TLimnEeVnmKa2GQzmS0e/TLimnEeVnmKa2GQzmS0e -goversion go1.27.0 -c=5 -nolocalimports -importcfg "$WORK\\b029\\importcfg" -pack "C:\\msys64\\mingw64\\lib\\go\\src\\math\\bits\\bits.go" "C:\\msys64\\mingw64\\lib\\go\\src\\math\\bits\\bits_errors.go" "C:\\msys64\\mingw64\\lib\\go\\src\\math\\bits\\bits_tables.go"
cat >C:\Users\sanya\AppData\Local\Temp\go-build1247343387\b019\importcfg << 'EOF' # internal
# import config
packagefile internal/goarch=C:\Users\sanya\AppData\Local\Temp\go-build1247343387\b006\_pkg_.a
EOF
"C:\\msys64\\mingw64\\lib\\go\\pkg\\tool\\windows_amd64\\compile.exe" -o "$WORK\\b019\\_pkg_.a" -trimpath "$WORK\\b019=>" -p internal/runtime/atomic -lang=go1.27 -std -buildid ABC4hHRHd1jAl2q2lTo2/ABC4hHRHd1jAl2q2lTo2 -goversion go1.27.0 -symabis "$WORK\\b019\\symabis" -c=4 -nolocalimports -importcfg "$WORK\\b019\\importcfg" -pack -asmhdr "$WORK\\b019\\go_asm.h" "C:\\msys64\\mingw64\\lib\\go\\src\\internal\\runtime\\atomic\\atomic_amd64.go" "C:\\msys64\\mingw64\\lib\\go\\src\\internal\\runtime\\atomic\\doc.go" "C:\\msys64\\mingw64\\lib\\go\\src\\internal\\runtime\\atomic\\linkname.go" "C:\\msys64\\mingw64\\lib\\go\\src\\internal\\runtime\\atomic\\stubs.go" "C:\\msys64\\mingw64\\lib\\go\\src\\internal\\runtime\\atomic\\types.go" "C:\\msys64\\mingw64\\lib\\go\\src\\internal\\runtime\\atomic\\types_64bit.go" "C:\\msys64\\mingw64\\lib\\go\\src\\internal\\runtime\\atomic\\unaligned.go" "C:\\msys64\\mingw64\\lib\\go\\src\\internal\\runtime\\atomic\\xchg8.go"
cat >C:\Users\sanya\AppData\Local\Temp\go-build1247343387\b023\importcfg << 'EOF' # internal
# import config
packagefile internal/goarch=C:\Users\sanya\AppData\Local\Temp\go-build1247343387\b006\_pkg_.a
packagefile internal/goos=C:\Users\sanya\AppData\Local\Temp\go-build1247343387\b017\_pkg_.a
EOF
"C:\\msys64\\mingw64\\lib\\go\\pkg\\tool\\windows_amd64\\compile.exe" -o "$WORK\\b023\\_pkg_.a" -trimpath "$WORK\\b023=>" -p internal/runtime/sys -lang=go1.27 -std -buildid k_maJEKHP-7SXM3oLL41/k_maJEKHP-7SXM3oLL41 -goversion go1.27.0 -symabis "$WORK\\b023\\symabis" -c=4 -nolocalimports -importcfg "$WORK\\b023\\importcfg" -pack -asmhdr "$WORK\\b023\\go_asm.h" "C:\\msys64\\mingw64\\lib\\go\\src\\internal\\runtime\\sys\\consts.go" "C:\\msys64\\mingw64\\lib\\go\\src\\internal\\runtime\\sys\\consts_norace.go" "C:\\msys64\\mingw64\\lib\\go\\src\\internal\\runtime\\sys\\intrinsics.go" "C:\\msys64\\mingw64\\lib\\go\\src\\internal\\runtime\\sys\\nih.go" "C:\\msys64\\mingw64\\lib\\go\\src\\internal\\runtime\\sys\\no_dit.go" "C:\\msys64\\mingw64\\lib\\go\\src\\internal\\runtime\\sys\\sys.go" "C:\\msys64\\mingw64\\lib\\go\\src\\internal\\runtime\\sys\\zversion.go"
go tool buildid -w "$WORK\\b028\\_pkg_.a" # internal
go tool buildid -w "$WORK\\b026\\_pkg_.a" # internal
go tool buildid -w "$WORK\\b025\\_pkg_.a" # internal
cp "$WORK\\b028\\_pkg_.a" "C:\\Users\\sanya\\AppData\\Local\\go-build\\53\\53600041dce8040cb2dcb21db38578aaafb429f436546e2e75695167a259dbc8-d" # internal
mkdir -p $WORK\b030\
internal/runtime/pprof/label
echo '# import config' > $WORK\b030\importcfg # internal
"C:\\msys64\\mingw64\\lib\\go\\pkg\\tool\\windows_amd64\\compile.exe" -o "$WORK\\b030\\_pkg_.a" -trimpath "$WORK\\b030=>" -p internal/runtime/pprof/label -lang=go1.27 -std -complete -buildid 5rdJn_0c46aSbafQMCLX/5rdJn_0c46aSbafQMCLX -goversion go1.27.0 -c=8 -nolocalimports -importcfg "$WORK\\b030\\importcfg" -pack "C:\\msys64\\mingw64\\lib\\go\\src\\internal\\runtime\\pprof\\label\\labelset.go"
cp "$WORK\\b025\\_pkg_.a" "C:\\Users\\sanya\\AppData\\Local\\go-build\\1f\\1faf5e1f6ad4a97200b2ece757b403cf4e023f0501f0dc908ac7296bf14369cf-d" # internal
cd C:\msys64\mingw64\lib\go\src\internal\cpu
"C:\\msys64\\mingw64\\lib\\go\\pkg\\tool\\windows_amd64\\asm.exe" -p internal/cpu -trimpath "$WORK\\b011=>" -I "$WORK\\b011\\" -I "C:\\msys64\\mingw64\\lib\\go\\pkg\\include" -D GOOS_windows -D GOARCH_amd64 -std -D GOAMD64_v1 -o "$WORK\\b011\\cpu.o" "C:\\msys64\\mingw64\\lib\\go\\src\\internal\\cpu\\cpu.s"
mkdir -p $WORK\b034\
internal/trace/tracev2
cp "$WORK\\b026\\_pkg_.a" "C:\\Users\\sanya\\AppData\\Local\\go-build\\ce\\cefcca3d27a7ec4268d44e46ed13656a3fcabf258339f1193b5c1fe6e42e15a9-d" # internal
mkdir -p $WORK\b036\
cmp
echo '# import config' > $WORK\b036\importcfg # internal
cd C:\Users\sanya\Desktop\Dzvinock
"C:\\msys64\\mingw64\\lib\\go\\pkg\\tool\\windows_amd64\\compile.exe" -o "$WORK\\b036\\_pkg_.a" -trimpath "$WORK\\b036=>" -p cmp -lang=go1.27 -std -complete -buildid V_gTL-edUNx7CoVHuFD4/V_gTL-edUNx7CoVHuFD4 -goversion go1.27.0 -c=7 -nolocalimports -importcfg "$WORK\\b036\\importcfg" -pack "C:\\msys64\\mingw64\\lib\\go\\src\\cmp\\cmp.go"
cd C:\msys64\mingw64\lib\go\src\internal\runtime\sys
"C:\\msys64\\mingw64\\lib\\go\\pkg\\tool\\windows_amd64\\asm.exe" -p internal/runtime/sys -trimpath "$WORK\\b023=>" -I "$WORK\\b023\\" -I "C:\\msys64\\mingw64\\lib\\go\\pkg\\include" -D GOOS_windows -D GOARCH_amd64 -std -D GOAMD64_v1 -o "$WORK\\b023\\empty.o" "C:\\msys64\\mingw64\\lib\\go\\src\\internal\\runtime\\sys\\empty.s"
echo '# import config' > $WORK\b034\importcfg # internal
cd C:\Users\sanya\Desktop\Dzvinock
"C:\\msys64\\mingw64\\lib\\go\\pkg\\tool\\windows_amd64\\compile.exe" -o "$WORK\\b034\\_pkg_.a" -trimpath "$WORK\\b034=>" -p internal/trace/tracev2 -lang=go1.27 -std -complete -buildid Ax1ToXR2WryUYsNdPPn6/Ax1ToXR2WryUYsNdPPn6 -goversion go1.27.0 -c=5 -nolocalimports -importcfg "$WORK\\b034\\importcfg" -pack "C:\\msys64\\mingw64\\lib\\go\\src\\internal\\trace\\tracev2\\doc.go" "C:\\msys64\\mingw64\\lib\\go\\src\\internal\\trace\\tracev2\\events.go" "C:\\msys64\\mingw64\\lib\\go\\src\\internal\\trace\\tracev2\\spec.go"
go tool buildid -w "$WORK\\b030\\_pkg_.a" # internal
cp "$WORK\\b030\\_pkg_.a" "C:\\Users\\sanya\\AppData\\Local\\go-build\\60\\6054c348b7f958e6bbae6c2110055c4460101ec9b05cd5546f8b4a8314b6dd18-d" # internal
mkdir -p $WORK\b041\
unicode/utf8
cd C:\msys64\mingw64\lib\go\src\internal\runtime\atomic
"C:\\msys64\\mingw64\\lib\\go\\pkg\\tool\\windows_amd64\\asm.exe" -p internal/runtime/atomic -trimpath "$WORK\\b019=>" -I "$WORK\\b019\\" -I "C:\\msys64\\mingw64\\lib\\go\\pkg\\include" -D GOOS_windows -D GOARCH_amd64 -std -D GOAMD64_v1 -o "$WORK\\b019\\atomic_amd64.o" "C:\\msys64\\mingw64\\lib\\go\\src\\internal\\runtime\\atomic\\atomic_amd64.s"
echo '# import config' > $WORK\b041\importcfg # internal
cd C:\Users\sanya\Desktop\Dzvinock
"C:\\msys64\\mingw64\\lib\\go\\pkg\\tool\\windows_amd64\\compile.exe" -o "$WORK\\b041\\_pkg_.a" -trimpath "$WORK\\b041=>" -p unicode/utf8 -lang=go1.27 -std -complete -buildid 3U0OJqnnsXdEVAhsuYop/3U0OJqnnsXdEVAhsuYop -goversion go1.27.0 -c=7 -nolocalimports -importcfg "$WORK\\b041\\importcfg" -pack "C:\\msys64\\mingw64\\lib\\go\\src\\unicode\\utf8\\utf8.go"
cd C:\msys64\mingw64\lib\go\src\internal\cpu
"C:\\msys64\\mingw64\\lib\\go\\pkg\\tool\\windows_amd64\\asm.exe" -p internal/cpu -trimpath "$WORK\\b011=>" -I "$WORK\\b011\\" -I "C:\\msys64\\mingw64\\lib\\go\\pkg\\include" -D GOOS_windows -D GOARCH_amd64 -std -D GOAMD64_v1 -o "$WORK\\b011\\cpu_x86.o" "C:\\msys64\\mingw64\\lib\\go\\src\\internal\\cpu\\cpu_x86.s"
go tool buildid -w "$WORK\\b029\\_pkg_.a" # internal
go tool buildid -w "$WORK\\b036\\_pkg_.a" # internal
cp "$WORK\\b036\\_pkg_.a" "C:\\Users\\sanya\\AppData\\Local\\go-build\\03\\0312f3a427fd58aac789a24a72093044655e4a0f9c52e609e10bff9d637eb74f-d" # internal
mkdir -p $WORK\b044\
sync/atomic
echo -n > $WORK\b044\go_asm.h # internal
cd C:\msys64\mingw64\lib\go\src\sync\atomic
"C:\\msys64\\mingw64\\lib\\go\\pkg\\tool\\windows_amd64\\asm.exe" -p sync/atomic -trimpath "$WORK\\b044=>" -I "$WORK\\b044\\" -I "C:\\msys64\\mingw64\\lib\\go\\pkg\\include" -D GOOS_windows -D GOARCH_amd64 -std -D GOAMD64_v1 -gensymabis -o "$WORK\\b044\\symabis" "C:\\msys64\\mingw64\\lib\\go\\src\\sync\\atomic\\asm.s"
cp "$WORK\\b029\\_pkg_.a" "C:\\Users\\sanya\\AppData\\Local\\go-build\\13\\13b1fc501599601a58f32dc188937de859c19e79f638828d4fec3aeca6e92a6c-d" # internal
mkdir -p $WORK\b032\
internal/strconv
cat >C:\Users\sanya\AppData\Local\Temp\go-build1247343387\b032\importcfg << 'EOF' # internal
# import config
packagefile math/bits=C:\Users\sanya\AppData\Local\Temp\go-build1247343387\b029\_pkg_.a
EOF
cd C:\Users\sanya\Desktop\Dzvinock
"C:\\msys64\\mingw64\\lib\\go\\pkg\\tool\\windows_amd64\\compile.exe" -o "$WORK\\b032\\_pkg_.a" -trimpath "$WORK\\b032=>" -p internal/strconv -lang=go1.27 -std -complete -buildid psLGNwvJ2ERKxG9olzod/psLGNwvJ2ERKxG9olzod -goversion go1.27.0 -c=7 -nolocalimports -importcfg "$WORK\\b032\\importcfg" -pack "C:\\msys64\\mingw64\\lib\\go\\src\\internal\\strconv\\atob.go" "C:\\msys64\\mingw64\\lib\\go\\src\\internal\\strconv\\atoc.go" "C:\\msys64\\mingw64\\lib\\go\\src\\internal\\strconv\\atof.go" "C:\\msys64\\mingw64\\lib\\go\\src\\internal\\strconv\\atoi.go" "C:\\msys64\\mingw64\\lib\\go\\src\\internal\\strconv\\ctoa.go" "C:\\msys64\\mingw64\\lib\\go\\src\\internal\\strconv\\decimal.go" "C:\\msys64\\mingw64\\lib\\go\\src\\internal\\strconv\\deps.go" "C:\\msys64\\mingw64\\lib\\go\\src\\internal\\strconv\\ftoa.go" "C:\\msys64\\mingw64\\lib\\go\\src\\internal\\strconv\\itoa.go" "C:\\msys64\\mingw64\\lib\\go\\src\\internal\\strconv\\pow10tab.go" "C:\\msys64\\mingw64\\lib\\go\\src\\internal\\strconv\\uscale.go"
cd C:\msys64\mingw64\lib\go\src\internal\runtime\sys
go tool pack r "$WORK\\b023\\_pkg_.a" "$WORK\\b023\\empty.o" # internal
go tool buildid -w "$WORK\\b023\\_pkg_.a" # internal
cd C:\msys64\mingw64\lib\go\src\internal\runtime\atomic
go tool pack r "$WORK\\b019\\_pkg_.a" "$WORK\\b019\\atomic_amd64.o" # internal
go tool buildid -w "$WORK\\b019\\_pkg_.a" # internal
go tool buildid -w "$WORK\\b034\\_pkg_.a" # internal
cp "$WORK\\b023\\_pkg_.a" "C:\\Users\\sanya\\AppData\\Local\\go-build\\a5\\a5812bf07c33e258940536d61de4f38208cfeb198e95ee659fb67ed4dc1a0f3c-d" # internal
mkdir -p $WORK\b046\
unicode
go tool buildid -w "$WORK\\b041\\_pkg_.a" # internal
echo '# import config' > $WORK\b044\importcfg # internal
cd C:\Users\sanya\Desktop\Dzvinock
"C:\\msys64\\mingw64\\lib\\go\\pkg\\tool\\windows_amd64\\compile.exe" -o "$WORK\\b044\\_pkg_.a" -trimpath "$WORK\\b044=>" -p sync/atomic -lang=go1.27 -std -buildid QlEqdBgzvxTrVvQohb01/QlEqdBgzvxTrVvQohb01 -goversion go1.27.0 -symabis "$WORK\\b044\\symabis" -c=8 -nolocalimports -importcfg "$WORK\\b044\\importcfg" -pack -asmhdr "$WORK\\b044\\go_asm.h" "C:\\msys64\\mingw64\\lib\\go\\src\\sync\\atomic\\doc.go" "C:\\msys64\\mingw64\\lib\\go\\src\\sync\\atomic\\doc_64.go" "C:\\msys64\\mingw64\\lib\\go\\src\\sync\\atomic\\type.go" "C:\\msys64\\mingw64\\lib\\go\\src\\sync\\atomic\\value.go"
echo '# import config' > $WORK\b046\importcfg # internal
"C:\\msys64\\mingw64\\lib\\go\\pkg\\tool\\windows_amd64\\compile.exe" -o "$WORK\\b046\\_pkg_.a" -trimpath "$WORK\\b046=>" -p unicode -lang=go1.27 -std -complete -buildid wVkt6535AavClgXdDsMS/wVkt6535AavClgXdDsMS -goversion go1.27.0 -c=6 -nolocalimports -importcfg "$WORK\\b046\\importcfg" -pack "C:\\msys64\\mingw64\\lib\\go\\src\\unicode\\casetables.go" "C:\\msys64\\mingw64\\lib\\go\\src\\unicode\\digit.go" "C:\\msys64\\mingw64\\lib\\go\\src\\unicode\\graphic.go" "C:\\msys64\\mingw64\\lib\\go\\src\\unicode\\letter.go" "C:\\msys64\\mingw64\\lib\\go\\src\\unicode\\tables.go"
cp "$WORK\\b034\\_pkg_.a" "C:\\Users\\sanya\\AppData\\Local\\go-build\\af\\affce7868a4270ec040a6551221973a1dd3bf74abcce65ace99eda58a6a22c8c-d" # internal
mkdir -p $WORK\b053\
internal/syscall/windows/sysdll
cd C:\msys64\mingw64\lib\go\src\internal\cpu
go tool pack r "$WORK\\b011\\_pkg_.a" "$WORK\\b011\\cpu.o" "$WORK\\b011\\cpu_x86.o" # internal
go tool buildid -w "$WORK\\b011\\_pkg_.a" # internal
echo '# import config' > $WORK\b053\importcfg # internal
cd C:\Users\sanya\Desktop\Dzvinock
"C:\\msys64\\mingw64\\lib\\go\\pkg\\tool\\windows_amd64\\compile.exe" -o "$WORK\\b053\\_pkg_.a" -trimpath "$WORK\\b053=>" -p internal/syscall/windows/sysdll -lang=go1.27 -std -complete -buildid Sj3Txs8GWnNUsrJA6BV9/Sj3Txs8GWnNUsrJA6BV9 -goversion go1.27.0 -c=5 -nolocalimports -importcfg "$WORK\\b053\\importcfg" -pack "C:\\msys64\\mingw64\\lib\\go\\src\\internal\\syscall\\windows\\sysdll\\sysdll.go"
cp "$WORK\\b041\\_pkg_.a" "C:\\Users\\sanya\\AppData\\Local\\go-build\\d8\\d88e8bd13ef9786fd5ac0c9cc550ea26e411e7cbd9d553580d7206fae2d13fd3-d" # internal
mkdir -p $WORK\b054\
structs
echo '# import config' > $WORK\b054\importcfg # internal
"C:\\msys64\\mingw64\\lib\\go\\pkg\\tool\\windows_amd64\\compile.exe" -o "$WORK\\b054\\_pkg_.a" -trimpath "$WORK\\b054=>" -p structs -lang=go1.27 -std -complete -buildid RFLBxwadLCYnt9TmZP-A/RFLBxwadLCYnt9TmZP-A -goversion go1.27.0 -c=4 -nolocalimports -importcfg "$WORK\\b054\\importcfg" -pack "C:\\msys64\\mingw64\\lib\\go\\src\\structs\\doc.go" "C:\\msys64\\mingw64\\lib\\go\\src\\structs\\hostlayout.go"
cp "$WORK\\b019\\_pkg_.a" "C:\\Users\\sanya\\AppData\\Local\\go-build\\31\\31506553d157349889c60d44e1b0627ff830be4fef0acd15282062bd393280fc-d" # internal
mkdir -p $WORK\b020\
internal/runtime/exithook
cat >C:\Users\sanya\AppData\Local\Temp\go-build1247343387\b020\importcfg << 'EOF' # internal
# import config
packagefile internal/runtime/atomic=C:\Users\sanya\AppData\Local\Temp\go-build1247343387\b019\_pkg_.a
EOF
"C:\\msys64\\mingw64\\lib\\go\\pkg\\tool\\windows_amd64\\compile.exe" -o "$WORK\\b020\\_pkg_.a" -trimpath "$WORK\\b020=>" -p internal/runtime/exithook -lang=go1.27 -std -complete -buildid nbkPuOPuGZoYusKpjaQ9/nbkPuOPuGZoYusKpjaQ9 -goversion go1.27.0 -c=4 -nolocalimports -importcfg "$WORK\\b020\\importcfg" -pack "C:\\msys64\\mingw64\\lib\\go\\src\\internal\\runtime\\exithook\\hooks.go"
go tool buildid -w "$WORK\\b054\\_pkg_.a" # internal
cp "$WORK\\b054\\_pkg_.a" "C:\\Users\\sanya\\AppData\\Local\\go-build\\6a\\6a7738589ea02b1ced9e9c049680a6450d84510d43e0b6cae71692ca62d570b4-d" # internal
mkdir -p $WORK\b056\
unicode/utf16
echo '# import config' > $WORK\b056\importcfg # internal
"C:\\msys64\\mingw64\\lib\\go\\pkg\\tool\\windows_amd64\\compile.exe" -o "$WORK\\b056\\_pkg_.a" -trimpath "$WORK\\b056=>" -p unicode/utf16 -lang=go1.27 -std -complete -buildid GzBh-qF7X3HospnhRNTn/GzBh-qF7X3HospnhRNTn -goversion go1.27.0 -c=4 -nolocalimports -importcfg "$WORK\\b056\\importcfg" -pack "C:\\msys64\\mingw64\\lib\\go\\src\\unicode\\utf16\\utf16.go"
cp "$WORK\\b011\\_pkg_.a" "C:\\Users\\sanya\\AppData\\Local\\go-build\\90\\907a1490f300600e3bb9e4ded6dc65e183147f14afa51a683dcdeada1b959542-d" # internal
mkdir -p $WORK\b010\
internal/bytealg
echo -n > $WORK\b010\go_asm.h # internal
cd C:\msys64\mingw64\lib\go\src\internal\bytealg
"C:\\msys64\\mingw64\\lib\\go\\pkg\\tool\\windows_amd64\\asm.exe" -p internal/bytealg -trimpath "$WORK\\b010=>" -I "$WORK\\b010\\" -I "C:\\msys64\\mingw64\\lib\\go\\pkg\\include" -D GOOS_windows -D GOARCH_amd64 -std -D GOAMD64_v1 -gensymabis -o "$WORK\\b010\\symabis" "C:\\msys64\\mingw64\\lib\\go\\src\\internal\\bytealg\\compare_amd64.s" "C:\\msys64\\mingw64\\lib\\go\\src\\internal\\bytealg\\count_amd64.s" "C:\\msys64\\mingw64\\lib\\go\\src\\internal\\bytealg\\equal_amd64.s" "C:\\msys64\\mingw64\\lib\\go\\src\\internal\\bytealg\\index_amd64.s" "C:\\msys64\\mingw64\\lib\\go\\src\\internal\\bytealg\\indexbyte_amd64.s"
go tool buildid -w "$WORK\\b053\\_pkg_.a" # internal
cd C:\msys64\mingw64\lib\go\src\sync\atomic
"C:\\msys64\\mingw64\\lib\\go\\pkg\\tool\\windows_amd64\\asm.exe" -p sync/atomic -trimpath "$WORK\\b044=>" -I "$WORK\\b044\\" -I "C:\\msys64\\mingw64\\lib\\go\\pkg\\include" -D GOOS_windows -D GOARCH_amd64 -std -D GOAMD64_v1 -o "$WORK\\b044\\asm.o" "C:\\msys64\\mingw64\\lib\\go\\src\\sync\\atomic\\asm.s"
cp "$WORK\\b053\\_pkg_.a" "C:\\Users\\sanya\\AppData\\Local\\go-build\\7e\\7e9b440caeb4c0ee621cfb419615763935beb10cfd8e6d5569af367d31411d6d-d" # internal
mkdir -p $WORK\b013\
internal/chacha8rand
echo -n > $WORK\b013\go_asm.h # internal
cd C:\msys64\mingw64\lib\go\src\internal\chacha8rand
"C:\\msys64\\mingw64\\lib\\go\\pkg\\tool\\windows_amd64\\asm.exe" -p internal/chacha8rand -trimpath "$WORK\\b013=>" -I "$WORK\\b013\\" -I "C:\\msys64\\mingw64\\lib\\go\\pkg\\include" -D GOOS_windows -D GOARCH_amd64 -std -D GOAMD64_v1 -gensymabis -o "$WORK\\b013\\symabis" "C:\\msys64\\mingw64\\lib\\go\\src\\internal\\chacha8rand\\chacha8_amd64.s"
go tool buildid -w "$WORK\\b020\\_pkg_.a" # internal
cp "$WORK\\b020\\_pkg_.a" "C:\\Users\\sanya\\AppData\\Local\\go-build\\58\\584eeeabb1b282189374491901ca3d9026c8959f9abe5dc4e97558b60fcb03f3-d" # internal
mkdir -p $WORK\b022\
internal/runtime/gc/scan
echo -n > $WORK\b022\go_asm.h # internal
cd C:\msys64\mingw64\lib\go\src\internal\runtime\gc\scan
"C:\\msys64\\mingw64\\lib\\go\\pkg\\tool\\windows_amd64\\asm.exe" -p internal/runtime/gc/scan -trimpath "$WORK\\b022=>" -I "$WORK\\b022\\" -I "C:\\msys64\\mingw64\\lib\\go\\pkg\\include" -D GOOS_windows -D GOARCH_amd64 -std -D GOAMD64_v1 -gensymabis -o "$WORK\\b022\\symabis" "C:\\msys64\\mingw64\\lib\\go\\src\\internal\\runtime\\gc\\scan\\expand_amd64.s" "C:\\msys64\\mingw64\\lib\\go\\src\\internal\\runtime\\gc\\scan\\filter_amd64.s" "C:\\msys64\\mingw64\\lib\\go\\src\\internal\\runtime\\gc\\scan\\scan_amd64.s"
go tool buildid -w "$WORK\\b032\\_pkg_.a" # internal
cd C:\msys64\mingw64\lib\go\src\internal\abi
"C:\\msys64\\mingw64\\lib\\go\\pkg\\tool\\windows_amd64\\asm.exe" -p internal/abi -trimpath "$WORK\\b005=>" -I "$WORK\\b005\\" -I "C:\\msys64\\mingw64\\lib\\go\\pkg\\include" -D GOOS_windows -D GOARCH_amd64 -std -D GOAMD64_v1 -o "$WORK\\b005\\abi_test.o" "C:\\msys64\\mingw64\\lib\\go\\src\\internal\\abi\\abi_test.s"
cp "$WORK\\b032\\_pkg_.a" "C:\\Users\\sanya\\AppData\\Local\\go-build\\44\\444087aff636f16a670aaea467d065b315da41d9fa7929679dd56ca61040642a-d" # internal
mkdir -p $WORK\b039\
math
echo -n > $WORK\b039\go_asm.h # internal
cd C:\msys64\mingw64\lib\go\src\math
"C:\\msys64\\mingw64\\lib\\go\\pkg\\tool\\windows_amd64\\asm.exe" -p math -trimpath "$WORK\\b039=>" -I "$WORK\\b039\\" -I "C:\\msys64\\mingw64\\lib\\go\\pkg\\include" -D GOOS_windows -D GOARCH_amd64 -std -D GOAMD64_v1 -gensymabis -o "$WORK\\b039\\symabis" "C:\\msys64\\mingw64\\lib\\go\\src\\math\\dim_amd64.s" "C:\\msys64\\mingw64\\lib\\go\\src\\math\\exp_amd64.s" "C:\\msys64\\mingw64\\lib\\go\\src\\math\\floor_amd64.s" "C:\\msys64\\mingw64\\lib\\go\\src\\math\\hypot_amd64.s" "C:\\msys64\\mingw64\\lib\\go\\src\\math\\log_amd64.s"
cat >C:\Users\sanya\AppData\Local\Temp\go-build1247343387\b013\importcfg << 'EOF' # internal
# import config
packagefile internal/byteorder=C:\Users\sanya\AppData\Local\Temp\go-build1247343387\b012\_pkg_.a
packagefile internal/cpu=C:\Users\sanya\AppData\Local\Temp\go-build1247343387\b011\_pkg_.a
packagefile internal/goarch=C:\Users\sanya\AppData\Local\Temp\go-build1247343387\b006\_pkg_.a
EOF
cd C:\Users\sanya\Desktop\Dzvinock
"C:\\msys64\\mingw64\\lib\\go\\pkg\\tool\\windows_amd64\\compile.exe" -o "$WORK\\b013\\_pkg_.a" -trimpath "$WORK\\b013=>" -p internal/chacha8rand -lang=go1.27 -std -buildid QP-kiBWHsgMzm_g2q-NB/QP-kiBWHsgMzm_g2q-NB -goversion go1.27.0 -symabis "$WORK\\b013\\symabis" -c=8 -nolocalimports -importcfg "$WORK\\b013\\importcfg" -pack -asmhdr "$WORK\\b013\\go_asm.h" "C:\\msys64\\mingw64\\lib\\go\\src\\internal\\chacha8rand\\chacha8.go" "C:\\msys64\\mingw64\\lib\\go\\src\\internal\\chacha8rand\\chacha8_generic.go"
cat >C:\Users\sanya\AppData\Local\Temp\go-build1247343387\b022\importcfg << 'EOF' # internal
# import config
packagefile internal/cpu=C:\Users\sanya\AppData\Local\Temp\go-build1247343387\b011\_pkg_.a
packagefile internal/goarch=C:\Users\sanya\AppData\Local\Temp\go-build1247343387\b006\_pkg_.a
packagefile internal/runtime/gc=C:\Users\sanya\AppData\Local\Temp\go-build1247343387\b021\_pkg_.a
packagefile internal/runtime/sys=C:\Users\sanya\AppData\Local\Temp\go-build1247343387\b023\_pkg_.a
EOF
"C:\\msys64\\mingw64\\lib\\go\\pkg\\tool\\windows_amd64\\compile.exe" -o "$WORK\\b022\\_pkg_.a" -trimpath "$WORK\\b022=>" -p internal/runtime/gc/scan -lang=go1.27 -std -buildid cRi5OLHCr8PbjbUUE7FI/cRi5OLHCr8PbjbUUE7FI -goversion go1.27.0 -symabis "$WORK\\b022\\symabis" -c=7 -nolocalimports -importcfg "$WORK\\b022\\importcfg" -pack -asmhdr "$WORK\\b022\\go_asm.h" "C:\\msys64\\mingw64\\lib\\go\\src\\internal\\runtime\\gc\\scan\\expand_amd64.go" "C:\\msys64\\mingw64\\lib\\go\\src\\internal\\runtime\\gc\\scan\\expand_reference.go" "C:\\msys64\\mingw64\\lib\\go\\src\\internal\\runtime\\gc\\scan\\filter.go" "C:\\msys64\\mingw64\\lib\\go\\src\\internal\\runtime\\gc\\scan\\filter_amd64.go" "C:\\msys64\\mingw64\\lib\\go\\src\\internal\\runtime\\gc\\scan\\scan_amd64.go" "C:\\msys64\\mingw64\\lib\\go\\src\\internal\\runtime\\gc\\scan\\scan_go.go" "C:\\msys64\\mingw64\\lib\\go\\src\\internal\\runtime\\gc\\scan\\scan_reference.go"
cat >C:\Users\sanya\AppData\Local\Temp\go-build1247343387\b010\importcfg << 'EOF' # internal
# import config
packagefile internal/cpu=C:\Users\sanya\AppData\Local\Temp\go-build1247343387\b011\_pkg_.a
EOF
"C:\\msys64\\mingw64\\lib\\go\\pkg\\tool\\windows_amd64\\compile.exe" -o "$WORK\\b010\\_pkg_.a" -trimpath "$WORK\\b010=>" -p internal/bytealg -lang=go1.27 -std -buildid QSuJVuOhMGx_7rASK1An/QSuJVuOhMGx_7rASK1An -goversion go1.27.0 -symabis "$WORK\\b010\\symabis" -c=5 -nolocalimports -importcfg "$WORK\\b010\\importcfg" -pack -asmhdr "$WORK\\b010\\go_asm.h" "C:\\msys64\\mingw64\\lib\\go\\src\\internal\\bytealg\\bytealg.go" "C:\\msys64\\mingw64\\lib\\go\\src\\internal\\bytealg\\compare_native.go" "C:\\msys64\\mingw64\\lib\\go\\src\\internal\\bytealg\\count_native.go" "C:\\msys64\\mingw64\\lib\\go\\src\\internal\\bytealg\\equal_generic.go" "C:\\msys64\\mingw64\\lib\\go\\src\\internal\\bytealg\\equal_native.go" "C:\\msys64\\mingw64\\lib\\go\\src\\internal\\bytealg\\index_amd64.go" "C:\\msys64\\mingw64\\lib\\go\\src\\internal\\bytealg\\index_native.go" "C:\\msys64\\mingw64\\lib\\go\\src\\internal\\bytealg\\indexbyte_native.go" "C:\\msys64\\mingw64\\lib\\go\\src\\internal\\bytealg\\lastindexbyte_generic.go"
cd C:\msys64\mingw64\lib\go\src\internal\abi
"C:\\msys64\\mingw64\\lib\\go\\pkg\\tool\\windows_amd64\\asm.exe" -p internal/abi -trimpath "$WORK\\b005=>" -I "$WORK\\b005\\" -I "C:\\msys64\\mingw64\\lib\\go\\pkg\\include" -D GOOS_windows -D GOARCH_amd64 -std -D GOAMD64_v1 -o "$WORK\\b005\\stub.o" "C:\\msys64\\mingw64\\lib\\go\\src\\internal\\abi\\stub.s"
go tool buildid -w "$WORK\\b046\\_pkg_.a" # internal
cd C:\msys64\mingw64\lib\go\src\internal\chacha8rand
"C:\\msys64\\mingw64\\lib\\go\\pkg\\tool\\windows_amd64\\asm.exe" -p internal/chacha8rand -trimpath "$WORK\\b013=>" -I "$WORK\\b013\\" -I "C:\\msys64\\mingw64\\lib\\go\\pkg\\include" -D GOOS_windows -D GOARCH_amd64 -std -D GOAMD64_v1 -o "$WORK\\b013\\chacha8_amd64.o" "C:\\msys64\\mingw64\\lib\\go\\src\\internal\\chacha8rand\\chacha8_amd64.s"
cat >C:\Users\sanya\AppData\Local\Temp\go-build1247343387\b039\importcfg << 'EOF' # internal
# import config
packagefile internal/cpu=C:\Users\sanya\AppData\Local\Temp\go-build1247343387\b011\_pkg_.a
packagefile math/bits=C:\Users\sanya\AppData\Local\Temp\go-build1247343387\b029\_pkg_.a
EOF
cd C:\Users\sanya\Desktop\Dzvinock
"C:\\msys64\\mingw64\\lib\\go\\pkg\\tool\\windows_amd64\\compile.exe" -o "$WORK\\b039\\_pkg_.a" -trimpath "$WORK\\b039=>" -p math -lang=go1.27 -std -buildid qFbj94R7UT25UJ54_GdD/qFbj94R7UT25UJ54_GdD -goversion go1.27.0 -symabis "$WORK\\b039\\symabis" -c=8 -nolocalimports -importcfg "$WORK\\b039\\importcfg" -pack -asmhdr "$WORK\\b039\\go_asm.h" "C:\\msys64\\mingw64\\lib\\go\\src\\math\\abs.go" "C:\\msys64\\mingw64\\lib\\go\\src\\math\\acosh.go" "C:\\msys64\\mingw64\\lib\\go\\src\\math\\asin.go" "C:\\msys64\\mingw64\\lib\\go\\src\\math\\asinh.go" "C:\\msys64\\mingw64\\lib\\go\\src\\math\\atan.go" "C:\\msys64\\mingw64\\lib\\go\\src\\math\\atan2.go" "C:\\msys64\\mingw64\\lib\\go\\src\\math\\atanh.go" "C:\\msys64\\mingw64\\lib\\go\\src\\math\\bits.go" "C:\\msys64\\mingw64\\lib\\go\\src\\math\\cbrt.go" "C:\\msys64\\mingw64\\lib\\go\\src\\math\\const.go" "C:\\msys64\\mingw64\\lib\\go\\src\\math\\copysign.go" "C:\\msys64\\mingw64\\lib\\go\\src\\math\\dim.go" "C:\\msys64\\mingw64\\lib\\go\\src\\math\\dim_asm.go" "C:\\msys64\\mingw64\\lib\\go\\src\\math\\erf.go" "C:\\msys64\\mingw64\\lib\\go\\src\\math\\erfinv.go" "C:\\msys64\\mingw64\\lib\\go\\src\\math\\exp.go" "C:\\msys64\\mingw64\\lib\\go\\src\\math\\exp2_noasm.go" "C:\\msys64\\mingw64\\lib\\go\\src\\math\\exp_amd64.go" "C:\\msys64\\mingw64\\lib\\go\\src\\math\\exp_asm.go" "C:\\msys64\\mingw64\\lib\\go\\src\\math\\expm1.go" "C:\\msys64\\mingw64\\lib\\go\\src\\math\\floor.go" "C:\\msys64\\mingw64\\lib\\go\\src\\math\\floor_asm.go" "C:\\msys64\\mingw64\\lib\\go\\src\\math\\fma.go" "C:\\msys64\\mingw64\\lib\\go\\src\\math\\frexp.go" "C:\\msys64\\mingw64\\lib\\go\\src\\math\\gamma.go" "C:\\msys64\\mingw64\\lib\\go\\src\\math\\hypot.go" "C:\\msys64\\mingw64\\lib\\go\\src\\math\\hypot_asm.go" "C:\\msys64\\mingw64\\lib\\go\\src\\math\\j0.go" "C:\\msys64\\mingw64\\lib\\go\\src\\math\\j1.go" "C:\\msys64\\mingw64\\lib\\go\\src\\math\\jn.go" "C:\\msys64\\mingw64\\lib\\go\\src\\math\\ldexp.go" "C:\\msys64\\mingw64\\lib\\go\\src\\math\\lgamma.go" "C:\\msys64\\mingw64\\lib\\go\\src\\math\\log.go" "C:\\msys64\\mingw64\\lib\\go\\src\\math\\log10.go" "C:\\msys64\\mingw64\\lib\\go\\src\\math\\log1p.go" "C:\\msys64\\mingw64\\lib\\go\\src\\math\\log_asm.go" "C:\\msys64\\mingw64\\lib\\go\\src\\math\\logb.go" "C:\\msys64\\mingw64\\lib\\go\\src\\math\\mod.go" "C:\\msys64\\mingw64\\lib\\go\\src\\math\\modf.go" "C:\\msys64\\mingw64\\lib\\go\\src\\math\\nextafter.go" "C:\\msys64\\mingw64\\lib\\go\\src\\math\\pow.go" "C:\\msys64\\mingw64\\lib\\go\\src\\math\\pow10.go" "C:\\msys64\\mingw64\\lib\\go\\src\\math\\remainder.go" "C:\\msys64\\mingw64\\lib\\go\\src\\math\\signbit.go" "C:\\msys64\\mingw64\\lib\\go\\src\\math\\sin.go" "C:\\msys64\\mingw64\\lib\\go\\src\\math\\sincos.go" "C:\\msys64\\mingw64\\lib\\go\\src\\math\\sinh.go" "C:\\msys64\\mingw64\\lib\\go\\src\\math\\sqrt.go" "C:\\msys64\\mingw64\\lib\\go\\src\\math\\stubs.go" "C:\\msys64\\mingw64\\lib\\go\\src\\math\\tan.go" "C:\\msys64\\mingw64\\lib\\go\\src\\math\\tanh.go" "C:\\msys64\\mingw64\\lib\\go\\src\\math\\trig_reduce.go" "C:\\msys64\\mingw64\\lib\\go\\src\\math\\unsafe.go"
go tool buildid -w "$WORK\\b056\\_pkg_.a" # internal
cp "$WORK\\b046\\_pkg_.a" "C:\\Users\\sanya\\AppData\\Local\\go-build\\25\\25349aeee3857923318c41b0c1a0ad095ebc817c3eec80cbb9fde0de3849d8ee-d" # internal
mkdir -p $WORK\b071\
image/color
echo '# import config' > $WORK\b071\importcfg # internal
cd C:\msys64\mingw64\lib\go\src\sync\atomic
go tool pack r "$WORK\\b044\\_pkg_.a" "$WORK\\b044\\asm.o" # internal
cd C:\Users\sanya\Desktop\Dzvinock
"C:\\msys64\\mingw64\\lib\\go\\pkg\\tool\\windows_amd64\\compile.exe" -o "$WORK\\b071\\_pkg_.a" -trimpath "$WORK\\b071=>" -p image/color -lang=go1.27 -std -complete -buildid qahF5XbLcHZ242hNXfyG/qahF5XbLcHZ242hNXfyG -goversion go1.27.0 -c=6 -nolocalimports -importcfg "$WORK\\b071\\importcfg" -pack "C:\\msys64\\mingw64\\lib\\go\\src\\image\\color\\color.go" "C:\\msys64\\mingw64\\lib\\go\\src\\image\\color\\ycbcr.go"
cd C:\msys64\mingw64\lib\go\src\internal\runtime\gc\scan
"C:\\msys64\\mingw64\\lib\\go\\pkg\\tool\\windows_amd64\\asm.exe" -p internal/runtime/gc/scan -trimpath "$WORK\\b022=>" -I "$WORK\\b022\\" -I "C:\\msys64\\mingw64\\lib\\go\\pkg\\include" -D GOOS_windows -D GOARCH_amd64 -std -D GOAMD64_v1 -o "$WORK\\b022\\expand_amd64.o" "C:\\msys64\\mingw64\\lib\\go\\src\\internal\\runtime\\gc\\scan\\expand_amd64.s"
cd C:\msys64\mingw64\lib\go\src\internal\abi
go tool pack r "$WORK\\b005\\_pkg_.a" "$WORK\\b005\\abi_test.o" "$WORK\\b005\\stub.o" # internal
cp "$WORK\\b056\\_pkg_.a" "C:\\Users\\sanya\\AppData\\Local\\go-build\\8a\\8a71910763008cc4cf9eb38b9c1bf44f02727b8c4ac5d6db834107fb5ce6f964-d" # internal
mkdir -p $WORK\b073\
go tool buildid -w "$WORK\\b005\\_pkg_.a" # internal
log/internal
echo '# import config' > $WORK\b073\importcfg # internal
cd C:\Users\sanya\Desktop\Dzvinock
"C:\\msys64\\mingw64\\lib\\go\\pkg\\tool\\windows_amd64\\compile.exe" -o "$WORK\\b073\\_pkg_.a" -trimpath "$WORK\\b073=>" -p log/internal -lang=go1.27 -std -complete -buildid U33B_M7XZYvuBwuznykH/U33B_M7XZYvuBwuznykH -goversion go1.27.0 -c=6 -nolocalimports -importcfg "$WORK\\b073\\importcfg" -pack "C:\\msys64\\mingw64\\lib\\go\\src\\log\\internal\\internal.go"
cd C:\msys64\mingw64\lib\go\src\internal\bytealg
"C:\\msys64\\mingw64\\lib\\go\\pkg\\tool\\windows_amd64\\asm.exe" -p internal/bytealg -trimpath "$WORK\\b010=>" -I "$WORK\\b010\\" -I "C:\\msys64\\mingw64\\lib\\go\\pkg\\include" -D GOOS_windows -D GOARCH_amd64 -std -D GOAMD64_v1 -o "$WORK\\b010\\compare_amd64.o" "C:\\msys64\\mingw64\\lib\\go\\src\\internal\\bytealg\\compare_amd64.s"
go tool buildid -w "$WORK\\b044\\_pkg_.a" # internal
cd C:\msys64\mingw64\lib\go\src\internal\chacha8rand
go tool pack r "$WORK\\b013\\_pkg_.a" "$WORK\\b013\\chacha8_amd64.o" # internal
go tool buildid -w "$WORK\\b013\\_pkg_.a" # internal
cp "$WORK\\b005\\_pkg_.a" "C:\\Users\\sanya\\AppData\\Local\\go-build\\dd\\ddca3c3dd4ebaada938151abc9dbf469b0350679142e8adc3bb7e3bad19046f7-d" # internal
mkdir -p $WORK\b027\
internal/race
cat >C:\Users\sanya\AppData\Local\Temp\go-build1247343387\b027\importcfg << 'EOF' # internal
# import config
packagefile internal/abi=C:\Users\sanya\AppData\Local\Temp\go-build1247343387\b005\_pkg_.a
EOF
cd C:\Users\sanya\Desktop\Dzvinock
"C:\\msys64\\mingw64\\lib\\go\\pkg\\tool\\windows_amd64\\compile.exe" -o "$WORK\\b027\\_pkg_.a" -trimpath "$WORK\\b027=>" -p internal/race -lang=go1.27 -std -complete -buildid X-6uDKf9oyaDcuP1FkQ0/X-6uDKf9oyaDcuP1FkQ0 -goversion go1.27.0 -c=6 -nolocalimports -importcfg "$WORK\\b027\\importcfg" -pack "C:\\msys64\\mingw64\\lib\\go\\src\\internal\\race\\doc.go" "C:\\msys64\\mingw64\\lib\\go\\src\\internal\\race\\norace.go"
cp "$WORK\\b013\\_pkg_.a" "C:\\Users\\sanya\\AppData\\Local\\go-build\\51\\510fa5e222acff7a46ad8a6a5cf267307221a255ad35922f425c59a62eb9457a-d" # internal
mkdir -p $WORK\b031\
internal/runtime/syscall/windows
echo -n > $WORK\b031\go_asm.h # internal
cd C:\msys64\mingw64\lib\go\src\internal\runtime\syscall\windows
"C:\\msys64\\mingw64\\lib\\go\\pkg\\tool\\windows_amd64\\asm.exe" -p internal/runtime/syscall/windows -trimpath "$WORK\\b031=>" -I "$WORK\\b031\\" -I "C:\\msys64\\mingw64\\lib\\go\\pkg\\include" -D GOOS_windows -D GOARCH_amd64 -std -D GOAMD64_v1 -gensymabis -o "$WORK\\b031\\symabis" "C:\\msys64\\mingw64\\lib\\go\\src\\internal\\runtime\\syscall\\windows\\asm_windows_amd64.s"
cd C:\msys64\mingw64\lib\go\src\internal\runtime\gc\scan
"C:\\msys64\\mingw64\\lib\\go\\pkg\\tool\\windows_amd64\\asm.exe" -p internal/runtime/gc/scan -trimpath "$WORK\\b022=>" -I "$WORK\\b022\\" -I "C:\\msys64\\mingw64\\lib\\go\\pkg\\include" -D GOOS_windows -D GOARCH_amd64 -std -D GOAMD64_v1 -o "$WORK\\b022\\filter_amd64.o" "C:\\msys64\\mingw64\\lib\\go\\src\\internal\\runtime\\gc\\scan\\filter_amd64.s"
go tool buildid -w "$WORK\\b073\\_pkg_.a" # internal
cp "$WORK\\b044\\_pkg_.a" "C:\\Users\\sanya\\AppData\\Local\\go-build\\61\\61d9d5f2ea8d3ea3e9d6c47668472d6b0199f77abed401f0171f030eb8142455-d" # internal
mkdir -p $WORK\b045\
internal/synctest
cd C:\msys64\mingw64\lib\go\src\internal\bytealg
"C:\\msys64\\mingw64\\lib\\go\\pkg\\tool\\windows_amd64\\asm.exe" -p internal/bytealg -trimpath "$WORK\\b010=>" -I "$WORK\\b010\\" -I "C:\\msys64\\mingw64\\lib\\go\\pkg\\include" -D GOOS_windows -D GOARCH_amd64 -std -D GOAMD64_v1 -o "$WORK\\b010\\count_amd64.o" "C:\\msys64\\mingw64\\lib\\go\\src\\internal\\bytealg\\count_amd64.s"
cp "$WORK\\b073\\_pkg_.a" "C:\\Users\\sanya\\AppData\\Local\\go-build\\f3\\f30f9ab0d6a642e806f60acd142bf5278ebb71bb34808a9fc55679fe4e686509-d" # internal
mkdir -p $WORK\b080\
container/list
cat >C:\Users\sanya\AppData\Local\Temp\go-build1247343387\b045\importcfg << 'EOF' # internal
# import config
packagefile internal/abi=C:\Users\sanya\AppData\Local\Temp\go-build1247343387\b005\_pkg_.a
EOF
echo '# import config' > $WORK\b080\importcfg # internal
cd C:\Users\sanya\Desktop\Dzvinock
"C:\\msys64\\mingw64\\lib\\go\\pkg\\tool\\windows_amd64\\compile.exe" -o "$WORK\\b045\\_pkg_.a" -trimpath "$WORK\\b045=>" -p internal/synctest -lang=go1.27 -std -complete -buildid -uyulfSP0oidPipEQEVs/-uyulfSP0oidPipEQEVs -goversion go1.27.0 -c=6 -nolocalimports -importcfg "$WORK\\b045\\importcfg" -pack "C:\\msys64\\mingw64\\lib\\go\\src\\internal\\synctest\\synctest.go"
"C:\\msys64\\mingw64\\lib\\go\\pkg\\tool\\windows_amd64\\compile.exe" -o "$WORK\\b080\\_pkg_.a" -trimpath "$WORK\\b080=>" -p container/list -lang=go1.27 -std -complete -buildid K4d-k6DZ-A1tdflUCT3r/K4d-k6DZ-A1tdflUCT3r -goversion go1.27.0 -c=5 -nolocalimports -importcfg "$WORK\\b080\\importcfg" -pack "C:\\msys64\\mingw64\\lib\\go\\src\\container\\list\\list.go"
go tool buildid -w "$WORK\\b027\\_pkg_.a" # internal
go tool buildid -w "$WORK\\b071\\_pkg_.a" # internal
cd C:\msys64\mingw64\lib\go\src\internal\runtime\gc\scan
"C:\\msys64\\mingw64\\lib\\go\\pkg\\tool\\windows_amd64\\asm.exe" -p internal/runtime/gc/scan -trimpath "$WORK\\b022=>" -I "$WORK\\b022\\" -I "C:\\msys64\\mingw64\\lib\\go\\pkg\\include" -D GOOS_windows -D GOARCH_amd64 -std -D GOAMD64_v1 -o "$WORK\\b022\\scan_amd64.o" "C:\\msys64\\mingw64\\lib\\go\\src\\internal\\runtime\\gc\\scan\\scan_amd64.s"
cat >C:\Users\sanya\AppData\Local\Temp\go-build1247343387\b031\importcfg << 'EOF' # internal
# import config
packagefile internal/abi=C:\Users\sanya\AppData\Local\Temp\go-build1247343387\b005\_pkg_.a
packagefile internal/goarch=C:\Users\sanya\AppData\Local\Temp\go-build1247343387\b006\_pkg_.a
EOF
cd C:\Users\sanya\Desktop\Dzvinock
"C:\\msys64\\mingw64\\lib\\go\\pkg\\tool\\windows_amd64\\compile.exe" -o "$WORK\\b031\\_pkg_.a" -trimpath "$WORK\\b031=>" -p internal/runtime/syscall/windows -lang=go1.27 -std -buildid q-w8MLCPJ7L0OxaQOeDq/q-w8MLCPJ7L0OxaQOeDq -goversion go1.27.0 -symabis "$WORK\\b031\\symabis" -c=6 -nolocalimports -importcfg "$WORK\\b031\\importcfg" -pack -asmhdr "$WORK\\b031\\go_asm.h" "C:\\msys64\\mingw64\\lib\\go\\src\\internal\\runtime\\syscall\\windows\\defs_windows.go" "C:\\msys64\\mingw64\\lib\\go\\src\\internal\\runtime\\syscall\\windows\\defs_windows_amd64.go" "C:\\msys64\\mingw64\\lib\\go\\src\\internal\\runtime\\syscall\\windows\\syscall_windows.go"
cp "$WORK\\b027\\_pkg_.a" "C:\\Users\\sanya\\AppData\\Local\\go-build\\ec\\ecfa3d1b38efdf49bbf1ad28e08d1caf95fa308b9b37c26fa5118660edf36221-d" # internal
mkdir -p $WORK\b024\
internal/runtime/maps
echo -n > $WORK\b024\go_asm.h # internal
cd C:\msys64\mingw64\lib\go\src\internal\runtime\maps
"C:\\msys64\\mingw64\\lib\\go\\pkg\\tool\\windows_amd64\\asm.exe" -p internal/runtime/maps -trimpath "$WORK\\b024=>" -I "$WORK\\b024\\" -I "C:\\msys64\\mingw64\\lib\\go\\pkg\\include" -D GOOS_windows -D GOARCH_amd64 -std -D GOAMD64_v1 -gensymabis -o "$WORK\\b024\\symabis" "C:\\msys64\\mingw64\\lib\\go\\src\\internal\\runtime\\maps\\memhash_amd64.s" "C:\\msys64\\mingw64\\lib\\go\\src\\internal\\runtime\\maps\\memhash_nosimd_amd64.s"
cp "$WORK\\b071\\_pkg_.a" "C:\\Users\\sanya\\AppData\\Local\\go-build\\92\\924ec56600305ef576aeca7a8de7811c567d713197b06541ceeea5426d1e7cdf-d" # internal
mkdir -p $WORK\b043\
internal/sync
cd C:\msys64\mingw64\lib\go\src\internal\runtime\gc\scan
go tool pack r "$WORK\\b022\\_pkg_.a" "$WORK\\b022\\expand_amd64.o" "$WORK\\b022\\filter_amd64.o" "$WORK\\b022\\scan_amd64.o" # internal
go tool buildid -w "$WORK\\b022\\_pkg_.a" # internal
go tool buildid -w "$WORK\\b045\\_pkg_.a" # internal
cat >C:\Users\sanya\AppData\Local\Temp\go-build1247343387\b043\importcfg << 'EOF' # internal
# import config
packagefile internal/abi=C:\Users\sanya\AppData\Local\Temp\go-build1247343387\b005\_pkg_.a
packagefile internal/goarch=C:\Users\sanya\AppData\Local\Temp\go-build1247343387\b006\_pkg_.a
packagefile internal/race=C:\Users\sanya\AppData\Local\Temp\go-build1247343387\b027\_pkg_.a
packagefile sync/atomic=C:\Users\sanya\AppData\Local\Temp\go-build1247343387\b044\_pkg_.a
EOF
cd C:\msys64\mingw64\lib\go\src\internal\bytealg
"C:\\msys64\\mingw64\\lib\\go\\pkg\\tool\\windows_amd64\\asm.exe" -p internal/bytealg -trimpath "$WORK\\b010=>" -I "$WORK\\b010\\" -I "C:\\msys64\\mingw64\\lib\\go\\pkg\\include" -D GOOS_windows -D GOARCH_amd64 -std -D GOAMD64_v1 -o "$WORK\\b010\\equal_amd64.o" "C:\\msys64\\mingw64\\lib\\go\\src\\internal\\bytealg\\equal_amd64.s"
cd C:\Users\sanya\Desktop\Dzvinock
"C:\\msys64\\mingw64\\lib\\go\\pkg\\tool\\windows_amd64\\compile.exe" -o "$WORK\\b043\\_pkg_.a" -trimpath "$WORK\\b043=>" -p internal/sync -lang=go1.27 -std -complete -buildid UKWUMygLKLCbAJi5rjzi/UKWUMygLKLCbAJi5rjzi -goversion go1.27.0 -c=6 -nolocalimports -importcfg "$WORK\\b043\\importcfg" -pack "C:\\msys64\\mingw64\\lib\\go\\src\\internal\\sync\\hashtriemap.go" "C:\\msys64\\mingw64\\lib\\go\\src\\internal\\sync\\mutex.go" "C:\\msys64\\mingw64\\lib\\go\\src\\internal\\sync\\runtime.go"
cp "$WORK\\b022\\_pkg_.a" "C:\\Users\\sanya\\AppData\\Local\\go-build\\19\\1966ba2b4b4f441b89872c8bdf331e70d184c604d24dcdf6856f7e1c058cac87-d" # internal
mkdir -p $WORK\b089\
crypto/internal/fips140/alias
echo '# import config' > $WORK\b089\importcfg # internal
"C:\\msys64\\mingw64\\lib\\go\\pkg\\tool\\windows_amd64\\compile.exe" -o "$WORK\\b089\\_pkg_.a" -trimpath "$WORK\\b089=>" -p crypto/internal/fips140/alias -lang=go1.27 -std -complete -buildid dW-HILTIMZ6wt4bfTTF9/dW-HILTIMZ6wt4bfTTF9 -goversion go1.27.0 -c=5 -nolocalimports -importcfg "$WORK\\b089\\importcfg" -pack "C:\\msys64\\mingw64\\lib\\go\\src\\crypto\\internal\\fips140\\alias\\alias.go"
cat >C:\Users\sanya\AppData\Local\Temp\go-build1247343387\b024\importcfg << 'EOF' # internal
# import config
packagefile internal/abi=C:\Users\sanya\AppData\Local\Temp\go-build1247343387\b005\_pkg_.a
packagefile internal/asan=C:\Users\sanya\AppData\Local\Temp\go-build1247343387\b025\_pkg_.a
packagefile internal/byteorder=C:\Users\sanya\AppData\Local\Temp\go-build1247343387\b012\_pkg_.a
packagefile internal/cpu=C:\Users\sanya\AppData\Local\Temp\go-build1247343387\b011\_pkg_.a
packagefile internal/goarch=C:\Users\sanya\AppData\Local\Temp\go-build1247343387\b006\_pkg_.a
packagefile internal/goexperiment=C:\Users\sanya\AppData\Local\Temp\go-build1247343387\b016\_pkg_.a
packagefile internal/msan=C:\Users\sanya\AppData\Local\Temp\go-build1247343387\b026\_pkg_.a
packagefile internal/race=C:\Users\sanya\AppData\Local\Temp\go-build1247343387\b027\_pkg_.a
packagefile internal/runtime/math=C:\Users\sanya\AppData\Local\Temp\go-build1247343387\b028\_pkg_.a
packagefile internal/runtime/sys=C:\Users\sanya\AppData\Local\Temp\go-build1247343387\b023\_pkg_.a
packagefile math/bits=C:\Users\sanya\AppData\Local\Temp\go-build1247343387\b029\_pkg_.a
EOF
"C:\\msys64\\mingw64\\lib\\go\\pkg\\tool\\windows_amd64\\compile.exe" -o "$WORK\\b024\\_pkg_.a" -trimpath "$WORK\\b024=>" -p internal/runtime/maps -lang=go1.27 -std -buildid Uv6L5DlsvSWEdqUrhQhK/Uv6L5DlsvSWEdqUrhQhK -goversion go1.27.0 -symabis "$WORK\\b024\\symabis" -c=5 -nolocalimports -importcfg "$WORK\\b024\\importcfg" -pack -asmhdr "$WORK\\b024\\go_asm.h" "C:\\msys64\\mingw64\\lib\\go\\src\\internal\\runtime\\maps\\group.go" "C:\\msys64\\mingw64\\lib\\go\\src\\internal\\runtime\\maps\\map.go" "C:\\msys64\\mingw64\\lib\\go\\src\\internal\\runtime\\maps\\memhash_aes.go" "C:\\msys64\\mingw64\\lib\\go\\src\\internal\\runtime\\maps\\memhash_aes_asm.go" "C:\\msys64\\mingw64\\lib\\go\\src\\internal\\runtime\\maps\\memhash_align_check.go" "C:\\msys64\\mingw64\\lib\\go\\src\\internal\\runtime\\maps\\runtime.go" "C:\\msys64\\mingw64\\lib\\go\\src\\internal\\runtime\\maps\\runtime_alg.go" "C:\\msys64\\mingw64\\lib\\go\\src\\internal\\runtime\\maps\\runtime_fast32.go" "C:\\msys64\\mingw64\\lib\\go\\src\\internal\\runtime\\maps\\runtime_fast64.go" "C:\\msys64\\mingw64\\lib\\go\\src\\internal\\runtime\\maps\\runtime_faststr.go" "C:\\msys64\\mingw64\\lib\\go\\src\\internal\\runtime\\maps\\runtime_hash64.go" "C:\\msys64\\mingw64\\lib\\go\\src\\internal\\runtime\\maps\\table.go" "C:\\msys64\\mingw64\\lib\\go\\src\\internal\\runtime\\maps\\table_debug.go"
cp "$WORK\\b045\\_pkg_.a" "C:\\Users\\sanya\\AppData\\Local\\go-build\\be\\beaeda6fc85163cbdb8a7150e3723304127647ef5fb2095e984664011d69c467-d" # internal
mkdir -p $WORK\b093\
crypto/internal/fips140deps/byteorder
cat >C:\Users\sanya\AppData\Local\Temp\go-build1247343387\b093\importcfg << 'EOF' # internal
# import config
packagefile internal/byteorder=C:\Users\sanya\AppData\Local\Temp\go-build1247343387\b012\_pkg_.a
EOF
"C:\\msys64\\mingw64\\lib\\go\\pkg\\tool\\windows_amd64\\compile.exe" -o "$WORK\\b093\\_pkg_.a" -trimpath "$WORK\\b093=>" -p crypto/internal/fips140deps/byteorder -lang=go1.27 -std -complete -buildid GmVhn5NlNu_78i5_Pq9z/GmVhn5NlNu_78i5_Pq9z -goversion go1.27.0 -c=4 -nolocalimports -importcfg "$WORK\\b093\\importcfg" -pack "C:\\msys64\\mingw64\\lib\\go\\src\\crypto\\internal\\fips140deps\\byteorder\\byteorder.go"
cd C:\msys64\mingw64\lib\go\src\internal\runtime\syscall\windows
"C:\\msys64\\mingw64\\lib\\go\\pkg\\tool\\windows_amd64\\asm.exe" -p internal/runtime/syscall/windows -trimpath "$WORK\\b031=>" -I "$WORK\\b031\\" -I "C:\\msys64\\mingw64\\lib\\go\\pkg\\include" -D GOOS_windows -D GOARCH_amd64 -std -D GOAMD64_v1 -o "$WORK\\b031\\asm_windows_amd64.o" "C:\\msys64\\mingw64\\lib\\go\\src\\internal\\runtime\\syscall\\windows\\asm_windows_amd64.s"
go tool buildid -w "$WORK\\b080\\_pkg_.a" # internal
cd C:\msys64\mingw64\lib\go\src\internal\bytealg
"C:\\msys64\\mingw64\\lib\\go\\pkg\\tool\\windows_amd64\\asm.exe" -p internal/bytealg -trimpath "$WORK\\b010=>" -I "$WORK\\b010\\" -I "C:\\msys64\\mingw64\\lib\\go\\pkg\\include" -D GOOS_windows -D GOARCH_amd64 -std -D GOAMD64_v1 -o "$WORK\\b010\\index_amd64.o" "C:\\msys64\\mingw64\\lib\\go\\src\\internal\\bytealg\\index_amd64.s"
cp "$WORK\\b080\\_pkg_.a" "C:\\Users\\sanya\\AppData\\Local\\go-build\\5b\\5b4a4528b98f5338406087136ddfd0cab7674da7dd51ab44c3dfdf5734aaa05e-d" # internal
mkdir -p $WORK\b094\
crypto/internal/fips140deps/cpu
cat >C:\Users\sanya\AppData\Local\Temp\go-build1247343387\b094\importcfg << 'EOF' # internal
# import config
packagefile internal/cpu=C:\Users\sanya\AppData\Local\Temp\go-build1247343387\b011\_pkg_.a
packagefile internal/goarch=C:\Users\sanya\AppData\Local\Temp\go-build1247343387\b006\_pkg_.a
EOF
cd C:\Users\sanya\Desktop\Dzvinock
"C:\\msys64\\mingw64\\lib\\go\\pkg\\tool\\windows_amd64\\compile.exe" -o "$WORK\\b094\\_pkg_.a" -trimpath "$WORK\\b094=>" -p crypto/internal/fips140deps/cpu -lang=go1.27 -std -complete -buildid KJGy7kqJisk6VNHYnqXX/KJGy7kqJisk6VNHYnqXX -goversion go1.27.0 -c=6 -nolocalimports -importcfg "$WORK\\b094\\importcfg" -pack "C:\\msys64\\mingw64\\lib\\go\\src\\crypto\\internal\\fips140deps\\cpu\\cpu.go"
go tool buildid -w "$WORK\\b089\\_pkg_.a" # internal
cp "$WORK\\b089\\_pkg_.a" "C:\\Users\\sanya\\AppData\\Local\\go-build\\87\\87b21b7307739ebd2d67baa283cb8fd05314296be5894b8c2120a62c0cf12827-d" # internal
mkdir -p $WORK\b098\
crypto/internal/constanttime
echo '# import config' > $WORK\b098\importcfg # internal
"C:\\msys64\\mingw64\\lib\\go\\pkg\\tool\\windows_amd64\\compile.exe" -o "$WORK\\b098\\_pkg_.a" -trimpath "$WORK\\b098=>" -p crypto/internal/constanttime -lang=go1.27 -std -complete -buildid M_nDi5upCExsu70BoPUq/M_nDi5upCExsu70BoPUq -goversion go1.27.0 -c=5 -nolocalimports -importcfg "$WORK\\b098\\importcfg" -pack "C:\\msys64\\mingw64\\lib\\go\\src\\crypto\\internal\\constanttime\\constant_time.go"
go tool buildid -w "$WORK\\b094\\_pkg_.a" # internal
cd C:\msys64\mingw64\lib\go\src\internal\bytealg
"C:\\msys64\\mingw64\\lib\\go\\pkg\\tool\\windows_amd64\\asm.exe" -p internal/bytealg -trimpath "$WORK\\b010=>" -I "$WORK\\b010\\" -I "C:\\msys64\\mingw64\\lib\\go\\pkg\\include" -D GOOS_windows -D GOARCH_amd64 -std -D GOAMD64_v1 -o "$WORK\\b010\\indexbyte_amd64.o" "C:\\msys64\\mingw64\\lib\\go\\src\\internal\\bytealg\\indexbyte_amd64.s"
cp "$WORK\\b094\\_pkg_.a" "C:\\Users\\sanya\\AppData\\Local\\go-build\\69\\69a3dd4c0eff094ee76b402e27a84838bd67b509cafcee28f304c16f37d94f33-d" # internal
mkdir -p $WORK\b109\
crypto/internal/boring/sig
echo -n > $WORK\b109\go_asm.h # internal
cd C:\msys64\mingw64\lib\go\src\internal\runtime\syscall\windows
go tool pack r "$WORK\\b031\\_pkg_.a" "$WORK\\b031\\asm_windows_amd64.o" # internal
go tool buildid -w "$WORK\\b093\\_pkg_.a" # internal
cd C:\msys64\mingw64\lib\go\src\crypto\internal\boring\sig
"C:\\msys64\\mingw64\\lib\\go\\pkg\\tool\\windows_amd64\\asm.exe" -p crypto/internal/boring/sig -trimpath "$WORK\\b109=>" -I "$WORK\\b109\\" -I "C:\\msys64\\mingw64\\lib\\go\\pkg\\include" -D GOOS_windows -D GOARCH_amd64 -std -D GOAMD64_v1 -gensymabis -o "$WORK\\b109\\symabis" "C:\\msys64\\mingw64\\lib\\go\\src\\crypto\\internal\\boring\\sig\\sig_amd64.s"
go tool buildid -w "$WORK\\b043\\_pkg_.a" # internal
go tool buildid -w "$WORK\\b031\\_pkg_.a" # internal
go tool buildid -w "$WORK\\b098\\_pkg_.a" # internal
cd C:\msys64\mingw64\lib\go\src\math
"C:\\msys64\\mingw64\\lib\\go\\pkg\\tool\\windows_amd64\\asm.exe" -p math -trimpath "$WORK\\b039=>" -I "$WORK\\b039\\" -I "C:\\msys64\\mingw64\\lib\\go\\pkg\\include" -D GOOS_windows -D GOARCH_amd64 -std -D GOAMD64_v1 -o "$WORK\\b039\\dim_amd64.o" "C:\\msys64\\mingw64\\lib\\go\\src\\math\\dim_amd64.s"
cp "$WORK\\b093\\_pkg_.a" "C:\\Users\\sanya\\AppData\\Local\\go-build\\4c\\4cd3e097d2bee6efd5c859c68244cd9a457b7f28026d5bda8a8169fb16ac2aca-d" # internal
mkdir -p $WORK\b134\
vendor/golang.org/x/crypto/cryptobyte/asn1
cp "$WORK\\b098\\_pkg_.a" "C:\\Users\\sanya\\AppData\\Local\\go-build\\85\\858cbdb4f5da23c081040200a3e106c99a647f599efd17ab1e555fec1c7cc2cf-d" # internal
mkdir -p $WORK\b097\
cp "$WORK\\b043\\_pkg_.a" "C:\\Users\\sanya\\AppData\\Local\\go-build\\23\\235d4a88e1254cb49ceef117eb74eedd62496cdc0b85e30dbd0d709434c7f340-d" # internal
cd C:\msys64\mingw64\lib\go\src\internal\bytealg
go tool pack r "$WORK\\b010\\_pkg_.a" "$WORK\\b010\\compare_amd64.o" "$WORK\\b010\\count_amd64.o" "$WORK\\b010\\equal_amd64.o" "$WORK\\b010\\index_amd64.o" "$WORK\\b010\\indexbyte_amd64.o" # internal
mkdir -p $WORK\b148\
crypto/internal/fips140/subtle
go tool buildid -w "$WORK\\b010\\_pkg_.a" # internal
echo -n > $WORK\b097\go_asm.h # internal
cp "$WORK\\b031\\_pkg_.a" "C:\\Users\\sanya\\AppData\\Local\\go-build\\80\\80c7bfe12b7e930b87655f80c99e7d21fd8fdbc226d35fc9c5a7360caa6973a1-d" # internal
mkdir -p $WORK\b170\
vendor/golang.org/x/crypto/internal/alias
cd C:\msys64\mingw64\lib\go\src\crypto\internal\fips140\subtle
"C:\\msys64\\mingw64\\lib\\go\\pkg\\tool\\windows_amd64\\asm.exe" -p crypto/internal/fips140/subtle -trimpath "$WORK\\b097=>" -I "$WORK\\b097\\" -I "C:\\msys64\\mingw64\\lib\\go\\pkg\\include" -D GOOS_windows -D GOARCH_amd64 -std -D GOAMD64_v1 -gensymabis -o "$WORK\\b097\\symabis" "C:\\msys64\\mingw64\\lib\\go\\src\\crypto\\internal\\fips140\\subtle\\xor_amd64.s"
echo '# import config' > $WORK\b148\importcfg # internal
cd C:\Users\sanya\Desktop\Dzvinock
"C:\\msys64\\mingw64\\lib\\go\\pkg\\tool\\windows_amd64\\compile.exe" -o "$WORK\\b148\\_pkg_.a" -trimpath "$WORK\\b148=>" -p vendor/golang.org/x/crypto/internal/alias -lang=go1.27 -std -complete -buildid c_T17Bb-9k0dfzNhaa7a/c_T17Bb-9k0dfzNhaa7a -goversion go1.27.0 -c=8 -nolocalimports -importcfg "$WORK\\b148\\importcfg" -pack "C:\\msys64\\mingw64\\lib\\go\\src\\vendor\\golang.org\\x\\crypto\\internal\\alias\\alias.go"
internal/nettrace
echo '# import config' > $WORK\b170\importcfg # internal
"C:\\msys64\\mingw64\\lib\\go\\pkg\\tool\\windows_amd64\\compile.exe" -o "$WORK\\b170\\_pkg_.a" -trimpath "$WORK\\b170=>" -p internal/nettrace -lang=go1.27 -std -complete -buildid 6pukyqg2ssj-T0MnVUPa/6pukyqg2ssj-T0MnVUPa -goversion go1.27.0 -c=7 -nolocalimports -importcfg "$WORK\\b170\\importcfg" -pack "C:\\msys64\\mingw64\\lib\\go\\src\\internal\\nettrace\\nettrace.go"
echo '# import config' > $WORK\b134\importcfg # internal
echo '# import config' > $WORK\b109\importcfg # internal
"C:\\msys64\\mingw64\\lib\\go\\pkg\\tool\\windows_amd64\\compile.exe" -o "$WORK\\b134\\_pkg_.a" -trimpath "$WORK\\b134=>" -p vendor/golang.org/x/crypto/cryptobyte/asn1 -lang=go1.27 -std -complete -buildid GvzP5dSuAQgGokz2yPFm/GvzP5dSuAQgGokz2yPFm -goversion go1.27.0 -c=6 -nolocalimports -importcfg "$WORK\\b134\\importcfg" -pack "C:\\msys64\\mingw64\\lib\\go\\src\\vendor\\golang.org\\x\\crypto\\cryptobyte\\asn1\\asn1.go"
"C:\\msys64\\mingw64\\lib\\go\\pkg\\tool\\windows_amd64\\compile.exe" -o "$WORK\\b109\\_pkg_.a" -trimpath "$WORK\\b109=>" -p crypto/internal/boring/sig -lang=go1.27 -std -buildid t6mxDAViiHkuiAd5Vgx9/t6mxDAViiHkuiAd5Vgx9 -goversion go1.27.0 -symabis "$WORK\\b109\\symabis" -c=5 -nolocalimports -importcfg "$WORK\\b109\\importcfg" -pack -asmhdr "$WORK\\b109\\go_asm.h" "C:\\msys64\\mingw64\\lib\\go\\src\\crypto\\internal\\boring\\sig\\sig.go"
cp "$WORK\\b010\\_pkg_.a" "C:\\Users\\sanya\\AppData\\Local\\go-build\\f0\\f0ca35f25b5a47bae7f5b373b446bf9201f5d60dd1cc5903fe0acd289f283f7c-d" # internal
cd C:\msys64\mingw64\lib\go\src\math
"C:\\msys64\\mingw64\\lib\\go\\pkg\\tool\\windows_amd64\\asm.exe" -p math -trimpath "$WORK\\b039=>" -I "$WORK\\b039\\" -I "C:\\msys64\\mingw64\\lib\\go\\pkg\\include" -D GOOS_windows -D GOARCH_amd64 -std -D GOAMD64_v1 -o "$WORK\\b039\\exp_amd64.o" "C:\\msys64\\mingw64\\lib\\go\\src\\math\\exp_amd64.s"
mkdir -p $WORK\b033\
internal/stringslite
cat >C:\Users\sanya\AppData\Local\Temp\go-build1247343387\b033\importcfg << 'EOF' # internal
# import config
packagefile internal/bytealg=C:\Users\sanya\AppData\Local\Temp\go-build1247343387\b010\_pkg_.a
EOF
cd C:\Users\sanya\Desktop\Dzvinock
"C:\\msys64\\mingw64\\lib\\go\\pkg\\tool\\windows_amd64\\compile.exe" -o "$WORK\\b033\\_pkg_.a" -trimpath "$WORK\\b033=>" -p internal/stringslite -lang=go1.27 -std -complete -buildid vGppBbFqqv2QiOrwBx4i/vGppBbFqqv2QiOrwBx4i -goversion go1.27.0 -c=4 -nolocalimports -importcfg "$WORK\\b033\\importcfg" -pack "C:\\msys64\\mingw64\\lib\\go\\src\\internal\\stringslite\\strings.go"
cat >C:\Users\sanya\AppData\Local\Temp\go-build1247343387\b097\importcfg << 'EOF' # internal
# import config
packagefile crypto/internal/constanttime=C:\Users\sanya\AppData\Local\Temp\go-build1247343387\b098\_pkg_.a
packagefile crypto/internal/fips140/alias=C:\Users\sanya\AppData\Local\Temp\go-build1247343387\b089\_pkg_.a
packagefile crypto/internal/fips140deps/byteorder=C:\Users\sanya\AppData\Local\Temp\go-build1247343387\b093\_pkg_.a
packagefile math/bits=C:\Users\sanya\AppData\Local\Temp\go-build1247343387\b029\_pkg_.a
EOF
"C:\\msys64\\mingw64\\lib\\go\\pkg\\tool\\windows_amd64\\compile.exe" -o "$WORK\\b097\\_pkg_.a" -trimpath "$WORK\\b097=>" -p crypto/internal/fips140/subtle -lang=go1.27 -std -buildid Nc_15KU38aOQ2xvG6PCP/Nc_15KU38aOQ2xvG6PCP -goversion go1.27.0 -symabis "$WORK\\b097\\symabis" -c=4 -nolocalimports -importcfg "$WORK\\b097\\importcfg" -pack -asmhdr "$WORK\\b097\\go_asm.h" "C:\\msys64\\mingw64\\lib\\go\\src\\crypto\\internal\\fips140\\subtle\\constant_time.go" "C:\\msys64\\mingw64\\lib\\go\\src\\crypto\\internal\\fips140\\subtle\\xor.go" "C:\\msys64\\mingw64\\lib\\go\\src\\crypto\\internal\\fips140\\subtle\\xor_asm.go"
cd C:\msys64\mingw64\lib\go\src\math
"C:\\msys64\\mingw64\\lib\\go\\pkg\\tool\\windows_amd64\\asm.exe" -p math -trimpath "$WORK\\b039=>" -I "$WORK\\b039\\" -I "C:\\msys64\\mingw64\\lib\\go\\pkg\\include" -D GOOS_windows -D GOARCH_amd64 -std -D GOAMD64_v1 -o "$WORK\\b039\\floor_amd64.o" "C:\\msys64\\mingw64\\lib\\go\\src\\math\\floor_amd64.s"
go tool buildid -w "$WORK\\b148\\_pkg_.a" # internal
go tool buildid -w "$WORK\\b170\\_pkg_.a" # internal
go tool buildid -w "$WORK\\b033\\_pkg_.a" # internal
cp "$WORK\\b170\\_pkg_.a" "C:\\Users\\sanya\\AppData\\Local\\go-build\\1e\\1e5f94dff5e38832ff70a204decc4e1ca9c435da5ce0e1ff4506f505a878ded1-d" # internal
mkdir -p $WORK\b197\
encoding
echo '# import config' > $WORK\b197\importcfg # internal
cd C:\msys64\mingw64\lib\go\src\crypto\internal\boring\sig
"C:\\msys64\\mingw64\\lib\\go\\pkg\\tool\\windows_amd64\\asm.exe" -p crypto/internal/boring/sig -trimpath "$WORK\\b109=>" -I "$WORK\\b109\\" -I "C:\\msys64\\mingw64\\lib\\go\\pkg\\include" -D GOOS_windows -D GOARCH_amd64 -std -D GOAMD64_v1 -o "$WORK\\b109\\sig_amd64.o" "C:\\msys64\\mingw64\\lib\\go\\src\\crypto\\internal\\boring\\sig\\sig_amd64.s"
cd C:\Users\sanya\Desktop\Dzvinock
"C:\\msys64\\mingw64\\lib\\go\\pkg\\tool\\windows_amd64\\compile.exe" -o "$WORK\\b197\\_pkg_.a" -trimpath "$WORK\\b197=>" -p encoding -lang=go1.27 -std -complete -buildid QR9i_r5Z486_s8sLyePk/QR9i_r5Z486_s8sLyePk -goversion go1.27.0 -c=8 -nolocalimports -importcfg "$WORK\\b197\\importcfg" -pack "C:\\msys64\\mingw64\\lib\\go\\src\\encoding\\encoding.go"
go tool buildid -w "$WORK\\b134\\_pkg_.a" # internal
cp "$WORK\\b033\\_pkg_.a" "C:\\Users\\sanya\\AppData\\Local\\go-build\\bf\\bfda5ae73293819b65ae467611ba0759bf25d15239b556e542688ebd629b04e0-d" # internal
mkdir -p $WORK\b223\
fyne.io/fyne/v2/internal/color
cat >C:\Users\sanya\AppData\Local\Temp\go-build1247343387\b223\importcfg << 'EOF' # internal
# import config
packagefile image/color=C:\Users\sanya\AppData\Local\Temp\go-build1247343387\b071\_pkg_.a
EOF
"C:\\msys64\\mingw64\\lib\\go\\pkg\\tool\\windows_amd64\\compile.exe" -o "$WORK\\b223\\_pkg_.a" -trimpath "$WORK\\b223=>" -p fyne.io/fyne/v2/internal/color -lang=go1.22 -complete -buildid 0qMFd-eGa0TxoB7vWCMX/0qMFd-eGa0TxoB7vWCMX -goversion go1.27.0 -c=7 -nolocalimports -importcfg "$WORK\\b223\\importcfg" -pack "C:\\Users\\sanya\\go\\pkg\\mod\\fyne.io\\fyne\\v2@v2.8.0\\internal\\color\\color.go"
cp "$WORK\\b134\\_pkg_.a" "C:\\Users\\sanya\\AppData\\Local\\go-build\\35\\35e082b7feed7d212ecf0ef6562efb5dabb07e5500e631aaeb71237c06fdca4f-d" # internal
mkdir -p $WORK\b230\
golang.org/x/image/colornames
cat >C:\Users\sanya\AppData\Local\Temp\go-build1247343387\b230\importcfg << 'EOF' # internal
# import config
packagefile image/color=C:\Users\sanya\AppData\Local\Temp\go-build1247343387\b071\_pkg_.a
EOF
"C:\\msys64\\mingw64\\lib\\go\\pkg\\tool\\windows_amd64\\compile.exe" -o "$WORK\\b230\\_pkg_.a" -trimpath "$WORK\\b230=>" -p golang.org/x/image/colornames -lang=go1.18 -complete -buildid BxwFHp9hjYqUgov1PAq_/BxwFHp9hjYqUgov1PAq_ -goversion go1.27.0 -c=6 -nolocalimports -importcfg "$WORK\\b230\\importcfg" -pack "C:\\Users\\sanya\\go\\pkg\\mod\\golang.org\\x\\image@v0.24.0\\colornames\\colornames.go" "C:\\Users\\sanya\\go\\pkg\\mod\\golang.org\\x\\image@v0.24.0\\colornames\\table.go"
cd C:\msys64\mingw64\lib\go\src\math
"C:\\msys64\\mingw64\\lib\\go\\pkg\\tool\\windows_amd64\\asm.exe" -p math -trimpath "$WORK\\b039=>" -I "$WORK\\b039\\" -I "C:\\msys64\\mingw64\\lib\\go\\pkg\\include" -D GOOS_windows -D GOARCH_amd64 -std -D GOAMD64_v1 -o "$WORK\\b039\\hypot_amd64.o" "C:\\msys64\\mingw64\\lib\\go\\src\\math\\hypot_amd64.s"
cp "$WORK\\b148\\_pkg_.a" "C:\\Users\\sanya\\AppData\\Local\\go-build\\59\\59c1b87e1774097963c32582a7df997709c1f8f899bd1168e728f8f1a8717994-d" # internal
mkdir -p $WORK\b233\
golang.org/x/net/html/atom
echo '# import config' > $WORK\b233\importcfg # internal
cd C:\Users\sanya\Desktop\Dzvinock
"C:\\msys64\\mingw64\\lib\\go\\pkg\\tool\\windows_amd64\\compile.exe" -o "$WORK\\b233\\_pkg_.a" -trimpath "$WORK\\b233=>" -p golang.org/x/net/html/atom -lang=go1.18 -complete -buildid do8eL5Ln7KCTeUeeXSuO/do8eL5Ln7KCTeUeeXSuO -goversion go1.27.0 -c=5 -nolocalimports -importcfg "$WORK\\b233\\importcfg" -pack "C:\\Users\\sanya\\go\\pkg\\mod\\golang.org\\x\\net@v0.35.0\\html\\atom\\atom.go" "C:\\Users\\sanya\\go\\pkg\\mod\\golang.org\\x\\net@v0.35.0\\html\\atom\\table.go"
cd C:\msys64\mingw64\lib\go\src\crypto\internal\fips140\subtle
"C:\\msys64\\mingw64\\lib\\go\\pkg\\tool\\windows_amd64\\asm.exe" -p crypto/internal/fips140/subtle -trimpath "$WORK\\b097=>" -I "$WORK\\b097\\" -I "C:\\msys64\\mingw64\\lib\\go\\pkg\\include" -D GOOS_windows -D GOARCH_amd64 -std -D GOAMD64_v1 -o "$WORK\\b097\\xor_amd64.o" "C:\\msys64\\mingw64\\lib\\go\\src\\crypto\\internal\\fips140\\subtle\\xor_amd64.s"
cd C:\msys64\mingw64\lib\go\src\internal\runtime\maps
"C:\\msys64\\mingw64\\lib\\go\\pkg\\tool\\windows_amd64\\asm.exe" -p internal/runtime/maps -trimpath "$WORK\\b024=>" -I "$WORK\\b024\\" -I "C:\\msys64\\mingw64\\lib\\go\\pkg\\include" -D GOOS_windows -D GOARCH_amd64 -std -D GOAMD64_v1 -o "$WORK\\b024\\memhash_amd64.o" "C:\\msys64\\mingw64\\lib\\go\\src\\internal\\runtime\\maps\\memhash_amd64.s"
cd C:\msys64\mingw64\lib\go\src\math
"C:\\msys64\\mingw64\\lib\\go\\pkg\\tool\\windows_amd64\\asm.exe" -p math -trimpath "$WORK\\b039=>" -I "$WORK\\b039\\" -I "C:\\msys64\\mingw64\\lib\\go\\pkg\\include" -D GOOS_windows -D GOARCH_amd64 -std -D GOAMD64_v1 -o "$WORK\\b039\\log_amd64.o" "C:\\msys64\\mingw64\\lib\\go\\src\\math\\log_amd64.s"
go tool buildid -w "$WORK\\b197\\_pkg_.a" # internal
go tool buildid -w "$WORK\\b223\\_pkg_.a" # internal
cd C:\msys64\mingw64\lib\go\src\crypto\internal\boring\sig
go tool pack r "$WORK\\b109\\_pkg_.a" "$WORK\\b109\\sig_amd64.o" # internal
go tool buildid -w "$WORK\\b109\\_pkg_.a" # internal
cp "$WORK\\b197\\_pkg_.a" "C:\\Users\\sanya\\AppData\\Local\\go-build\\e5\\e528baf6842ea0455dc2f0098a7d61c361802e9fb7e779419cf5e41271348494-d" # internal
mkdir -p $WORK\b235\
golang.org/x/text/encoding/internal/identifier
echo '# import config' > $WORK\b235\importcfg # internal
go tool buildid -w "$WORK\\b230\\_pkg_.a" # internal
cd C:\Users\sanya\Desktop\Dzvinock
"C:\\msys64\\mingw64\\lib\\go\\pkg\\tool\\windows_amd64\\compile.exe" -o "$WORK\\b235\\_pkg_.a" -trimpath "$WORK\\b235=>" -p golang.org/x/text/encoding/internal/identifier -lang=go1.18 -complete -buildid _qDXtj7KVPfbtV72lhOU/_qDXtj7KVPfbtV72lhOU -goversion go1.27.0 -c=8 -nolocalimports -importcfg "$WORK\\b235\\importcfg" -pack "C:\\Users\\sanya\\go\\pkg\\mod\\golang.org\\x\\text@v0.22.0\\encoding\\internal\\identifier\\identifier.go" "C:\\Users\\sanya\\go\\pkg\\mod\\golang.org\\x\\text@v0.22.0\\encoding\\internal\\identifier\\mib.go"
cp "$WORK\\b223\\_pkg_.a" "C:\\Users\\sanya\\AppData\\Local\\go-build\\7c\\7ce0f70f724d5eb9a60a917d6cfd27d947ab5a95ae1ea110a19624c7705a591e-d" # internal
mkdir -p $WORK\b245\
cd C:\msys64\mingw64\lib\go\src\crypto\internal\fips140\subtle
go tool pack r "$WORK\\b097\\_pkg_.a" "$WORK\\b097\\xor_amd64.o" # internal
golang.org/x/text/internal/utf8internal
go tool buildid -w "$WORK\\b097\\_pkg_.a" # internal
echo '# import config' > $WORK\b245\importcfg # internal
cd C:\Users\sanya\Desktop\Dzvinock
"C:\\msys64\\mingw64\\lib\\go\\pkg\\tool\\windows_amd64\\compile.exe" -o "$WORK\\b245\\_pkg_.a" -trimpath "$WORK\\b245=>" -p golang.org/x/text/internal/utf8internal -lang=go1.18 -complete -buildid mtKl5AUxzMqxvm_iwUnY/mtKl5AUxzMqxvm_iwUnY -goversion go1.27.0 -c=7 -nolocalimports -importcfg "$WORK\\b245\\importcfg" -pack "C:\\Users\\sanya\\go\\pkg\\mod\\golang.org\\x\\text@v0.22.0\\internal\\utf8internal\\utf8internal.go"
cp "$WORK\\b230\\_pkg_.a" "C:\\Users\\sanya\\AppData\\Local\\go-build\\45\\4590fd17be11efae9748557a9fcdf664f81fdb158a6d165b9f5f0b318e8542dc-d" # internal
mkdir -p $WORK\b292\
golang.org/x/image/math/f64
echo '# import config' > $WORK\b292\importcfg # internal
"C:\\msys64\\mingw64\\lib\\go\\pkg\\tool\\windows_amd64\\compile.exe" -o "$WORK\\b292\\_pkg_.a" -trimpath "$WORK\\b292=>" -p golang.org/x/image/math/f64 -lang=go1.18 -complete -buildid niMMIGubS9wWZ2Lq6Ti7/niMMIGubS9wWZ2Lq6Ti7 -goversion go1.27.0 -c=6 -nolocalimports -importcfg "$WORK\\b292\\importcfg" -pack "C:\\Users\\sanya\\go\\pkg\\mod\\golang.org\\x\\image@v0.24.0\\math\\f64\\f64.go"
cp "$WORK\\b097\\_pkg_.a" "C:\\Users\\sanya\\AppData\\Local\\go-build\\7c\\7cbab3f93d46f46e67981427c2a6f79b0d1be3d3d933f9b7f456d66b576c5cf6-d" # internal
mkdir -p $WORK\b107\
crypto/subtle
cp "$WORK\\b109\\_pkg_.a" "C:\\Users\\sanya\\AppData\\Local\\go-build\\48\\48f0f8917a52d3329be5dab0bf4300e61961cf230c7824f62e62f082960f7a12-d" # internal
cat >C:\Users\sanya\AppData\Local\Temp\go-build1247343387\b107\importcfg << 'EOF' # internal
# import config
packagefile crypto/internal/constanttime=C:\Users\sanya\AppData\Local\Temp\go-build1247343387\b098\_pkg_.a
packagefile crypto/internal/fips140/subtle=C:\Users\sanya\AppData\Local\Temp\go-build1247343387\b097\_pkg_.a
packagefile internal/runtime/sys=C:\Users\sanya\AppData\Local\Temp\go-build1247343387\b023\_pkg_.a
EOF
"C:\\msys64\\mingw64\\lib\\go\\pkg\\tool\\windows_amd64\\compile.exe" -o "$WORK\\b107\\_pkg_.a" -trimpath "$WORK\\b107=>" -p crypto/subtle -lang=go1.27 -std -complete -buildid lg6H8ABMcR3sORyAkvy9/lg6H8ABMcR3sORyAkvy9 -goversion go1.27.0 -c=5 -nolocalimports -importcfg "$WORK\\b107\\importcfg" -pack "C:\\msys64\\mingw64\\lib\\go\\src\\crypto\\subtle\\constant_time.go" "C:\\msys64\\mingw64\\lib\\go\\src\\crypto\\subtle\\dit.go" "C:\\msys64\\mingw64\\lib\\go\\src\\crypto\\subtle\\xor.go"
mkdir -p $WORK\b298\
github.com/clipperhouse/uax29/v2/internal/iterators
echo '# import config' > $WORK\b298\importcfg # internal
cd C:\msys64\mingw64\lib\go\src\math
go tool pack r "$WORK\\b039\\_pkg_.a" "$WORK\\b039\\dim_amd64.o" "$WORK\\b039\\exp_amd64.o" "$WORK\\b039\\floor_amd64.o" "$WORK\\b039\\hypot_amd64.o" "$WORK\\b039\\log_amd64.o" # internal
cd C:\Users\sanya\Desktop\Dzvinock
"C:\\msys64\\mingw64\\lib\\go\\pkg\\tool\\windows_amd64\\compile.exe" -o "$WORK\\b298\\_pkg_.a" -trimpath "$WORK\\b298=>" -p github.com/clipperhouse/uax29/v2/internal/iterators -lang=go1.18 -complete -buildid ZyINvHXFjCiRuyusX7PQ/ZyINvHXFjCiRuyusX7PQ -goversion go1.27.0 -c=4 -nolocalimports -importcfg "$WORK\\b298\\importcfg" -pack "C:\\Users\\sanya\\go\\pkg\\mod\\github.com\\clipperhouse\\uax29\\v2@v2.2.0\\internal\\iterators\\iterator.go"
go tool buildid -w "$WORK\\b039\\_pkg_.a" # internal
go tool buildid -w "$WORK\\b233\\_pkg_.a" # internal
cd C:\msys64\mingw64\lib\go\src\internal\runtime\maps
"C:\\msys64\\mingw64\\lib\\go\\pkg\\tool\\windows_amd64\\asm.exe" -p internal/runtime/maps -trimpath "$WORK\\b024=>" -I "$WORK\\b024\\" -I "C:\\msys64\\mingw64\\lib\\go\\pkg\\include" -D GOOS_windows -D GOARCH_amd64 -std -D GOAMD64_v1 -o "$WORK\\b024\\memhash_nosimd_amd64.o" "C:\\msys64\\mingw64\\lib\\go\\src\\internal\\runtime\\maps\\memhash_nosimd_amd64.s"
go tool buildid -w "$WORK\\b245\\_pkg_.a" # internal
cp "$WORK\\b233\\_pkg_.a" "C:\\Users\\sanya\\AppData\\Local\\go-build\\09\\09fc7ed03134f88588a9fa4842b3018a98cf1577d6ae9cf61496afb069b2ab20-d" # internal
mkdir -p $WORK\b345\
github.com/gopxl/beep/v2/internal/util
go tool buildid -w "$WORK\\b235\\_pkg_.a" # internal
cat >C:\Users\sanya\AppData\Local\Temp\go-build1247343387\b345\importcfg << 'EOF' # internal
# import config
packagefile cmp=C:\Users\sanya\AppData\Local\Temp\go-build1247343387\b036\_pkg_.a
EOF
go tool buildid -w "$WORK\\b292\\_pkg_.a" # internal
cd C:\Users\sanya\Desktop\Dzvinock
"C:\\msys64\\mingw64\\lib\\go\\pkg\\tool\\windows_amd64\\compile.exe" -o "$WORK\\b345\\_pkg_.a" -trimpath "$WORK\\b345=>" -p github.com/gopxl/beep/v2/internal/util -lang=go1.21 -complete -buildid 9JipTu_6yYtqqQxqmjq-/9JipTu_6yYtqqQxqmjq- -goversion go1.27.0 -c=8 -nolocalimports -importcfg "$WORK\\b345\\importcfg" -pack "C:\\Users\\sanya\\go\\pkg\\mod\\github.com\\gopxl\\beep\\v2@v2.1.1\\internal\\util\\math.go"
cp "$WORK\\b245\\_pkg_.a" "C:\\Users\\sanya\\AppData\\Local\\go-build\\78\\78b276008484c0a40eb4d3d92c2830936df0f33f7d3d4dea2343376874b76463-d" # internal
mkdir -p $WORK\b365\
github.com/hajimehoshi/go-mp3/internal/bits
echo '# import config' > $WORK\b365\importcfg # internal
"C:\\msys64\\mingw64\\lib\\go\\pkg\\tool\\windows_amd64\\compile.exe" -o "$WORK\\b365\\_pkg_.a" -trimpath "$WORK\\b365=>" -p github.com/hajimehoshi/go-mp3/internal/bits -lang=go1.14 -complete -buildid PSaSh89cCnmUz8S8rCa9/PSaSh89cCnmUz8S8rCa9 -goversion go1.27.0 -c=7 -nolocalimports -importcfg "$WORK\\b365\\importcfg" -pack "C:\\Users\\sanya\\go\\pkg\\mod\\github.com\\hajimehoshi\\go-mp3@v0.3.4\\internal\\bits\\bits.go"
go tool buildid -w "$WORK\\b107\\_pkg_.a" # internal
cp "$WORK\\b292\\_pkg_.a" "C:\\Users\\sanya\\AppData\\Local\\go-build\\16\\160cd89f868d4073459aa1e9675368ba99b8dc921cffc951e399e6e866dacd52-d" # internal
cp "$WORK\\b235\\_pkg_.a" "C:\\Users\\sanya\\AppData\\Local\\go-build\\11\\1172d5e3d3fdc32cd6261b68cceaa74fb9d0cccbb4b86a34cefe31272540e1c8-d" # internal
go tool buildid -w "$WORK\\b298\\_pkg_.a" # internal
cp "$WORK\\b107\\_pkg_.a" "C:\\Users\\sanya\\AppData\\Local\\go-build\\42\\4263b425aefac47329cba050dd3e1db4f05553492f8bd57b2d31e264b473775c-d" # internal
cp "$WORK\\b298\\_pkg_.a" "C:\\Users\\sanya\\AppData\\Local\\go-build\\a1\\a1dfa3a8ab2e4cd2af7d0272e7852c86d247499f17b61638fca770be5103f7d2-d" # internal
cd C:\msys64\mingw64\lib\go\src\internal\runtime\maps
go tool pack r "$WORK\\b024\\_pkg_.a" "$WORK\\b024\\memhash_amd64.o" "$WORK\\b024\\memhash_nosimd_amd64.o" # internal
go tool buildid -w "$WORK\\b024\\_pkg_.a" # internal
cp "$WORK\\b039\\_pkg_.a" "C:\\Users\\sanya\\AppData\\Local\\go-build\\38\\3896bb3bd80072a47dbada194b1056d805ea51d27eee83f725410f6d5682713b-d" # internal
mkdir -p $WORK\b342\
math/cmplx
mkdir -p $WORK\b367\
cat >C:\Users\sanya\AppData\Local\Temp\go-build1247343387\b342\importcfg << 'EOF' # internal
# import config
packagefile math=C:\Users\sanya\AppData\Local\Temp\go-build1247343387\b039\_pkg_.a
packagefile math/bits=C:\Users\sanya\AppData\Local\Temp\go-build1247343387\b029\_pkg_.a
EOF
github.com/hajimehoshi/go-mp3/internal/imdct
cd C:\Users\sanya\Desktop\Dzvinock
"C:\\msys64\\mingw64\\lib\\go\\pkg\\tool\\windows_amd64\\compile.exe" -o "$WORK\\b342\\_pkg_.a" -trimpath "$WORK\\b342=>" -p math/cmplx -lang=go1.27 -std -complete -buildid oKMhG2YJGP84C4bDTBBq/oKMhG2YJGP84C4bDTBBq -goversion go1.27.0 -c=6 -nolocalimports -importcfg "$WORK\\b342\\importcfg" -pack "C:\\msys64\\mingw64\\lib\\go\\src\\math\\cmplx\\abs.go" "C:\\msys64\\mingw64\\lib\\go\\src\\math\\cmplx\\asin.go" "C:\\msys64\\mingw64\\lib\\go\\src\\math\\cmplx\\conj.go" "C:\\msys64\\mingw64\\lib\\go\\src\\math\\cmplx\\exp.go" "C:\\msys64\\mingw64\\lib\\go\\src\\math\\cmplx\\isinf.go" "C:\\msys64\\mingw64\\lib\\go\\src\\math\\cmplx\\isnan.go" "C:\\msys64\\mingw64\\lib\\go\\src\\math\\cmplx\\log.go" "C:\\msys64\\mingw64\\lib\\go\\src\\math\\cmplx\\phase.go" "C:\\msys64\\mingw64\\lib\\go\\src\\math\\cmplx\\polar.go" "C:\\msys64\\mingw64\\lib\\go\\src\\math\\cmplx\\pow.go" "C:\\msys64\\mingw64\\lib\\go\\src\\math\\cmplx\\rect.go" "C:\\msys64\\mingw64\\lib\\go\\src\\math\\cmplx\\sin.go" "C:\\msys64\\mingw64\\lib\\go\\src\\math\\cmplx\\sqrt.go" "C:\\msys64\\mingw64\\lib\\go\\src\\math\\cmplx\\tan.go"
cat >C:\Users\sanya\AppData\Local\Temp\go-build1247343387\b367\importcfg << 'EOF' # internal
# import config
packagefile math=C:\Users\sanya\AppData\Local\Temp\go-build1247343387\b039\_pkg_.a
EOF
"C:\\msys64\\mingw64\\lib\\go\\pkg\\tool\\windows_amd64\\compile.exe" -o "$WORK\\b367\\_pkg_.a" -trimpath "$WORK\\b367=>" -p github.com/hajimehoshi/go-mp3/internal/imdct -lang=go1.14 -complete -buildid A7uLv_43t7X6iPkFgdCg/A7uLv_43t7X6iPkFgdCg -goversion go1.27.0 -c=5 -nolocalimports -importcfg "$WORK\\b367\\importcfg" -pack "C:\\Users\\sanya\\go\\pkg\\mod\\github.com\\hajimehoshi\\go-mp3@v0.3.4\\internal\\imdct\\imdct.go"
go tool buildid -w "$WORK\\b365\\_pkg_.a" # internal
cp "$WORK\\b024\\_pkg_.a" "C:\\Users\\sanya\\AppData\\Local\\go-build\\d5\\d5f09cf6da5fb47fbfda6da16b80caa52bc934b7c29c658d7571fcd213f05d18-d" # internal
cp "$WORK\\b365\\_pkg_.a" "C:\\Users\\sanya\\AppData\\Local\\go-build\\c2\\c2881e0b7c07393a014446faa53836b100ddd5420b2dc1ff139b8a93193b6369-d" # internal
go tool buildid -w "$WORK\\b345\\_pkg_.a" # internal
mkdir -p $WORK\b009\
runtime
echo -n > $WORK\b009\go_asm.h # internal
cd C:\msys64\mingw64\lib\go\src\runtime
"C:\\msys64\\mingw64\\lib\\go\\pkg\\tool\\windows_amd64\\asm.exe" -p runtime -trimpath "$WORK\\b009=>" -I "$WORK\\b009\\" -I "C:\\msys64\\mingw64\\lib\\go\\pkg\\include" -D GOOS_windows -D GOARCH_amd64 -std -D GOAMD64_v1 -gensymabis -o "$WORK\\b009\\symabis" "C:\\msys64\\mingw64\\lib\\go\\src\\runtime\\asm.s" "C:\\msys64\\mingw64\\lib\\go\\src\\runtime\\asm_amd64.s" "C:\\msys64\\mingw64\\lib\\go\\src\\runtime\\ints.s" "C:\\msys64\\mingw64\\lib\\go\\src\\runtime\\memclr_amd64.s" "C:\\msys64\\mingw64\\lib\\go\\src\\runtime\\memmove_amd64.s" "C:\\msys64\\mingw64\\lib\\go\\src\\runtime\\preempt_amd64.s" "C:\\msys64\\mingw64\\lib\\go\\src\\runtime\\rt0_windows_amd64.s" "C:\\msys64\\mingw64\\lib\\go\\src\\runtime\\secret_amd64.s" "C:\\msys64\\mingw64\\lib\\go\\src\\runtime\\sys_windows_amd64.s" "C:\\msys64\\mingw64\\lib\\go\\src\\runtime\\test_amd64.s" "C:\\msys64\\mingw64\\lib\\go\\src\\runtime\\time_windows_amd64.s" "C:\\msys64\\mingw64\\lib\\go\\src\\runtime\\zcallback_windows.s"
cp "$WORK\\b345\\_pkg_.a" "C:\\Users\\sanya\\AppData\\Local\\go-build\\06\\06925e8070d2e23f5a808e341930b61843465426452cf2b86864c2fa9ba0750e-d" # internal
go tool buildid -w "$WORK\\b367\\_pkg_.a" # internal
cp "$WORK\\b367\\_pkg_.a" "C:\\Users\\sanya\\AppData\\Local\\go-build\\5b\\5b0a22424659187e1defc43fe6cd69f23c5ffdbc86c401c8f7c532062c8cfdd2-d" # internal
cat >C:\Users\sanya\AppData\Local\Temp\go-build1247343387\b009\importcfg << 'EOF' # internal
# import config
packagefile internal/abi=C:\Users\sanya\AppData\Local\Temp\go-build1247343387\b005\_pkg_.a
packagefile internal/bytealg=C:\Users\sanya\AppData\Local\Temp\go-build1247343387\b010\_pkg_.a
packagefile internal/byteorder=C:\Users\sanya\AppData\Local\Temp\go-build1247343387\b012\_pkg_.a
packagefile internal/chacha8rand=C:\Users\sanya\AppData\Local\Temp\go-build1247343387\b013\_pkg_.a
packagefile internal/coverage/rtcov=C:\Users\sanya\AppData\Local\Temp\go-build1247343387\b014\_pkg_.a
packagefile internal/cpu=C:\Users\sanya\AppData\Local\Temp\go-build1247343387\b011\_pkg_.a
packagefile internal/goarch=C:\Users\sanya\AppData\Local\Temp\go-build1247343387\b006\_pkg_.a
packagefile internal/godebugs=C:\Users\sanya\AppData\Local\Temp\go-build1247343387\b015\_pkg_.a
packagefile internal/goexperiment=C:\Users\sanya\AppData\Local\Temp\go-build1247343387\b016\_pkg_.a
packagefile internal/goos=C:\Users\sanya\AppData\Local\Temp\go-build1247343387\b017\_pkg_.a
packagefile internal/profilerecord=C:\Users\sanya\AppData\Local\Temp\go-build1247343387\b018\_pkg_.a
packagefile internal/runtime/atomic=C:\Users\sanya\AppData\Local\Temp\go-build1247343387\b019\_pkg_.a
packagefile internal/runtime/exithook=C:\Users\sanya\AppData\Local\Temp\go-build1247343387\b020\_pkg_.a
packagefile internal/runtime/gc=C:\Users\sanya\AppData\Local\Temp\go-build1247343387\b021\_pkg_.a
packagefile internal/runtime/gc/scan=C:\Users\sanya\AppData\Local\Temp\go-build1247343387\b022\_pkg_.a
packagefile internal/runtime/maps=C:\Users\sanya\AppData\Local\Temp\go-build1247343387\b024\_pkg_.a
packagefile internal/runtime/math=C:\Users\sanya\AppData\Local\Temp\go-build1247343387\b028\_pkg_.a
packagefile internal/runtime/pprof/label=C:\Users\sanya\AppData\Local\Temp\go-build1247343387\b030\_pkg_.a
packagefile internal/runtime/sys=C:\Users\sanya\AppData\Local\Temp\go-build1247343387\b023\_pkg_.a
packagefile internal/runtime/syscall/windows=C:\Users\sanya\AppData\Local\Temp\go-build1247343387\b031\_pkg_.a
packagefile internal/strconv=C:\Users\sanya\AppData\Local\Temp\go-build1247343387\b032\_pkg_.a
packagefile internal/stringslite=C:\Users\sanya\AppData\Local\Temp\go-build1247343387\b033\_pkg_.a
packagefile internal/trace/tracev2=C:\Users\sanya\AppData\Local\Temp\go-build1247343387\b034\_pkg_.a
packagefile math/bits=C:\Users\sanya\AppData\Local\Temp\go-build1247343387\b029\_pkg_.a
EOF
go tool buildid -w "$WORK\\b342\\_pkg_.a" # internal
cd C:\Users\sanya\Desktop\Dzvinock
"C:\\msys64\\mingw64\\lib\\go\\pkg\\tool\\windows_amd64\\compile.exe" -o "$WORK\\b009\\_pkg_.a" -trimpath "$WORK\\b009=>" -p runtime -lang=go1.27 -std -buildid 5hH2DpZV9k37eWBzAwoN/5hH2DpZV9k37eWBzAwoN -goversion go1.27.0 -symabis "$WORK\\b009\\symabis" -c=8 -nolocalimports -importcfg "$WORK\\b009\\importcfg" -pack -asmhdr "$WORK\\b009\\go_asm.h" "C:\\msys64\\mingw64\\lib\\go\\src\\runtime\\alg.go" "C:\\msys64\\mingw64\\lib\\go\\src\\runtime\\arena.go" "C:\\msys64\\mingw64\\lib\\go\\src\\runtime\\asan0.go" "C:\\msys64\\mingw64\\lib\\go\\src\\runtime\\atomic_pointer.go" "C:\\msys64\\mingw64\\lib\\go\\src\\runtime\\auxv_none.go" "C:\\msys64\\mingw64\\lib\\go\\src\\runtime\\badlinkname.go" "C:\\msys64\\mingw64\\lib\\go\\src\\runtime\\cgo.go" "C:\\msys64\\mingw64\\lib\\go\\src\\runtime\\cgocall.go" "C:\\msys64\\mingw64\\lib\\go\\src\\runtime\\cgocallback.go" "C:\\msys64\\mingw64\\lib\\go\\src\\runtime\\cgocheck.go" "C:\\msys64\\mingw64\\lib\\go\\src\\runtime\\cgroup_stubs.go" "C:\\msys64\\mingw64\\lib\\go\\src\\runtime\\chan.go" "C:\\msys64\\mingw64\\lib\\go\\src\\runtime\\checkptr.go" "C:\\msys64\\mingw64\\lib\\go\\src\\runtime\\compiler.go" "C:\\msys64\\mingw64\\lib\\go\\src\\runtime\\complex.go" "C:\\msys64\\mingw64\\lib\\go\\src\\runtime\\coro.go" "C:\\msys64\\mingw64\\lib\\go\\src\\runtime\\covercounter.go" "C:\\msys64\\mingw64\\lib\\go\\src\\runtime\\covermeta.go" "C:\\msys64\\mingw64\\lib\\go\\src\\runtime\\cpuflags.go" "C:\\msys64\\mingw64\\lib\\go\\src\\runtime\\cpuflags_amd64.go" "C:\\msys64\\mingw64\\lib\\go\\src\\runtime\\cpuprof.go" "C:\\msys64\\mingw64\\lib\\go\\src\\runtime\\cputicks.go" "C:\\msys64\\mingw64\\lib\\go\\src\\runtime\\create_file_nounix.go" "C:\\msys64\\mingw64\\lib\\go\\src\\runtime\\debug.go" "C:\\msys64\\mingw64\\lib\\go\\src\\runtime\\debugcall.go" "C:\\msys64\\mingw64\\lib\\go\\src\\runtime\\debuglog.go" "C:\\msys64\\mingw64\\lib\\go\\src\\runtime\\debuglog_off.go" "C:\\msys64\\mingw64\\lib\\go\\src\\runtime\\dit.go" "C:\\msys64\\mingw64\\lib\\go\\src\\runtime\\env_posix.go" "C:\\msys64\\mingw64\\lib\\go\\src\\runtime\\error.go" "C:\\msys64\\mingw64\\lib\\go\\src\\runtime\\extern.go" "C:\\msys64\\mingw64\\lib\\go\\src\\runtime\\fastlog2.go" "C:\\msys64\\mingw64\\lib\\go\\src\\runtime\\fastlog2table.go" "C:\\msys64\\mingw64\\lib\\go\\src\\runtime\\fds_nonunix.go" "C:\\msys64\\mingw64\\lib\\go\\src\\runtime\\fipsbypass.go" "C:\\msys64\\mingw64\\lib\\go\\src\\runtime\\float.go" "C:\\msys64\\mingw64\\lib\\go\\src\\runtime\\heapdump.go" "C:\\msys64\\mingw64\\lib\\go\\src\\runtime\\hexdump.go" "C:\\msys64\\mingw64\\lib\\go\\src\\runtime\\histogram.go" "C:\\msys64\\mingw64\\lib\\go\\src\\runtime\\iface.go" "C:\\msys64\\mingw64\\lib\\go\\src\\runtime\\lfstack.go" "C:\\msys64\\mingw64\\lib\\go\\src\\runtime\\libinit.go" "C:\\msys64\\mingw64\\lib\\go\\src\\runtime\\linkname.go" "C:\\msys64\\mingw64\\lib\\go\\src\\runtime\\linkname_shim.go" "C:\\msys64\\mingw64\\lib\\go\\src\\runtime\\list.go" "C:\\msys64\\mingw64\\lib\\go\\src\\runtime\\list_manual.go" "C:\\msys64\\mingw64\\lib\\go\\src\\runtime\\lock_sema.go" "C:\\msys64\\mingw64\\lib\\go\\src\\runtime\\lock_spinbit.go" "C:\\msys64\\mingw64\\lib\\go\\src\\runtime\\lockrank.go" "C:\\msys64\\mingw64\\lib\\go\\src\\runtime\\lockrank_off.go" "C:\\msys64\\mingw64\\lib\\go\\src\\runtime\\malloc.go" "C:\\msys64\\mingw64\\lib\\go\\src\\runtime\\malloc_generated.go" "C:\\msys64\\mingw64\\lib\\go\\src\\runtime\\malloc_stubs.go" "C:\\msys64\\mingw64\\lib\\go\\src\\runtime\\malloc_tables_generated.go" "C:\\msys64\\mingw64\\lib\\go\\src\\runtime\\map.go" "C:\\msys64\\mingw64\\lib\\go\\src\\runtime\\map_fast32.go" "C:\\msys64\\mingw64\\lib\\go\\src\\runtime\\map_fast64.go" "C:\\msys64\\mingw64\\lib\\go\\src\\runtime\\map_faststr.go" "C:\\msys64\\mingw64\\lib\\go\\src\\runtime\\mbarrier.go" "C:\\msys64\\mingw64\\lib\\go\\src\\runtime\\mbitmap.go" "C:\\msys64\\mingw64\\lib\\go\\src\\runtime\\mcache.go" "C:\\msys64\\mingw64\\lib\\go\\src\\runtime\\mcentral.go" "C:\\msys64\\mingw64\\lib\\go\\src\\runtime\\mcheckmark.go" "C:\\msys64\\mingw64\\lib\\go\\src\\runtime\\mcleanup.go" "C:\\msys64\\mingw64\\lib\\go\\src\\runtime\\mem.go" "C:\\msys64\\mingw64\\lib\\go\\src\\runtime\\mem_nonsbrk.go" "C:\\msys64\\mingw64\\lib\\go\\src\\runtime\\mem_windows.go" "C:\\msys64\\mingw64\\lib\\go\\src\\runtime\\metrics.go" "C:\\msys64\\mingw64\\lib\\go\\src\\runtime\\mfinal.go" "C:\\msys64\\mingw64\\lib\\go\\src\\runtime\\mfixalloc.go" "C:\\msys64\\mingw64\\lib\\go\\src\\runtime\\mgc.go" "C:\\msys64\\mingw64\\lib\\go\\src\\runtime\\mgclimit.go" "C:\\msys64\\mingw64\\lib\\go\\src\\runtime\\mgcmark.go" "C:\\msys64\\mingw64\\lib\\go\\src\\runtime\\mgcmark_greenteagc.go" "C:\\msys64\\mingw64\\lib\\go\\src\\runtime\\mgcpacer.go" "C:\\msys64\\mingw64\\lib\\go\\src\\runtime\\mgcscavenge.go" "C:\\msys64\\mingw64\\lib\\go\\src\\runtime\\mgcstack.go" "C:\\msys64\\mingw64\\lib\\go\\src\\runtime\\mgcsweep.go" "C:\\msys64\\mingw64\\lib\\go\\src\\runtime\\mgcwork.go" "C:\\msys64\\mingw64\\lib\\go\\src\\runtime\\mheap.go" "C:\\msys64\\mingw64\\lib\\go\\src\\runtime\\minmax.go" "C:\\msys64\\mingw64\\lib\\go\\src\\runtime\\mpagealloc.go" "C:\\msys64\\mingw64\\lib\\go\\src\\runtime\\mpagealloc_64bit.go" "C:\\msys64\\mingw64\\lib\\go\\src\\runtime\\mpagecache.go" "C:\\msys64\\mingw64\\lib\\go\\src\\runtime\\mpallocbits.go" "C:\\msys64\\mingw64\\lib\\go\\src\\runtime\\mprof.go" "C:\\msys64\\mingw64\\lib\\go\\src\\runtime\\mranges.go" "C:\\msys64\\mingw64\\lib\\go\\src\\runtime\\msan0.go" "C:\\msys64\\mingw64\\lib\\go\\src\\runtime\\msize.go" "C:\\msys64\\mingw64\\lib\\go\\src\\runtime\\mspanset.go" "C:\\msys64\\mingw64\\lib\\go\\src\\runtime\\mstats.go" "C:\\msys64\\mingw64\\lib\\go\\src\\runtime\\mwbbuf.go" "C:\\msys64\\mingw64\\lib\\go\\src\\runtime\\netpoll.go" "C:\\msys64\\mingw64\\lib\\go\\src\\runtime\\netpoll_windows.go" "C:\\msys64\\mingw64\\lib\\go\\src\\runtime\\note_other.go" "C:\\msys64\\mingw64\\lib\\go\\src\\runtime\\os_nonopenbsd.go" "C:\\msys64\\mingw64\\lib\\go\\src\\runtime\\os_windows.go" "C:\\msys64\\mingw64\\lib\\go\\src\\runtime\\panic.go" "C:\\msys64\\mingw64\\lib\\go\\src\\runtime\\pinner.go" "C:\\msys64\\mingw64\\lib\\go\\src\\runtime\\plugin.go" "C:\\msys64\\mingw64\\lib\\go\\src\\runtime\\preempt.go" "C:\\msys64\\mingw64\\lib\\go\\src\\runtime\\preempt_amd64.go" "C:\\msys64\\mingw64\\lib\\go\\src\\runtime\\preempt_xreg.go" "C:\\msys64\\mingw64\\lib\\go\\src\\runtime\\print.go" "C:\\msys64\\mingw64\\lib\\go\\src\\runtime\\proc.go" "C:\\msys64\\mingw64\\lib\\go\\src\\runtime\\profbuf.go" "C:\\msys64\\mingw64\\lib\\go\\src\\runtime\\proflabel.go" "C:\\msys64\\mingw64\\lib\\go\\src\\runtime\\race0.go" "C:\\msys64\\mingw64\\lib\\go\\src\\runtime\\rand.go" "C:\\msys64\\mingw64\\lib\\go\\src\\runtime\\rdebug.go" "C:\\msys64\\mingw64\\lib\\go\\src\\runtime\\runtime.go" "C:\\msys64\\mingw64\\lib\\go\\src\\runtime\\runtime1.go" "C:\\msys64\\mingw64\\lib\\go\\src\\runtime\\runtime2.go" "C:\\msys64\\mingw64\\lib\\go\\src\\runtime\\runtime_boring.go" "C:\\msys64\\mingw64\\lib\\go\\src\\runtime\\runtime_noclearenv.go" "C:\\msys64\\mingw64\\lib\\go\\src\\runtime\\rwmutex.go" "C:\\msys64\\mingw64\\lib\\go\\src\\runtime\\secret_asm.go" "C:\\msys64\\mingw64\\lib\\go\\src\\runtime\\secret_nosecret.go" "C:\\msys64\\mingw64\\lib\\go\\src\\runtime\\security_nonunix.go" "C:\\msys64\\mingw64\\lib\\go\\src\\runtime\\select.go" "C:\\msys64\\mingw64\\lib\\go\\src\\runtime\\sema.go" "C:\\msys64\\mingw64\\lib\\go\\src\\runtime\\set_vma_name_stub.go" "C:\\msys64\\mingw64\\lib\\go\\src\\runtime\\signal_windows.go" "C:\\msys64\\mingw64\\lib\\go\\src\\runtime\\signal_windows_amd64.go" "C:\\msys64\\mingw64\\lib\\go\\src\\runtime\\sigqueue.go" "C:\\msys64\\mingw64\\lib\\go\\src\\runtime\\sigqueue_note.go" "C:\\msys64\\mingw64\\lib\\go\\src\\runtime\\slice.go" "C:\\msys64\\mingw64\\lib\\go\\src\\runtime\\softfloat64.go" "C:\\msys64\\mingw64\\lib\\go\\src\\runtime\\stack.go" "C:\\msys64\\mingw64\\lib\\go\\src\\runtime\\stkframe.go" "C:\\msys64\\mingw64\\lib\\go\\src\\runtime\\string.go" "C:\\msys64\\mingw64\\lib\\go\\src\\runtime\\stubs.go" "C:\\msys64\\mingw64\\lib\\go\\src\\runtime\\stubs3.go" "C:\\msys64\\mingw64\\lib\\go\\src\\runtime\\stubs_amd64.go" "C:\\msys64\\mingw64\\lib\\go\\src\\runtime\\stubs_nonlinux.go" "C:\\msys64\\mingw64\\lib\\go\\src\\runtime\\stubs_nonwasm.go" "C:\\msys64\\mingw64\\lib\\go\\src\\runtime\\symtab.go" "C:\\msys64\\mingw64\\lib\\go\\src\\runtime\\symtabinl.go" "C:\\msys64\\mingw64\\lib\\go\\src\\runtime\\synctest.go" "C:\\msys64\\mingw64\\lib\\go\\src\\runtime\\sys_nonppc64x.go" "C:\\msys64\\mingw64\\lib\\go\\src\\runtime\\sys_x86.go" "C:\\msys64\\mingw64\\lib\\go\\src\\runtime\\syscall_windows.go" "C:\\msys64\\mingw64\\lib\\go\\src\\runtime\\tagptr.go" "C:\\msys64\\mingw64\\lib\\go\\src\\runtime\\tagptr_64bit.go" "C:\\msys64\\mingw64\\lib\\go\\src\\runtime\\test_amd64.go" "C:\\msys64\\mingw64\\lib\\go\\src\\runtime\\time.go" "C:\\msys64\\mingw64\\lib\\go\\src\\runtime\\time_nofake.go" "C:\\msys64\\mingw64\\lib\\go\\src\\runtime\\timeasm.go" "C:\\msys64\\mingw64\\lib\\go\\src\\runtime\\tls_windows_amd64.go" "C:\\msys64\\mingw64\\lib\\go\\src\\runtime\\trace.go" "C:\\msys64\\mingw64\\lib\\go\\src\\runtime\\traceallocfree.go" "C:\\msys64\\mingw64\\lib\\go\\src\\runtime\\traceback.go" "C:\\msys64\\mingw64\\lib\\go\\src\\runtime\\tracebuf.go" "C:\\msys64\\mingw64\\lib\\go\\src\\runtime\\tracecpu.go" "C:\\msys64\\mingw64\\lib\\go\\src\\runtime\\traceevent.go" "C:\\msys64\\mingw64\\lib\\go\\src\\runtime\\tracemap.go" "C:\\msys64\\mingw64\\lib\\go\\src\\runtime\\traceregion.go" "C:\\msys64\\mingw64\\lib\\go\\src\\runtime\\traceruntime.go" "C:\\msys64\\mingw64\\lib\\go\\src\\runtime\\tracestack.go" "C:\\msys64\\mingw64\\lib\\go\\src\\runtime\\tracestatus.go" "C:\\msys64\\mingw64\\lib\\go\\src\\runtime\\tracestring.go" "C:\\msys64\\mingw64\\lib\\go\\src\\runtime\\tracetime.go" "C:\\msys64\\mingw64\\lib\\go\\src\\runtime\\tracetype.go" "C:\\msys64\\mingw64\\lib\\go\\src\\runtime\\type.go" "C:\\msys64\\mingw64\\lib\\go\\src\\runtime\\unsafe.go" "C:\\msys64\\mingw64\\lib\\go\\src\\runtime\\utf8.go" "C:\\msys64\\mingw64\\lib\\go\\src\\runtime\\valgrind0.go" "C:\\msys64\\mingw64\\lib\\go\\src\\runtime\\vdso_in_none.go" "C:\\msys64\\mingw64\\lib\\go\\src\\runtime\\vgetrandom_unsupported.go" "C:\\msys64\\mingw64\\lib\\go\\src\\runtime\\write_err.go" "C:\\msys64\\mingw64\\lib\\go\\src\\runtime\\zcallback_windows.go"
cp "$WORK\\b342\\_pkg_.a" "C:\\Users\\sanya\\AppData\\Local\\go-build\\72\\72a265fcda48787cb60e5cf4e662d86170543fb11dde6b9f3a4e8ed5c922acec-d" # internal
cp C:\msys64\mingw64\lib\go\src\runtime\asm_amd64.h $WORK\b009\asm_GOARCH.h
cp C:\msys64\mingw64\lib\go\src\runtime\time_windows.h $WORK\b009\time_GOOS.h
cd C:\msys64\mingw64\lib\go\src\runtime
"C:\\msys64\\mingw64\\lib\\go\\pkg\\tool\\windows_amd64\\asm.exe" -p runtime -trimpath "$WORK\\b009=>" -I "$WORK\\b009\\" -I "C:\\msys64\\mingw64\\lib\\go\\pkg\\include" -D GOOS_windows -D GOARCH_amd64 -std -D GOAMD64_v1 -o "$WORK\\b009\\asm.o" "C:\\msys64\\mingw64\\lib\\go\\src\\runtime\\asm.s"
"C:\\msys64\\mingw64\\lib\\go\\pkg\\tool\\windows_amd64\\asm.exe" -p runtime -trimpath "$WORK\\b009=>" -I "$WORK\\b009\\" -I "C:\\msys64\\mingw64\\lib\\go\\pkg\\include" -D GOOS_windows -D GOARCH_amd64 -std -D GOAMD64_v1 -o "$WORK\\b009\\asm_amd64.o" "C:\\msys64\\mingw64\\lib\\go\\src\\runtime\\asm_amd64.s"
"C:\\msys64\\mingw64\\lib\\go\\pkg\\tool\\windows_amd64\\asm.exe" -p runtime -trimpath "$WORK\\b009=>" -I "$WORK\\b009\\" -I "C:\\msys64\\mingw64\\lib\\go\\pkg\\include" -D GOOS_windows -D GOARCH_amd64 -std -D GOAMD64_v1 -o "$WORK\\b009\\ints.o" "C:\\msys64\\mingw64\\lib\\go\\src\\runtime\\ints.s"
"C:\\msys64\\mingw64\\lib\\go\\pkg\\tool\\windows_amd64\\asm.exe" -p runtime -trimpath "$WORK\\b009=>" -I "$WORK\\b009\\" -I "C:\\msys64\\mingw64\\lib\\go\\pkg\\include" -D GOOS_windows -D GOARCH_amd64 -std -D GOAMD64_v1 -o "$WORK\\b009\\memclr_amd64.o" "C:\\msys64\\mingw64\\lib\\go\\src\\runtime\\memclr_amd64.s"
"C:\\msys64\\mingw64\\lib\\go\\pkg\\tool\\windows_amd64\\asm.exe" -p runtime -trimpath "$WORK\\b009=>" -I "$WORK\\b009\\" -I "C:\\msys64\\mingw64\\lib\\go\\pkg\\include" -D GOOS_windows -D GOARCH_amd64 -std -D GOAMD64_v1 -o "$WORK\\b009\\memmove_amd64.o" "C:\\msys64\\mingw64\\lib\\go\\src\\runtime\\memmove_amd64.s"
"C:\\msys64\\mingw64\\lib\\go\\pkg\\tool\\windows_amd64\\asm.exe" -p runtime -trimpath "$WORK\\b009=>" -I "$WORK\\b009\\" -I "C:\\msys64\\mingw64\\lib\\go\\pkg\\include" -D GOOS_windows -D GOARCH_amd64 -std -D GOAMD64_v1 -o "$WORK\\b009\\preempt_amd64.o" "C:\\msys64\\mingw64\\lib\\go\\src\\runtime\\preempt_amd64.s"
"C:\\msys64\\mingw64\\lib\\go\\pkg\\tool\\windows_amd64\\asm.exe" -p runtime -trimpath "$WORK\\b009=>" -I "$WORK\\b009\\" -I "C:\\msys64\\mingw64\\lib\\go\\pkg\\include" -D GOOS_windows -D GOARCH_amd64 -std -D GOAMD64_v1 -o "$WORK\\b009\\rt0_windows_amd64.o" "C:\\msys64\\mingw64\\lib\\go\\src\\runtime\\rt0_windows_amd64.s"
"C:\\msys64\\mingw64\\lib\\go\\pkg\\tool\\windows_amd64\\asm.exe" -p runtime -trimpath "$WORK\\b009=>" -I "$WORK\\b009\\" -I "C:\\msys64\\mingw64\\lib\\go\\pkg\\include" -D GOOS_windows -D GOARCH_amd64 -std -D GOAMD64_v1 -o "$WORK\\b009\\secret_amd64.o" "C:\\msys64\\mingw64\\lib\\go\\src\\runtime\\secret_amd64.s"
"C:\\msys64\\mingw64\\lib\\go\\pkg\\tool\\windows_amd64\\asm.exe" -p runtime -trimpath "$WORK\\b009=>" -I "$WORK\\b009\\" -I "C:\\msys64\\mingw64\\lib\\go\\pkg\\include" -D GOOS_windows -D GOARCH_amd64 -std -D GOAMD64_v1 -o "$WORK\\b009\\sys_windows_amd64.o" "C:\\msys64\\mingw64\\lib\\go\\src\\runtime\\sys_windows_amd64.s"
"C:\\msys64\\mingw64\\lib\\go\\pkg\\tool\\windows_amd64\\asm.exe" -p runtime -trimpath "$WORK\\b009=>" -I "$WORK\\b009\\" -I "C:\\msys64\\mingw64\\lib\\go\\pkg\\include" -D GOOS_windows -D GOARCH_amd64 -std -D GOAMD64_v1 -o "$WORK\\b009\\test_amd64.o" "C:\\msys64\\mingw64\\lib\\go\\src\\runtime\\test_amd64.s"
"C:\\msys64\\mingw64\\lib\\go\\pkg\\tool\\windows_amd64\\asm.exe" -p runtime -trimpath "$WORK\\b009=>" -I "$WORK\\b009\\" -I "C:\\msys64\\mingw64\\lib\\go\\pkg\\include" -D GOOS_windows -D GOARCH_amd64 -std -D GOAMD64_v1 -o "$WORK\\b009\\time_windows_amd64.o" "C:\\msys64\\mingw64\\lib\\go\\src\\runtime\\time_windows_amd64.s"
"C:\\msys64\\mingw64\\lib\\go\\pkg\\tool\\windows_amd64\\asm.exe" -p runtime -trimpath "$WORK\\b009=>" -I "$WORK\\b009\\" -I "C:\\msys64\\mingw64\\lib\\go\\pkg\\include" -D GOOS_windows -D GOARCH_amd64 -std -D GOAMD64_v1 -o "$WORK\\b009\\zcallback_windows.o" "C:\\msys64\\mingw64\\lib\\go\\src\\runtime\\zcallback_windows.s"
go tool pack r "$WORK\\b009\\_pkg_.a" "$WORK\\b009\\asm.o" "$WORK\\b009\\asm_amd64.o" "$WORK\\b009\\ints.o" "$WORK\\b009\\memclr_amd64.o" "$WORK\\b009\\memmove_amd64.o" "$WORK\\b009\\preempt_amd64.o" "$WORK\\b009\\rt0_windows_amd64.o" "$WORK\\b009\\secret_amd64.o" "$WORK\\b009\\sys_windows_amd64.o" "$WORK\\b009\\test_amd64.o" "$WORK\\b009\\time_windows_amd64.o" "$WORK\\b009\\zcallback_windows.o" # internal
go tool buildid -w "$WORK\\b009\\_pkg_.a" # internal
cp "$WORK\\b009\\_pkg_.a" "C:\\Users\\sanya\\AppData\\Local\\go-build\\2f\\2fb2d66f2c64a9616e47a72ef36dd5b1c9625ade475598b384099a07c3fbc5df-d" # internal
mkdir -p $WORK\b038\
mkdir -p $WORK\b127\
mkdir -p $WORK\b004\
iter
weak
internal/reflectlite
mkdir -p $WORK\b042\
sync
cat >C:\Users\sanya\AppData\Local\Temp\go-build1247343387\b038\importcfg << 'EOF' # internal
# import config
packagefile internal/race=C:\Users\sanya\AppData\Local\Temp\go-build1247343387\b027\_pkg_.a
packagefile runtime=C:\Users\sanya\AppData\Local\Temp\go-build1247343387\b009\_pkg_.a
EOF
echo -n > $WORK\b004\go_asm.h # internal
cat >C:\Users\sanya\AppData\Local\Temp\go-build1247343387\b127\importcfg << 'EOF' # internal
# import config
packagefile internal/abi=C:\Users\sanya\AppData\Local\Temp\go-build1247343387\b005\_pkg_.a
packagefile runtime=C:\Users\sanya\AppData\Local\Temp\go-build1247343387\b009\_pkg_.a
EOF
cd C:\Users\sanya\Desktop\Dzvinock
"C:\\msys64\\mingw64\\lib\\go\\pkg\\tool\\windows_amd64\\compile.exe" -o "$WORK\\b038\\_pkg_.a" -trimpath "$WORK\\b038=>" -p iter -lang=go1.27 -std -complete -buildid W4GTZTrpuDE-R5f2iO58/W4GTZTrpuDE-R5f2iO58 -goversion go1.27.0 -c=8 -nolocalimports -importcfg "$WORK\\b038\\importcfg" -pack "C:\\msys64\\mingw64\\lib\\go\\src\\iter\\iter.go"
cd C:\msys64\mingw64\lib\go\src\internal\reflectlite
"C:\\msys64\\mingw64\\lib\\go\\pkg\\tool\\windows_amd64\\asm.exe" -p internal/reflectlite -trimpath "$WORK\\b004=>" -I "$WORK\\b004\\" -I "C:\\msys64\\mingw64\\lib\\go\\pkg\\include" -D GOOS_windows -D GOARCH_amd64 -std -D GOAMD64_v1 -gensymabis -o "$WORK\\b004\\symabis" "C:\\msys64\\mingw64\\lib\\go\\src\\internal\\reflectlite\\asm.s"
cd C:\Users\sanya\Desktop\Dzvinock
"C:\\msys64\\mingw64\\lib\\go\\pkg\\tool\\windows_amd64\\compile.exe" -o "$WORK\\b127\\_pkg_.a" -trimpath "$WORK\\b127=>" -p weak -lang=go1.27 -std -complete -buildid W6LXPnHeSggg0kDdvJei/W6LXPnHeSggg0kDdvJei -goversion go1.27.0 -c=8 -nolocalimports -importcfg "$WORK\\b127\\importcfg" -pack "C:\\msys64\\mingw64\\lib\\go\\src\\weak\\doc.go" "C:\\msys64\\mingw64\\lib\\go\\src\\weak\\pointer.go"
cat >C:\Users\sanya\AppData\Local\Temp\go-build1247343387\b042\importcfg << 'EOF' # internal
# import config
packagefile internal/race=C:\Users\sanya\AppData\Local\Temp\go-build1247343387\b027\_pkg_.a
packagefile internal/runtime/atomic=C:\Users\sanya\AppData\Local\Temp\go-build1247343387\b019\_pkg_.a
packagefile internal/sync=C:\Users\sanya\AppData\Local\Temp\go-build1247343387\b043\_pkg_.a
packagefile internal/synctest=C:\Users\sanya\AppData\Local\Temp\go-build1247343387\b045\_pkg_.a
packagefile runtime=C:\Users\sanya\AppData\Local\Temp\go-build1247343387\b009\_pkg_.a
packagefile sync/atomic=C:\Users\sanya\AppData\Local\Temp\go-build1247343387\b044\_pkg_.a
EOF
"C:\\msys64\\mingw64\\lib\\go\\pkg\\tool\\windows_amd64\\compile.exe" -o "$WORK\\b042\\_pkg_.a" -trimpath "$WORK\\b042=>" -p sync -lang=go1.27 -std -buildid o_7qXku-l52D56NBYpVF/o_7qXku-l52D56NBYpVF -goversion go1.27.0 -c=6 -nolocalimports -importcfg "$WORK\\b042\\importcfg" -pack "C:\\msys64\\mingw64\\lib\\go\\src\\sync\\cond.go" "C:\\msys64\\mingw64\\lib\\go\\src\\sync\\map.go" "C:\\msys64\\mingw64\\lib\\go\\src\\sync\\mutex.go" "C:\\msys64\\mingw64\\lib\\go\\src\\sync\\once.go" "C:\\msys64\\mingw64\\lib\\go\\src\\sync\\oncefunc.go" "C:\\msys64\\mingw64\\lib\\go\\src\\sync\\pool.go" "C:\\msys64\\mingw64\\lib\\go\\src\\sync\\poolqueue.go" "C:\\msys64\\mingw64\\lib\\go\\src\\sync\\runtime.go" "C:\\msys64\\mingw64\\lib\\go\\src\\sync\\runtime2.go" "C:\\msys64\\mingw64\\lib\\go\\src\\sync\\rwmutex.go" "C:\\msys64\\mingw64\\lib\\go\\src\\sync\\waitgroup.go"
cat >C:\Users\sanya\AppData\Local\Temp\go-build1247343387\b004\importcfg << 'EOF' # internal
# import config
packagefile internal/abi=C:\Users\sanya\AppData\Local\Temp\go-build1247343387\b005\_pkg_.a
packagefile internal/goarch=C:\Users\sanya\AppData\Local\Temp\go-build1247343387\b006\_pkg_.a
packagefile internal/unsafeheader=C:\Users\sanya\AppData\Local\Temp\go-build1247343387\b008\_pkg_.a
packagefile runtime=C:\Users\sanya\AppData\Local\Temp\go-build1247343387\b009\_pkg_.a
EOF
"C:\\msys64\\mingw64\\lib\\go\\pkg\\tool\\windows_amd64\\compile.exe" -o "$WORK\\b004\\_pkg_.a" -trimpath "$WORK\\b004=>" -p internal/reflectlite -lang=go1.27 -std -buildid o6O-YcWb8qOFrbX9eNR1/o6O-YcWb8qOFrbX9eNR1 -goversion go1.27.0 -symabis "$WORK\\b004\\symabis" -c=5 -nolocalimports -importcfg "$WORK\\b004\\importcfg" -pack -asmhdr "$WORK\\b004\\go_asm.h" "C:\\msys64\\mingw64\\lib\\go\\src\\internal\\reflectlite\\swapper.go" "C:\\msys64\\mingw64\\lib\\go\\src\\internal\\reflectlite\\type.go" "C:\\msys64\\mingw64\\lib\\go\\src\\internal\\reflectlite\\value.go"
go tool buildid -w "$WORK\\b038\\_pkg_.a" # internal
go tool buildid -w "$WORK\\b127\\_pkg_.a" # internal
cp "$WORK\\b038\\_pkg_.a" "C:\\Users\\sanya\\AppData\\Local\\go-build\\4b\\4b39cfe73152e7ed7e3349203ea51750c450986e7a5dac6cee4c72c35547ca15-d" # internal
mkdir -p $WORK\b167\
maps
mkdir -p $WORK\b047\
slices
cat >C:\Users\sanya\AppData\Local\Temp\go-build1247343387\b047\importcfg << 'EOF' # internal
# import config
packagefile cmp=C:\Users\sanya\AppData\Local\Temp\go-build1247343387\b036\_pkg_.a
packagefile iter=C:\Users\sanya\AppData\Local\Temp\go-build1247343387\b038\_pkg_.a
packagefile math/bits=C:\Users\sanya\AppData\Local\Temp\go-build1247343387\b029\_pkg_.a
EOF
"C:\\msys64\\mingw64\\lib\\go\\pkg\\tool\\windows_amd64\\compile.exe" -o "$WORK\\b047\\_pkg_.a" -trimpath "$WORK\\b047=>" -p slices -lang=go1.27 -std -complete -buildid MxH6Efzsjx7pMDSxwGHn/MxH6Efzsjx7pMDSxwGHn -goversion go1.27.0 -c=8 -nolocalimports -importcfg "$WORK\\b047\\importcfg" -pack "C:\\msys64\\mingw64\\lib\\go\\src\\slices\\iter.go" "C:\\msys64\\mingw64\\lib\\go\\src\\slices\\slices.go" "C:\\msys64\\mingw64\\lib\\go\\src\\slices\\sort.go" "C:\\msys64\\mingw64\\lib\\go\\src\\slices\\zsortanyfunc.go" "C:\\msys64\\mingw64\\lib\\go\\src\\slices\\zsortordered.go"
cp "$WORK\\b127\\_pkg_.a" "C:\\Users\\sanya\\AppData\\Local\\go-build\\23\\238b081662c663e94dfa92c4e38327280f2bf56a4bbce037f7879355655fbd17-d" # internal
cat >C:\Users\sanya\AppData\Local\Temp\go-build1247343387\b167\importcfg << 'EOF' # internal
# import config
packagefile iter=C:\Users\sanya\AppData\Local\Temp\go-build1247343387\b038\_pkg_.a
EOF
"C:\\msys64\\mingw64\\lib\\go\\pkg\\tool\\windows_amd64\\compile.exe" -o "$WORK\\b167\\_pkg_.a" -trimpath "$WORK\\b167=>" -p maps -lang=go1.27 -std -complete -buildid 5uQDXV4iP7sNlLI8VDDa/5uQDXV4iP7sNlLI8VDDa -goversion go1.27.0 -c=6 -nolocalimports -importcfg "$WORK\\b167\\importcfg" -pack "C:\\msys64\\mingw64\\lib\\go\\src\\maps\\iter.go" "C:\\msys64\\mingw64\\lib\\go\\src\\maps\\maps.go"
go tool buildid -w "$WORK\\b167\\_pkg_.a" # internal
cp "$WORK\\b167\\_pkg_.a" "C:\\Users\\sanya\\AppData\\Local\\go-build\\42\\427dbdc5e7578a7206515b50a65615a7aab8a1aa0a5f8a53a00e8f0a7c8298a7-d" # internal
go tool buildid -w "$WORK\\b047\\_pkg_.a" # internal
go tool buildid -w "$WORK\\b042\\_pkg_.a" # internal
cp "$WORK\\b047\\_pkg_.a" "C:\\Users\\sanya\\AppData\\Local\\go-build\\09\\09c5fc5b88ad008c3bf343ce350741a081e272d861b55391a14c47214f292fec-d" # internal
cd C:\msys64\mingw64\lib\go\src\internal\reflectlite
"C:\\msys64\\mingw64\\lib\\go\\pkg\\tool\\windows_amd64\\asm.exe" -p internal/reflectlite -trimpath "$WORK\\b004=>" -I "$WORK\\b004\\" -I "C:\\msys64\\mingw64\\lib\\go\\pkg\\include" -D GOOS_windows -D GOARCH_amd64 -std -D GOAMD64_v1 -o "$WORK\\b004\\asm.o" "C:\\msys64\\mingw64\\lib\\go\\src\\internal\\reflectlite\\asm.s"
cp "$WORK\\b042\\_pkg_.a" "C:\\Users\\sanya\\AppData\\Local\\go-build\\e0\\e0872717895d8faed1a1ed2a7b776bef549976c28dc1b7b163c5000f4cd8a5e6-d" # internal
mkdir -p $WORK\b126\
mkdir -p $WORK\b062\
mkdir -p $WORK\b171\
mkdir -p $WORK\b316\
mkdir -p $WORK\b065\
mkdir -p $WORK\b173\
internal/bisect
crypto/internal/fips140cache
internal/singleflight
cat >C:\Users\sanya\AppData\Local\Temp\go-build1247343387\b171\importcfg << 'EOF' # internal
# import config
packagefile sync=C:\Users\sanya\AppData\Local\Temp\go-build1247343387\b042\_pkg_.a
EOF
cat >C:\Users\sanya\AppData\Local\Temp\go-build1247343387\b062\importcfg << 'EOF' # internal
# import config
packagefile runtime=C:\Users\sanya\AppData\Local\Temp\go-build1247343387\b009\_pkg_.a
packagefile sync=C:\Users\sanya\AppData\Local\Temp\go-build1247343387\b042\_pkg_.a
packagefile sync/atomic=C:\Users\sanya\AppData\Local\Temp\go-build1247343387\b044\_pkg_.a
EOF
cd C:\Users\sanya\Desktop\Dzvinock
"C:\\msys64\\mingw64\\lib\\go\\pkg\\tool\\windows_amd64\\compile.exe" -o "$WORK\\b171\\_pkg_.a" -trimpath "$WORK\\b171=>" -p internal/singleflight -lang=go1.27 -std -complete -buildid 4IQv3sTV5dFdmI_Rdm4O/4IQv3sTV5dFdmI_Rdm4O -goversion go1.27.0 -c=8 -nolocalimports -importcfg "$WORK\\b171\\importcfg" -pack "C:\\msys64\\mingw64\\lib\\go\\src\\internal\\singleflight\\singleflight.go"
"C:\\msys64\\mingw64\\lib\\go\\pkg\\tool\\windows_amd64\\compile.exe" -o "$WORK\\b062\\_pkg_.a" -trimpath "$WORK\\b062=>" -p internal/bisect -lang=go1.27 -std -complete -buildid ud-hag43fbxGuAKADaoG/ud-hag43fbxGuAKADaoG -goversion go1.27.0 -c=8 -nolocalimports -importcfg "$WORK\\b062\\importcfg" -pack "C:\\msys64\\mingw64\\lib\\go\\src\\internal\\bisect\\bisect.go"
cat >C:\Users\sanya\AppData\Local\Temp\go-build1247343387\b126\importcfg << 'EOF' # internal
# import config
packagefile runtime=C:\Users\sanya\AppData\Local\Temp\go-build1247343387\b009\_pkg_.a
packagefile sync=C:\Users\sanya\AppData\Local\Temp\go-build1247343387\b042\_pkg_.a
packagefile weak=C:\Users\sanya\AppData\Local\Temp\go-build1247343387\b127\_pkg_.a
EOF
"C:\\msys64\\mingw64\\lib\\go\\pkg\\tool\\windows_amd64\\compile.exe" -o "$WORK\\b126\\_pkg_.a" -trimpath "$WORK\\b126=>" -p crypto/internal/fips140cache -lang=go1.27 -std -complete -buildid vVmermGZaZJLMHUKGwVU/vVmermGZaZJLMHUKGwVU -goversion go1.27.0 -c=6 -nolocalimports -importcfg "$WORK\\b126\\importcfg" -pack "C:\\msys64\\mingw64\\lib\\go\\src\\crypto\\internal\\fips140cache\\cache.go"
github.com/anthonynsimon/bild/parallel
cat >C:\Users\sanya\AppData\Local\Temp\go-build1247343387\b316\importcfg << 'EOF' # internal
# import config
packagefile runtime=C:\Users\sanya\AppData\Local\Temp\go-build1247343387\b009\_pkg_.a
packagefile sync=C:\Users\sanya\AppData\Local\Temp\go-build1247343387\b042\_pkg_.a
EOF
"C:\\msys64\\mingw64\\lib\\go\\pkg\\tool\\windows_amd64\\compile.exe" -o "$WORK\\b316\\_pkg_.a" -trimpath "$WORK\\b316=>" -p github.com/anthonynsimon/bild/parallel -lang=go1.21 -complete -buildid sxhok33uzwbItjiHgyVy/sxhok33uzwbItjiHgyVy -goversion go1.27.0 -c=5 -nolocalimports -importcfg "$WORK\\b316\\importcfg" -pack "C:\\Users\\sanya\\go\\pkg\\mod\\github.com\\anthonynsimon\\bild@v0.14.0\\parallel\\parallel.go"
unique
internal/testlog
cat >C:\Users\sanya\AppData\Local\Temp\go-build1247343387\b173\importcfg << 'EOF' # internal
# import config
packagefile internal/abi=C:\Users\sanya\AppData\Local\Temp\go-build1247343387\b005\_pkg_.a
packagefile internal/goarch=C:\Users\sanya\AppData\Local\Temp\go-build1247343387\b006\_pkg_.a
packagefile internal/stringslite=C:\Users\sanya\AppData\Local\Temp\go-build1247343387\b033\_pkg_.a
packagefile internal/sync=C:\Users\sanya\AppData\Local\Temp\go-build1247343387\b043\_pkg_.a
packagefile runtime=C:\Users\sanya\AppData\Local\Temp\go-build1247343387\b009\_pkg_.a
packagefile sync=C:\Users\sanya\AppData\Local\Temp\go-build1247343387\b042\_pkg_.a
packagefile sync/atomic=C:\Users\sanya\AppData\Local\Temp\go-build1247343387\b044\_pkg_.a
packagefile weak=C:\Users\sanya\AppData\Local\Temp\go-build1247343387\b127\_pkg_.a
EOF
"C:\\msys64\\mingw64\\lib\\go\\pkg\\tool\\windows_amd64\\compile.exe" -o "$WORK\\b173\\_pkg_.a" -trimpath "$WORK\\b173=>" -p unique -lang=go1.27 -std -complete -buildid NB_WLn5uzXt1MqZqBPjk/NB_WLn5uzXt1MqZqBPjk -goversion go1.27.0 -c=4 -nolocalimports -importcfg "$WORK\\b173\\importcfg" -pack "C:\\msys64\\mingw64\\lib\\go\\src\\unique\\canonmap.go" "C:\\msys64\\mingw64\\lib\\go\\src\\unique\\clone.go" "C:\\msys64\\mingw64\\lib\\go\\src\\unique\\doc.go" "C:\\msys64\\mingw64\\lib\\go\\src\\unique\\handle.go"
cd C:\msys64\mingw64\lib\go\src\internal\reflectlite
go tool pack r "$WORK\\b004\\_pkg_.a" "$WORK\\b004\\asm.o" # internal
go tool buildid -w "$WORK\\b004\\_pkg_.a" # internal
cat >C:\Users\sanya\AppData\Local\Temp\go-build1247343387\b065\importcfg << 'EOF' # internal
# import config
packagefile sync=C:\Users\sanya\AppData\Local\Temp\go-build1247343387\b042\_pkg_.a
packagefile sync/atomic=C:\Users\sanya\AppData\Local\Temp\go-build1247343387\b044\_pkg_.a
EOF
cd C:\Users\sanya\Desktop\Dzvinock
"C:\\msys64\\mingw64\\lib\\go\\pkg\\tool\\windows_amd64\\compile.exe" -o "$WORK\\b065\\_pkg_.a" -trimpath "$WORK\\b065=>" -p internal/testlog -lang=go1.27 -std -complete -buildid vrlUJU_hR5TT-NvbyahW/vrlUJU_hR5TT-NvbyahW -goversion go1.27.0 -c=4 -nolocalimports -importcfg "$WORK\\b065\\importcfg" -pack "C:\\msys64\\mingw64\\lib\\go\\src\\internal\\testlog\\exit.go" "C:\\msys64\\mingw64\\lib\\go\\src\\internal\\testlog\\log.go"
go tool buildid -w "$WORK\\b171\\_pkg_.a" # internal
go tool buildid -w "$WORK\\b126\\_pkg_.a" # internal
cp "$WORK\\b004\\_pkg_.a" "C:\\Users\\sanya\\AppData\\Local\\go-build\\86\\863f55b1b5ea7cada188be3f1b30f2a7458bcb02f0e8d1a7695e0cdb1f54952d-d" # internal
mkdir -p $WORK\b003\
errors
go tool buildid -w "$WORK\\b062\\_pkg_.a" # internal
cat >C:\Users\sanya\AppData\Local\Temp\go-build1247343387\b003\importcfg << 'EOF' # internal
# import config
packagefile internal/reflectlite=C:\Users\sanya\AppData\Local\Temp\go-build1247343387\b004\_pkg_.a
EOF
go tool buildid -w "$WORK\\b316\\_pkg_.a" # internal
cp "$WORK\\b171\\_pkg_.a" "C:\\Users\\sanya\\AppData\\Local\\go-build\\da\\daf03dfac739e50ca98c21fd88dcff107cf21908702923f67a6dbe96be660867-d" # internal
mkdir -p $WORK\b176\
sort
cat >C:\Users\sanya\AppData\Local\Temp\go-build1247343387\b176\importcfg << 'EOF' # internal
# import config
packagefile internal/reflectlite=C:\Users\sanya\AppData\Local\Temp\go-build1247343387\b004\_pkg_.a
packagefile math/bits=C:\Users\sanya\AppData\Local\Temp\go-build1247343387\b029\_pkg_.a
packagefile slices=C:\Users\sanya\AppData\Local\Temp\go-build1247343387\b047\_pkg_.a
EOF
"C:\\msys64\\mingw64\\lib\\go\\pkg\\tool\\windows_amd64\\compile.exe" -o "$WORK\\b176\\_pkg_.a" -trimpath "$WORK\\b176=>" -p sort -lang=go1.27 -std -complete -buildid 1GZsLow_I1KTPb3ldMX1/1GZsLow_I1KTPb3ldMX1 -goversion go1.27.0 -c=8 -nolocalimports -importcfg "$WORK\\b176\\importcfg" -pack "C:\\msys64\\mingw64\\lib\\go\\src\\sort\\search.go" "C:\\msys64\\mingw64\\lib\\go\\src\\sort\\slice.go" "C:\\msys64\\mingw64\\lib\\go\\src\\sort\\sort.go" "C:\\msys64\\mingw64\\lib\\go\\src\\sort\\zsortfunc.go" "C:\\msys64\\mingw64\\lib\\go\\src\\sort\\zsortinterface.go"
"C:\\msys64\\mingw64\\lib\\go\\pkg\\tool\\windows_amd64\\compile.exe" -o "$WORK\\b003\\_pkg_.a" -trimpath "$WORK\\b003=>" -p errors -lang=go1.27 -std -complete -buildid ebRkRNndwGjs8whbOEk4/ebRkRNndwGjs8whbOEk4 -goversion go1.27.0 -c=8 -nolocalimports -importcfg "$WORK\\b003\\importcfg" -pack "C:\\msys64\\mingw64\\lib\\go\\src\\errors\\errors.go" "C:\\msys64\\mingw64\\lib\\go\\src\\errors\\join.go" "C:\\msys64\\mingw64\\lib\\go\\src\\errors\\wrap.go"
cp "$WORK\\b062\\_pkg_.a" "C:\\Users\\sanya\\AppData\\Local\\go-build\\66\\66235c445629779750aace37ad3e702369014267041675e064007683151982aa-d" # internal
mkdir -p $WORK\b061\
cp "$WORK\\b316\\_pkg_.a" "C:\\Users\\sanya\\AppData\\Local\\go-build\\ed\\ed6a85f628b57a6798db9a6fc28dcfa5cc8980c8d1d1d9934eaedc7e3406f41e-d" # internal
internal/godebug
cat >C:\Users\sanya\AppData\Local\Temp\go-build1247343387\b061\importcfg << 'EOF' # internal
# import config
packagefile internal/bisect=C:\Users\sanya\AppData\Local\Temp\go-build1247343387\b062\_pkg_.a
packagefile internal/godebugs=C:\Users\sanya\AppData\Local\Temp\go-build1247343387\b015\_pkg_.a
packagefile sync=C:\Users\sanya\AppData\Local\Temp\go-build1247343387\b042\_pkg_.a
packagefile sync/atomic=C:\Users\sanya\AppData\Local\Temp\go-build1247343387\b044\_pkg_.a
EOF
"C:\\msys64\\mingw64\\lib\\go\\pkg\\tool\\windows_amd64\\compile.exe" -o "$WORK\\b061\\_pkg_.a" -trimpath "$WORK\\b061=>" -p internal/godebug -lang=go1.27 -std -complete -buildid AdhBGzP-GxKq_YawidoS/AdhBGzP-GxKq_YawidoS -goversion go1.27.0 -c=6 -nolocalimports -importcfg "$WORK\\b061\\importcfg" -pack "C:\\msys64\\mingw64\\lib\\go\\src\\internal\\godebug\\godebug.go"
mkdir -p $WORK\b322\
cd C:\msys64\mingw64\lib\go\src\runtime\cgo
TERM='dumb' CGO_LDFLAGS='' "C:\\msys64\\mingw64\\lib\\go\\pkg\\tool\\windows_amd64\\cgo.exe" -objdir "$WORK\\b322\\" -importpath runtime/cgo -import_runtime_cgo=false -import_syscall=false "-ldflags=\"-O2\" \"-g\"" -- -I "$WORK\\b322\\" -O2 -g -Wall -Werror -fno-stack-protector -Wdeclaration-after-statement -std=gnu90 "C:\\msys64\\mingw64\\lib\\go\\src\\runtime\\cgo\\cgo.go"
go tool buildid -w "$WORK\\b065\\_pkg_.a" # internal
cp "$WORK\\b126\\_pkg_.a" "C:\\Users\\sanya\\AppData\\Local\\go-build\\73\\731fc58095ee15444b7bbebd1fdef9943d141648325792b9196a759263c8ebff-d" # internal
cp "$WORK\\b065\\_pkg_.a" "C:\\Users\\sanya\\AppData\\Local\\go-build\\4f\\4f0f83b212aaa6f2f08b004707cbd99df731420cba41c7b40e94ecbbef2f4a54-d" # internal
go tool buildid -w "$WORK\\b003\\_pkg_.a" # internal
go tool buildid -w "$WORK\\b173\\_pkg_.a" # internal
cp "$WORK\\b003\\_pkg_.a" "C:\\Users\\sanya\\AppData\\Local\\go-build\\43\\43740c498adfa12e02c26199a33a400aec5e269217d67e717c4c6438ffba7bb2-d" # internal
mkdir -p $WORK\b040\
strconv
mkdir -p $WORK\b048\
io
cat >C:\Users\sanya\AppData\Local\Temp\go-build1247343387\b040\importcfg << 'EOF' # internal
# import config
packagefile errors=C:\Users\sanya\AppData\Local\Temp\go-build1247343387\b003\_pkg_.a
packagefile internal/bytealg=C:\Users\sanya\AppData\Local\Temp\go-build1247343387\b010\_pkg_.a
packagefile internal/strconv=C:\Users\sanya\AppData\Local\Temp\go-build1247343387\b032\_pkg_.a
packagefile internal/stringslite=C:\Users\sanya\AppData\Local\Temp\go-build1247343387\b033\_pkg_.a
packagefile unicode/utf8=C:\Users\sanya\AppData\Local\Temp\go-build1247343387\b041\_pkg_.a
EOF
cd C:\Users\sanya\Desktop\Dzvinock
"C:\\msys64\\mingw64\\lib\\go\\pkg\\tool\\windows_amd64\\compile.exe" -o "$WORK\\b040\\_pkg_.a" -trimpath "$WORK\\b040=>" -p strconv -lang=go1.27 -std -complete -buildid vjD7MtVgzx8H7NaxdasP/vjD7MtVgzx8H7NaxdasP -goversion go1.27.0 -c=7 -nolocalimports -importcfg "$WORK\\b040\\importcfg" -pack "C:\\msys64\\mingw64\\lib\\go\\src\\strconv\\bytealg.go" "C:\\msys64\\mingw64\\lib\\go\\src\\strconv\\doc.go" "C:\\msys64\\mingw64\\lib\\go\\src\\strconv\\isprint.go" "C:\\msys64\\mingw64\\lib\\go\\src\\strconv\\number.go" "C:\\msys64\\mingw64\\lib\\go\\src\\strconv\\quote.go"
cat >C:\Users\sanya\AppData\Local\Temp\go-build1247343387\b048\importcfg << 'EOF' # internal
# import config
packagefile errors=C:\Users\sanya\AppData\Local\Temp\go-build1247343387\b003\_pkg_.a
packagefile sync=C:\Users\sanya\AppData\Local\Temp\go-build1247343387\b042\_pkg_.a
EOF
"C:\\msys64\\mingw64\\lib\\go\\pkg\\tool\\windows_amd64\\compile.exe" -o "$WORK\\b048\\_pkg_.a" -trimpath "$WORK\\b048=>" -p io -lang=go1.27 -std -complete -buildid BayWL9DH6SljV9sBpAT9/BayWL9DH6SljV9sBpAT9 -goversion go1.27.0 -c=5 -nolocalimports -importcfg "$WORK\\b048\\importcfg" -pack "C:\\msys64\\mingw64\\lib\\go\\src\\io\\io.go" "C:\\msys64\\mingw64\\lib\\go\\src\\io\\multi.go" "C:\\msys64\\mingw64\\lib\\go\\src\\io\\pipe.go"
mkdir -p $WORK\b052\
internal/oserror
cat >C:\Users\sanya\AppData\Local\Temp\go-build1247343387\b052\importcfg << 'EOF' # internal
# import config
packagefile errors=C:\Users\sanya\AppData\Local\Temp\go-build1247343387\b003\_pkg_.a
EOF
"C:\\msys64\\mingw64\\lib\\go\\pkg\\tool\\windows_amd64\\compile.exe" -o "$WORK\\b052\\_pkg_.a" -trimpath "$WORK\\b052=>" -p internal/oserror -lang=go1.27 -std -complete -buildid UtZRu6wq__dms6ZAev0l/UtZRu6wq__dms6ZAev0l -goversion go1.27.0 -c=5 -nolocalimports -importcfg "$WORK\\b052\\importcfg" -pack "C:\\msys64\\mingw64\\lib\\go\\src\\internal\\oserror\\errors.go"
mkdir -p $WORK\b058\
path
cat >C:\Users\sanya\AppData\Local\Temp\go-build1247343387\b058\importcfg << 'EOF' # internal
# import config
packagefile errors=C:\Users\sanya\AppData\Local\Temp\go-build1247343387\b003\_pkg_.a
packagefile internal/bytealg=C:\Users\sanya\AppData\Local\Temp\go-build1247343387\b010\_pkg_.a
packagefile unicode/utf8=C:\Users\sanya\AppData\Local\Temp\go-build1247343387\b041\_pkg_.a
EOF
"C:\\msys64\\mingw64\\lib\\go\\pkg\\tool\\windows_amd64\\compile.exe" -o "$WORK\\b058\\_pkg_.a" -trimpath "$WORK\\b058=>" -p path -lang=go1.27 -std -complete -buildid kC7x4_enOxi9wT_u5RcJ/kC7x4_enOxi9wT_u5RcJ -goversion go1.27.0 -c=4 -nolocalimports -importcfg "$WORK\\b058\\importcfg" -pack "C:\\msys64\\mingw64\\lib\\go\\src\\path\\match.go" "C:\\msys64\\mingw64\\lib\\go\\src\\path\\path.go"
cp "$WORK\\b173\\_pkg_.a" "C:\\Users\\sanya\\AppData\\Local\\go-build\\ea\\eadb6ff5c9690e8f648df8c16e2dbfea67297bca0171d322d8011c1125b369d0-d" # internal
mkdir -p $WORK\b118\
math/rand/v2
go tool buildid -w "$WORK\\b061\\_pkg_.a" # internal
go tool buildid -w "$WORK\\b052\\_pkg_.a" # internal
cat >C:\Users\sanya\AppData\Local\Temp\go-build1247343387\b118\importcfg << 'EOF' # internal
# import config
packagefile errors=C:\Users\sanya\AppData\Local\Temp\go-build1247343387\b003\_pkg_.a
packagefile internal/byteorder=C:\Users\sanya\AppData\Local\Temp\go-build1247343387\b012\_pkg_.a
packagefile internal/chacha8rand=C:\Users\sanya\AppData\Local\Temp\go-build1247343387\b013\_pkg_.a
packagefile math=C:\Users\sanya\AppData\Local\Temp\go-build1247343387\b039\_pkg_.a
packagefile math/bits=C:\Users\sanya\AppData\Local\Temp\go-build1247343387\b029\_pkg_.a
EOF
"C:\\msys64\\mingw64\\lib\\go\\pkg\\tool\\windows_amd64\\compile.exe" -o "$WORK\\b118\\_pkg_.a" -trimpath "$WORK\\b118=>" -p math/rand/v2 -lang=go1.27 -std -complete -buildid NV52pDq1puwp8LWEPlHl/NV52pDq1puwp8LWEPlHl -goversion go1.27.0 -c=6 -nolocalimports -importcfg "$WORK\\b118\\importcfg" -pack "C:\\msys64\\mingw64\\lib\\go\\src\\math\\rand\\v2\\chacha8.go" "C:\\msys64\\mingw64\\lib\\go\\src\\math\\rand\\v2\\exp.go" "C:\\msys64\\mingw64\\lib\\go\\src\\math\\rand\\v2\\normal.go" "C:\\msys64\\mingw64\\lib\\go\\src\\math\\rand\\v2\\pcg.go" "C:\\msys64\\mingw64\\lib\\go\\src\\math\\rand\\v2\\rand.go" "C:\\msys64\\mingw64\\lib\\go\\src\\math\\rand\\v2\\zipf.go"
cp "$WORK\\b052\\_pkg_.a" "C:\\Users\\sanya\\AppData\\Local\\go-build\\71\\71ea9ae048e6a7999d3a907a8e4f961321a02646a5db0bc171eca6c4af5573fc-d" # internal
mkdir -p $WORK\b055\
cp "$WORK\\b061\\_pkg_.a" "C:\\Users\\sanya\\AppData\\Local\\go-build\\cd\\cd2f37ac75c1e6f09e82eab7a8baae0e59a98b4ea6208eb9dd5a984db5f2eae8-d" # internal
mkdir -p $WORK\b088\
syscall
cat >C:\Users\sanya\AppData\Local\Temp\go-build1247343387\b055\importcfg << 'EOF' # internal
# import config
packagefile errors=C:\Users\sanya\AppData\Local\Temp\go-build1247343387\b003\_pkg_.a
packagefile internal/asan=C:\Users\sanya\AppData\Local\Temp\go-build1247343387\b025\_pkg_.a
packagefile internal/bytealg=C:\Users\sanya\AppData\Local\Temp\go-build1247343387\b010\_pkg_.a
packagefile internal/msan=C:\Users\sanya\AppData\Local\Temp\go-build1247343387\b026\_pkg_.a
packagefile internal/oserror=C:\Users\sanya\AppData\Local\Temp\go-build1247343387\b052\_pkg_.a
packagefile internal/race=C:\Users\sanya\AppData\Local\Temp\go-build1247343387\b027\_pkg_.a
packagefile internal/strconv=C:\Users\sanya\AppData\Local\Temp\go-build1247343387\b032\_pkg_.a
packagefile internal/syscall/windows/sysdll=C:\Users\sanya\AppData\Local\Temp\go-build1247343387\b053\_pkg_.a
packagefile runtime=C:\Users\sanya\AppData\Local\Temp\go-build1247343387\b009\_pkg_.a
packagefile slices=C:\Users\sanya\AppData\Local\Temp\go-build1247343387\b047\_pkg_.a
packagefile sync=C:\Users\sanya\AppData\Local\Temp\go-build1247343387\b042\_pkg_.a
packagefile sync/atomic=C:\Users\sanya\AppData\Local\Temp\go-build1247343387\b044\_pkg_.a
packagefile unicode/utf16=C:\Users\sanya\AppData\Local\Temp\go-build1247343387\b056\_pkg_.a
packagefile unicode/utf8=C:\Users\sanya\AppData\Local\Temp\go-build1247343387\b041\_pkg_.a
EOF
crypto/internal/fips140deps/godebug
"C:\\msys64\\mingw64\\lib\\go\\pkg\\tool\\windows_amd64\\compile.exe" -o "$WORK\\b055\\_pkg_.a" -trimpath "$WORK\\b055=>" -p syscall -lang=go1.27 -std -buildid YLF-pXa2EXpEhqEmLsFJ/YLF-pXa2EXpEhqEmLsFJ -goversion go1.27.0 -c=5 -nolocalimports -importcfg "$WORK\\b055\\importcfg" -pack "C:\\msys64\\mingw64\\lib\\go\\src\\syscall\\dll_windows.go" "C:\\msys64\\mingw64\\lib\\go\\src\\syscall\\env_windows.go" "C:\\msys64\\mingw64\\lib\\go\\src\\syscall\\exec_windows.go" "C:\\msys64\\mingw64\\lib\\go\\src\\syscall\\net.go" "C:\\msys64\\mingw64\\lib\\go\\src\\syscall\\security_windows.go" "C:\\msys64\\mingw64\\lib\\go\\src\\syscall\\syscall.go" "C:\\msys64\\mingw64\\lib\\go\\src\\syscall\\syscall_windows.go" "C:\\msys64\\mingw64\\lib\\go\\src\\syscall\\time_nofake.go" "C:\\msys64\\mingw64\\lib\\go\\src\\syscall\\types_windows.go" "C:\\msys64\\mingw64\\lib\\go\\src\\syscall\\types_windows_amd64.go" "C:\\msys64\\mingw64\\lib\\go\\src\\syscall\\wtf8_windows.go" "C:\\msys64\\mingw64\\lib\\go\\src\\syscall\\zerrors_windows.go" "C:\\msys64\\mingw64\\lib\\go\\src\\syscall\\zsyscall_windows.go"
cat >C:\Users\sanya\AppData\Local\Temp\go-build1247343387\b088\importcfg << 'EOF' # internal
# import config
packagefile internal/godebug=C:\Users\sanya\AppData\Local\Temp\go-build1247343387\b061\_pkg_.a
EOF
"C:\\msys64\\mingw64\\lib\\go\\pkg\\tool\\windows_amd64\\compile.exe" -o "$WORK\\b088\\_pkg_.a" -trimpath "$WORK\\b088=>" -p crypto/internal/fips140deps/godebug -lang=go1.27 -std -complete -buildid 570bqN5smAV21yllWlW7/570bqN5smAV21yllWlW7 -goversion go1.27.0 -c=4 -nolocalimports -importcfg "$WORK\\b088\\importcfg" -pack "C:\\msys64\\mingw64\\lib\\go\\src\\crypto\\internal\\fips140deps\\godebug\\godebug.go"
go tool buildid -w "$WORK\\b058\\_pkg_.a" # internal
go tool buildid -w "$WORK\\b176\\_pkg_.a" # internal
mkdir -p $WORK\b122\
math/rand
cat >C:\Users\sanya\AppData\Local\Temp\go-build1247343387\b122\importcfg << 'EOF' # internal
# import config
packagefile internal/godebug=C:\Users\sanya\AppData\Local\Temp\go-build1247343387\b061\_pkg_.a
packagefile math=C:\Users\sanya\AppData\Local\Temp\go-build1247343387\b039\_pkg_.a
packagefile sync=C:\Users\sanya\AppData\Local\Temp\go-build1247343387\b042\_pkg_.a
packagefile sync/atomic=C:\Users\sanya\AppData\Local\Temp\go-build1247343387\b044\_pkg_.a
EOF
go tool buildid -w "$WORK\\b040\\_pkg_.a" # internal
"C:\\msys64\\mingw64\\lib\\go\\pkg\\tool\\windows_amd64\\compile.exe" -o "$WORK\\b122\\_pkg_.a" -trimpath "$WORK\\b122=>" -p math/rand -lang=go1.27 -std -complete -buildid C710PThsQshcXYy5pPJG/C710PThsQshcXYy5pPJG -goversion go1.27.0 -c=6 -nolocalimports -importcfg "$WORK\\b122\\importcfg" -pack "C:\\msys64\\mingw64\\lib\\go\\src\\math\\rand\\exp.go" "C:\\msys64\\mingw64\\lib\\go\\src\\math\\rand\\normal.go" "C:\\msys64\\mingw64\\lib\\go\\src\\math\\rand\\rand.go" "C:\\msys64\\mingw64\\lib\\go\\src\\math\\rand\\rng.go" "C:\\msys64\\mingw64\\lib\\go\\src\\math\\rand\\zipf.go"
cp "$WORK\\b176\\_pkg_.a" "C:\\Users\\sanya\\AppData\\Local\\go-build\\00\\00c78f810d7762c56d39af6281bf3758b39fcef4939a7835fdd506f832b62752-d" # internal
mkdir -p $WORK\b169\
vendor/golang.org/x/net/dns/dnsmessage
cat >C:\Users\sanya\AppData\Local\Temp\go-build1247343387\b169\importcfg << 'EOF' # internal
# import config
packagefile errors=C:\Users\sanya\AppData\Local\Temp\go-build1247343387\b003\_pkg_.a
packagefile slices=C:\Users\sanya\AppData\Local\Temp\go-build1247343387\b047\_pkg_.a
EOF
"C:\\msys64\\mingw64\\lib\\go\\pkg\\tool\\windows_amd64\\compile.exe" -o "$WORK\\b169\\_pkg_.a" -trimpath "$WORK\\b169=>" -p vendor/golang.org/x/net/dns/dnsmessage -lang=go1.27 -std -complete -buildid uuAWyV-lWJyByaGxHCHi/uuAWyV-lWJyByaGxHCHi -goversion go1.27.0 -c=7 -nolocalimports -importcfg "$WORK\\b169\\importcfg" -pack "C:\\msys64\\mingw64\\lib\\go\\src\\vendor\\golang.org\\x\\net\\dns\\dnsmessage\\message.go" "C:\\msys64\\mingw64\\lib\\go\\src\\vendor\\golang.org\\x\\net\\dns\\dnsmessage\\svcb.go"
cp "$WORK\\b058\\_pkg_.a" "C:\\Users\\sanya\\AppData\\Local\\go-build\\89\\89ffda6a26bfc4688fc29066b8e421b2d753d79a4d40eea15d8fba74dc0e3e38-d" # internal
mkdir -p $WORK\b198\
encoding/json/internal
cat >C:\Users\sanya\AppData\Local\Temp\go-build1247343387\b198\importcfg << 'EOF' # internal
# import config
packagefile errors=C:\Users\sanya\AppData\Local\Temp\go-build1247343387\b003\_pkg_.a
EOF
"C:\\msys64\\mingw64\\lib\\go\\pkg\\tool\\windows_amd64\\compile.exe" -o "$WORK\\b198\\_pkg_.a" -trimpath "$WORK\\b198=>" -p encoding/json/internal -lang=go1.27 -std -complete -buildid p1WQgv_MjRWUwjmAd-b9/p1WQgv_MjRWUwjmAd-b9 -goversion go1.27.0 -c=5 -nolocalimports -importcfg "$WORK\\b198\\importcfg" -pack "C:\\msys64\\mingw64\\lib\\go\\src\\encoding\\json\\internal\\internal.go"
cp "$WORK\\b040\\_pkg_.a" "C:\\Users\\sanya\\AppData\\Local\\go-build\\75\\75403f6f4da26d8534778b2a06d4ff7e0b298ee259842dab31c714383255f395-d" # internal
mkdir -p $WORK\b037\
reflect
echo -n > $WORK\b037\go_asm.h # internal
cd C:\msys64\mingw64\lib\go\src\reflect
"C:\\msys64\\mingw64\\lib\\go\\pkg\\tool\\windows_amd64\\asm.exe" -p reflect -trimpath "$WORK\\b037=>" -I "$WORK\\b037\\" -I "C:\\msys64\\mingw64\\lib\\go\\pkg\\include" -D GOOS_windows -D GOARCH_amd64 -std -D GOAMD64_v1 -gensymabis -o "$WORK\\b037\\symabis" "C:\\msys64\\mingw64\\lib\\go\\src\\reflect\\asm_amd64.s"
go tool buildid -w "$WORK\\b048\\_pkg_.a" # internal
go tool buildid -w "$WORK\\b088\\_pkg_.a" # internal
cp "$WORK\\b048\\_pkg_.a" "C:\\Users\\sanya\\AppData\\Local\\go-build\\d4\\d40934532f0e99d154c844dcc6374affb8ec5cee1b54d814e51183a0e221f845-d" # internal
mkdir -p $WORK\b069\
bytes
cat >C:\Users\sanya\AppData\Local\Temp\go-build1247343387\b037\importcfg << 'EOF' # internal
# import config
packagefile errors=C:\Users\sanya\AppData\Local\Temp\go-build1247343387\b003\_pkg_.a
packagefile internal/abi=C:\Users\sanya\AppData\Local\Temp\go-build1247343387\b005\_pkg_.a
packagefile internal/bytealg=C:\Users\sanya\AppData\Local\Temp\go-build1247343387\b010\_pkg_.a
packagefile internal/goarch=C:\Users\sanya\AppData\Local\Temp\go-build1247343387\b006\_pkg_.a
packagefile internal/goexperiment=C:\Users\sanya\AppData\Local\Temp\go-build1247343387\b016\_pkg_.a
packagefile internal/race=C:\Users\sanya\AppData\Local\Temp\go-build1247343387\b027\_pkg_.a
packagefile internal/runtime/maps=C:\Users\sanya\AppData\Local\Temp\go-build1247343387\b024\_pkg_.a
packagefile internal/runtime/sys=C:\Users\sanya\AppData\Local\Temp\go-build1247343387\b023\_pkg_.a
packagefile internal/strconv=C:\Users\sanya\AppData\Local\Temp\go-build1247343387\b032\_pkg_.a
packagefile internal/unsafeheader=C:\Users\sanya\AppData\Local\Temp\go-build1247343387\b008\_pkg_.a
packagefile iter=C:\Users\sanya\AppData\Local\Temp\go-build1247343387\b038\_pkg_.a
packagefile math=C:\Users\sanya\AppData\Local\Temp\go-build1247343387\b039\_pkg_.a
packagefile runtime=C:\Users\sanya\AppData\Local\Temp\go-build1247343387\b009\_pkg_.a
packagefile strconv=C:\Users\sanya\AppData\Local\Temp\go-build1247343387\b040\_pkg_.a
packagefile sync=C:\Users\sanya\AppData\Local\Temp\go-build1247343387\b042\_pkg_.a
packagefile unicode=C:\Users\sanya\AppData\Local\Temp\go-build1247343387\b046\_pkg_.a
packagefile unicode/utf8=C:\Users\sanya\AppData\Local\Temp\go-build1247343387\b041\_pkg_.a
EOF
go tool buildid -w "$WORK\\b198\\_pkg_.a" # internal
cd C:\Users\sanya\Desktop\Dzvinock
"C:\\msys64\\mingw64\\lib\\go\\pkg\\tool\\windows_amd64\\compile.exe" -o "$WORK\\b037\\_pkg_.a" -trimpath "$WORK\\b037=>" -p reflect -lang=go1.27 -std -buildid oeYhv1zJjgb2vI1Rc-x8/oeYhv1zJjgb2vI1Rc-x8 -goversion go1.27.0 -symabis "$WORK\\b037\\symabis" -c=5 -nolocalimports -importcfg "$WORK\\b037\\importcfg" -pack -asmhdr "$WORK\\b037\\go_asm.h" "C:\\msys64\\mingw64\\lib\\go\\src\\reflect\\abi.go" "C:\\msys64\\mingw64\\lib\\go\\src\\reflect\\badlinkname.go" "C:\\msys64\\mingw64\\lib\\go\\src\\reflect\\deepequal.go" "C:\\msys64\\mingw64\\lib\\go\\src\\reflect\\float32reg_generic.go" "C:\\msys64\\mingw64\\lib\\go\\src\\reflect\\iter.go" "C:\\msys64\\mingw64\\lib\\go\\src\\reflect\\makefunc.go" "C:\\msys64\\mingw64\\lib\\go\\src\\reflect\\map.go" "C:\\msys64\\mingw64\\lib\\go\\src\\reflect\\swapper.go" "C:\\msys64\\mingw64\\lib\\go\\src\\reflect\\type.go" "C:\\msys64\\mingw64\\lib\\go\\src\\reflect\\value.go" "C:\\msys64\\mingw64\\lib\\go\\src\\reflect\\visiblefields.go"
cat >C:\Users\sanya\AppData\Local\Temp\go-build1247343387\b069\importcfg << 'EOF' # internal
# import config
packagefile errors=C:\Users\sanya\AppData\Local\Temp\go-build1247343387\b003\_pkg_.a
packagefile internal/bytealg=C:\Users\sanya\AppData\Local\Temp\go-build1247343387\b010\_pkg_.a
packagefile io=C:\Users\sanya\AppData\Local\Temp\go-build1247343387\b048\_pkg_.a
packagefile iter=C:\Users\sanya\AppData\Local\Temp\go-build1247343387\b038\_pkg_.a
packagefile math/bits=C:\Users\sanya\AppData\Local\Temp\go-build1247343387\b029\_pkg_.a
packagefile unicode=C:\Users\sanya\AppData\Local\Temp\go-build1247343387\b046\_pkg_.a
packagefile unicode/utf8=C:\Users\sanya\AppData\Local\Temp\go-build1247343387\b041\_pkg_.a
EOF
"C:\\msys64\\mingw64\\lib\\go\\pkg\\tool\\windows_amd64\\compile.exe" -o "$WORK\\b069\\_pkg_.a" -trimpath "$WORK\\b069=>" -p bytes -lang=go1.27 -std -buildid yBkPYHP3G4bhB-C44ZhQ/yBkPYHP3G4bhB-C44ZhQ -goversion go1.27.0 -c=5 -nolocalimports -importcfg "$WORK\\b069\\importcfg" -pack "C:\\msys64\\mingw64\\lib\\go\\src\\bytes\\buffer.go" "C:\\msys64\\mingw64\\lib\\go\\src\\bytes\\bytes.go" "C:\\msys64\\mingw64\\lib\\go\\src\\bytes\\iter.go" "C:\\msys64\\mingw64\\lib\\go\\src\\bytes\\reader.go"
go tool buildid -w "$WORK\\b118\\_pkg_.a" # internal
cp "$WORK\\b198\\_pkg_.a" "C:\\Users\\sanya\\AppData\\Local\\go-build\\4b\\4b94ddfc38d363fe1a01fa3c34edece68544ca3a46be95cbca37e444e5fe89f2-d" # internal
mkdir -p $WORK\b070\
strings
cat >C:\Users\sanya\AppData\Local\Temp\go-build1247343387\b070\importcfg << 'EOF' # internal
# import config
packagefile errors=C:\Users\sanya\AppData\Local\Temp\go-build1247343387\b003\_pkg_.a
packagefile internal/abi=C:\Users\sanya\AppData\Local\Temp\go-build1247343387\b005\_pkg_.a
packagefile internal/bytealg=C:\Users\sanya\AppData\Local\Temp\go-build1247343387\b010\_pkg_.a
packagefile internal/stringslite=C:\Users\sanya\AppData\Local\Temp\go-build1247343387\b033\_pkg_.a
packagefile io=C:\Users\sanya\AppData\Local\Temp\go-build1247343387\b048\_pkg_.a
packagefile iter=C:\Users\sanya\AppData\Local\Temp\go-build1247343387\b038\_pkg_.a
packagefile math/bits=C:\Users\sanya\AppData\Local\Temp\go-build1247343387\b029\_pkg_.a
packagefile sync=C:\Users\sanya\AppData\Local\Temp\go-build1247343387\b042\_pkg_.a
packagefile unicode=C:\Users\sanya\AppData\Local\Temp\go-build1247343387\b046\_pkg_.a
packagefile unicode/utf8=C:\Users\sanya\AppData\Local\Temp\go-build1247343387\b041\_pkg_.a
EOF
go tool buildid -w "$WORK\\b122\\_pkg_.a" # internal
"C:\\msys64\\mingw64\\lib\\go\\pkg\\tool\\windows_amd64\\compile.exe" -o "$WORK\\b070\\_pkg_.a" -trimpath "$WORK\\b070=>" -p strings -lang=go1.27 -std -complete -buildid rYiOewLVCncHg7xw7hz0/rYiOewLVCncHg7xw7hz0 -goversion go1.27.0 -c=6 -nolocalimports -importcfg "$WORK\\b070\\importcfg" -pack "C:\\msys64\\mingw64\\lib\\go\\src\\strings\\builder.go" "C:\\msys64\\mingw64\\lib\\go\\src\\strings\\clone.go" "C:\\msys64\\mingw64\\lib\\go\\src\\strings\\compare.go" "C:\\msys64\\mingw64\\lib\\go\\src\\strings\\iter.go" "C:\\msys64\\mingw64\\lib\\go\\src\\strings\\reader.go" "C:\\msys64\\mingw64\\lib\\go\\src\\strings\\replace.go" "C:\\msys64\\mingw64\\lib\\go\\src\\strings\\search.go" "C:\\msys64\\mingw64\\lib\\go\\src\\strings\\strings.go"
cp "$WORK\\b118\\_pkg_.a" "C:\\Users\\sanya\\AppData\\Local\\go-build\\9b\\9bdf393eb7569bf1dd1b08a22b4f170648d68bebfb0d6b823ed649aa12ae5a65-d" # internal
mkdir -p $WORK\b079\
hash
cat >C:\Users\sanya\AppData\Local\Temp\go-build1247343387\b079\importcfg << 'EOF' # internal
# import config
packagefile io=C:\Users\sanya\AppData\Local\Temp\go-build1247343387\b048\_pkg_.a
EOF
"C:\\msys64\\mingw64\\lib\\go\\pkg\\tool\\windows_amd64\\compile.exe" -o "$WORK\\b079\\_pkg_.a" -trimpath "$WORK\\b079=>" -p hash -lang=go1.27 -std -complete -buildid Ps7it70KQRxrrpDlG8zP/Ps7it70KQRxrrpDlG8zP -goversion go1.27.0 -c=6 -nolocalimports -importcfg "$WORK\\b079\\importcfg" -pack "C:\\msys64\\mingw64\\lib\\go\\src\\hash\\hash.go"
cp "$WORK\\b122\\_pkg_.a" "C:\\Users\\sanya\\AppData\\Local\\go-build\\61\\61f84d988e33f8ffceca47eba5ea41d1cb1303ab3790b37450bcc4a8f5de56db-d" # internal
mkdir -p $WORK\b117\
crypto/internal/randutil
cat >C:\Users\sanya\AppData\Local\Temp\go-build1247343387\b117\importcfg << 'EOF' # internal
# import config
packagefile io=C:\Users\sanya\AppData\Local\Temp\go-build1247343387\b048\_pkg_.a
packagefile math/rand/v2=C:\Users\sanya\AppData\Local\Temp\go-build1247343387\b118\_pkg_.a
EOF
"C:\\msys64\\mingw64\\lib\\go\\pkg\\tool\\windows_amd64\\compile.exe" -o "$WORK\\b117\\_pkg_.a" -trimpath "$WORK\\b117=>" -p crypto/internal/randutil -lang=go1.27 -std -complete -buildid Dd_knaMl5LON7PjAjo1S/Dd_knaMl5LON7PjAjo1S -goversion go1.27.0 -c=5 -nolocalimports -importcfg "$WORK\\b117\\importcfg" -pack "C:\\msys64\\mingw64\\lib\\go\\src\\crypto\\internal\\randutil\\randutil.go"
cp "$WORK\\b088\\_pkg_.a" "C:\\Users\\sanya\\AppData\\Local\\go-build\\03\\03aa2c6154020e4cf5e2e8e6acc32d74127e3c1479b282cc93e7f191c58cf86b-d" # internal
mkdir -p $WORK\b133\
internal/saferio
cat >C:\Users\sanya\AppData\Local\Temp\go-build1247343387\b133\importcfg << 'EOF' # internal
# import config
packagefile io=C:\Users\sanya\AppData\Local\Temp\go-build1247343387\b048\_pkg_.a
EOF
"C:\\msys64\\mingw64\\lib\\go\\pkg\\tool\\windows_amd64\\compile.exe" -o "$WORK\\b133\\_pkg_.a" -trimpath "$WORK\\b133=>" -p internal/saferio -lang=go1.27 -std -complete -buildid c1WTcyXIpq20HfPp2XFz/c1WTcyXIpq20HfPp2XFz -goversion go1.27.0 -c=4 -nolocalimports -importcfg "$WORK\\b133\\importcfg" -pack "C:\\msys64\\mingw64\\lib\\go\\src\\internal\\saferio\\io.go"
go tool buildid -w "$WORK\\b079\\_pkg_.a" # internal
go tool buildid -w "$WORK\\b169\\_pkg_.a" # internal
go tool buildid -w "$WORK\\b117\\_pkg_.a" # internal
go tool buildid -w "$WORK\\b133\\_pkg_.a" # internal
go tool buildid -w "$WORK\\b069\\_pkg_.a" # internal
cp "$WORK\\b133\\_pkg_.a" "C:\\Users\\sanya\\AppData\\Local\\go-build\\dd\\ddee029cb0cb5b5be06f95b7956c8abb8e59bcaaf62fc884f05fd17361b72caf-d" # internal
mkdir -p $WORK\b166\
encoding/base64
cp "$WORK\\b079\\_pkg_.a" "C:\\Users\\sanya\\AppData\\Local\\go-build\\99\\99d00957cd57ecfebb3275cfcd35987db984de17805a857a51b8cdf1327761d8-d" # internal
mkdir -p $WORK\b078\
hash/crc32
cp "$WORK\\b117\\_pkg_.a" "C:\\Users\\sanya\\AppData\\Local\\go-build\\e1\\e142c53a3515b6f98f73f51f66f058f6a02ef6c4099345ae8d1814cb0d07644c-d" # internal
mkdir -p $WORK\b083\
cat >C:\Users\sanya\AppData\Local\Temp\go-build1247343387\b166\importcfg << 'EOF' # internal
# import config
packagefile internal/byteorder=C:\Users\sanya\AppData\Local\Temp\go-build1247343387\b012\_pkg_.a
packagefile io=C:\Users\sanya\AppData\Local\Temp\go-build1247343387\b048\_pkg_.a
packagefile slices=C:\Users\sanya\AppData\Local\Temp\go-build1247343387\b047\_pkg_.a
packagefile strconv=C:\Users\sanya\AppData\Local\Temp\go-build1247343387\b040\_pkg_.a
EOF
crypto
"C:\\msys64\\mingw64\\lib\\go\\pkg\\tool\\windows_amd64\\compile.exe" -o "$WORK\\b166\\_pkg_.a" -trimpath "$WORK\\b166=>" -p encoding/base64 -lang=go1.27 -std -complete -buildid dZlUvt4MYL3Pav4QFdD5/dZlUvt4MYL3Pav4QFdD5 -goversion go1.27.0 -c=8 -nolocalimports -importcfg "$WORK\\b166\\importcfg" -pack "C:\\msys64\\mingw64\\lib\\go\\src\\encoding\\base64\\base64.go"
echo -n > $WORK\b078\go_asm.h # internal
cd C:\msys64\mingw64\lib\go\src\hash\crc32
"C:\\msys64\\mingw64\\lib\\go\\pkg\\tool\\windows_amd64\\asm.exe" -p hash/crc32 -trimpath "$WORK\\b078=>" -I "$WORK\\b078\\" -I "C:\\msys64\\mingw64\\lib\\go\\pkg\\include" -D GOOS_windows -D GOARCH_amd64 -std -D GOAMD64_v1 -gensymabis -o "$WORK\\b078\\symabis" "C:\\msys64\\mingw64\\lib\\go\\src\\hash\\crc32\\crc32_amd64.s"
cp "$WORK\\b069\\_pkg_.a" "C:\\Users\\sanya\\AppData\\Local\\go-build\\55\\55ee4f39787292c492e3dc0d5d55e275187030198bdd5ee307720a192f0f9514-d" # internal
mkdir -p $WORK\b172\
cp "$WORK\\b169\\_pkg_.a" "C:\\Users\\sanya\\AppData\\Local\\go-build\\05\\05ce967e665c0ab7105786304f0398fdfa583a5ab5ceb4775178871f2a191b76-d" # internal
mkdir -p $WORK\b180\
cat >C:\Users\sanya\AppData\Local\Temp\go-build1247343387\b083\importcfg << 'EOF' # internal
# import config
packagefile hash=C:\Users\sanya\AppData\Local\Temp\go-build1247343387\b079\_pkg_.a
packagefile io=C:\Users\sanya\AppData\Local\Temp\go-build1247343387\b048\_pkg_.a
packagefile strconv=C:\Users\sanya\AppData\Local\Temp\go-build1247343387\b040\_pkg_.a
EOF
cd C:\Users\sanya\Desktop\Dzvinock
"C:\\msys64\\mingw64\\lib\\go\\pkg\\tool\\windows_amd64\\compile.exe" -o "$WORK\\b083\\_pkg_.a" -trimpath "$WORK\\b083=>" -p crypto -lang=go1.27 -std -complete -buildid cj8meATJKgdtqUGwiJGP/cj8meATJKgdtqUGwiJGP -goversion go1.27.0 -c=6 -nolocalimports -importcfg "$WORK\\b083\\importcfg" -pack "C:\\msys64\\mingw64\\lib\\go\\src\\crypto\\crypto.go"
net/netip
vendor/golang.org/x/text/transform
cat >C:\Users\sanya\AppData\Local\Temp\go-build1247343387\b180\importcfg << 'EOF' # internal
# import config
packagefile bytes=C:\Users\sanya\AppData\Local\Temp\go-build1247343387\b069\_pkg_.a
packagefile errors=C:\Users\sanya\AppData\Local\Temp\go-build1247343387\b003\_pkg_.a
packagefile io=C:\Users\sanya\AppData\Local\Temp\go-build1247343387\b048\_pkg_.a
packagefile unicode/utf8=C:\Users\sanya\AppData\Local\Temp\go-build1247343387\b041\_pkg_.a
EOF
cat >C:\Users\sanya\AppData\Local\Temp\go-build1247343387\b172\importcfg << 'EOF' # internal
# import config
packagefile cmp=C:\Users\sanya\AppData\Local\Temp\go-build1247343387\b036\_pkg_.a
packagefile errors=C:\Users\sanya\AppData\Local\Temp\go-build1247343387\b003\_pkg_.a
packagefile internal/bytealg=C:\Users\sanya\AppData\Local\Temp\go-build1247343387\b010\_pkg_.a
packagefile internal/byteorder=C:\Users\sanya\AppData\Local\Temp\go-build1247343387\b012\_pkg_.a
packagefile math=C:\Users\sanya\AppData\Local\Temp\go-build1247343387\b039\_pkg_.a
packagefile math/bits=C:\Users\sanya\AppData\Local\Temp\go-build1247343387\b029\_pkg_.a
packagefile strconv=C:\Users\sanya\AppData\Local\Temp\go-build1247343387\b040\_pkg_.a
packagefile unique=C:\Users\sanya\AppData\Local\Temp\go-build1247343387\b173\_pkg_.a
EOF
"C:\\msys64\\mingw64\\lib\\go\\pkg\\tool\\windows_amd64\\compile.exe" -o "$WORK\\b180\\_pkg_.a" -trimpath "$WORK\\b180=>" -p vendor/golang.org/x/text/transform -lang=go1.27 -std -complete -buildid HDoFVCq546qYiK2zIl_i/HDoFVCq546qYiK2zIl_i -goversion go1.27.0 -c=5 -nolocalimports -importcfg "$WORK\\b180\\importcfg" -pack "C:\\msys64\\mingw64\\lib\\go\\src\\vendor\\golang.org\\x\\text\\transform\\transform.go"
go tool buildid -w "$WORK\\b070\\_pkg_.a" # internal
"C:\\msys64\\mingw64\\lib\\go\\pkg\\tool\\windows_amd64\\compile.exe" -o "$WORK\\b172\\_pkg_.a" -trimpath "$WORK\\b172=>" -p net/netip -lang=go1.27 -std -complete -buildid o1YxC-ZOdm5zFxuPV952/o1YxC-ZOdm5zFxuPV952 -goversion go1.27.0 -c=4 -nolocalimports -importcfg "$WORK\\b172\\importcfg" -pack "C:\\msys64\\mingw64\\lib\\go\\src\\net\\netip\\netip.go" "C:\\msys64\\mingw64\\lib\\go\\src\\net\\netip\\uint128.go"
cp "$WORK\\b070\\_pkg_.a" "C:\\Users\\sanya\\AppData\\Local\\go-build\\21\\21d9ccba71a7681174e6312ea4cedb69b138b60776de829dbb6888142058e701-d" # internal
mkdir -p $WORK\b068\
bufio
cat >C:\Users\sanya\AppData\Local\Temp\go-build1247343387\b068\importcfg << 'EOF' # internal
# import config
packagefile bytes=C:\Users\sanya\AppData\Local\Temp\go-build1247343387\b069\_pkg_.a
packagefile errors=C:\Users\sanya\AppData\Local\Temp\go-build1247343387\b003\_pkg_.a
packagefile io=C:\Users\sanya\AppData\Local\Temp\go-build1247343387\b048\_pkg_.a
packagefile strings=C:\Users\sanya\AppData\Local\Temp\go-build1247343387\b070\_pkg_.a
packagefile unicode/utf8=C:\Users\sanya\AppData\Local\Temp\go-build1247343387\b041\_pkg_.a
EOF
"C:\\msys64\\mingw64\\lib\\go\\pkg\\tool\\windows_amd64\\compile.exe" -o "$WORK\\b068\\_pkg_.a" -trimpath "$WORK\\b068=>" -p bufio -lang=go1.27 -std -complete -buildid FfPLb-LX7yp2z07M99vN/FfPLb-LX7yp2z07M99vN -goversion go1.27.0 -c=5 -nolocalimports -importcfg "$WORK\\b068\\importcfg" -pack "C:\\msys64\\mingw64\\lib\\go\\src\\bufio\\bufio.go" "C:\\msys64\\mingw64\\lib\\go\\src\\bufio\\scan.go"
cat >C:\Users\sanya\AppData\Local\Temp\go-build1247343387\b078\importcfg << 'EOF' # internal
# import config
packagefile errors=C:\Users\sanya\AppData\Local\Temp\go-build1247343387\b003\_pkg_.a
packagefile hash=C:\Users\sanya\AppData\Local\Temp\go-build1247343387\b079\_pkg_.a
packagefile internal/byteorder=C:\Users\sanya\AppData\Local\Temp\go-build1247343387\b012\_pkg_.a
packagefile internal/cpu=C:\Users\sanya\AppData\Local\Temp\go-build1247343387\b011\_pkg_.a
packagefile sync=C:\Users\sanya\AppData\Local\Temp\go-build1247343387\b042\_pkg_.a
packagefile sync/atomic=C:\Users\sanya\AppData\Local\Temp\go-build1247343387\b044\_pkg_.a
EOF
"C:\\msys64\\mingw64\\lib\\go\\pkg\\tool\\windows_amd64\\compile.exe" -o "$WORK\\b078\\_pkg_.a" -trimpath "$WORK\\b078=>" -p hash/crc32 -lang=go1.27 -std -buildid sMg7vfTmOpp0VZWuHt0J/sMg7vfTmOpp0VZWuHt0J -goversion go1.27.0 -symabis "$WORK\\b078\\symabis" -c=5 -nolocalimports -importcfg "$WORK\\b078\\importcfg" -pack -asmhdr "$WORK\\b078\\go_asm.h" "C:\\msys64\\mingw64\\lib\\go\\src\\hash\\crc32\\crc32.go" "C:\\msys64\\mingw64\\lib\\go\\src\\hash\\crc32\\crc32_amd64.go" "C:\\msys64\\mingw64\\lib\\go\\src\\hash\\crc32\\crc32_generic.go" "C:\\msys64\\mingw64\\lib\\go\\src\\hash\\crc32\\gen.go"
go tool buildid -w "$WORK\\b083\\_pkg_.a" # internal
go tool buildid -w "$WORK\\b166\\_pkg_.a" # internal
cp "$WORK\\b083\\_pkg_.a" "C:\\Users\\sanya\\AppData\\Local\\go-build\\ac\\ac6948e4cfc139b94696b9900d3ba916cb1880c9061db56328b9a150b88ea24a-d" # internal
mkdir -p $WORK\b087\
crypto/internal/fips140
go tool buildid -w "$WORK\\b180\\_pkg_.a" # internal
cat >C:\Users\sanya\AppData\Local\Temp\go-build1247343387\b087\importcfg << 'EOF' # internal
# import config
packagefile crypto/internal/fips140deps/godebug=C:\Users\sanya\AppData\Local\Temp\go-build1247343387\b088\_pkg_.a
packagefile errors=C:\Users\sanya\AppData\Local\Temp\go-build1247343387\b003\_pkg_.a
packagefile runtime=C:\Users\sanya\AppData\Local\Temp\go-build1247343387\b009\_pkg_.a
packagefile strings=C:\Users\sanya\AppData\Local\Temp\go-build1247343387\b070\_pkg_.a
EOF
"C:\\msys64\\mingw64\\lib\\go\\pkg\\tool\\windows_amd64\\compile.exe" -o "$WORK\\b087\\_pkg_.a" -trimpath "$WORK\\b087=>" -p crypto/internal/fips140 -lang=go1.27 -std -complete -buildid BCOz2x-JhalGZsni9NXm/BCOz2x-JhalGZsni9NXm -goversion go1.27.0 -c=8 -nolocalimports -importcfg "$WORK\\b087\\importcfg" -pack "C:\\msys64\\mingw64\\lib\\go\\src\\crypto\\internal\\fips140\\cast.go" "C:\\msys64\\mingw64\\lib\\go\\src\\crypto\\internal\\fips140\\fips140.go" "C:\\msys64\\mingw64\\lib\\go\\src\\crypto\\internal\\fips140\\indicator.go" "C:\\msys64\\mingw64\\lib\\go\\src\\crypto\\internal\\fips140\\notasan.go" "C:\\msys64\\mingw64\\lib\\go\\src\\crypto\\internal\\fips140\\notboring.go" "C:\\msys64\\mingw64\\lib\\go\\src\\crypto\\internal\\fips140\\notpurego.go"
cp "$WORK\\b180\\_pkg_.a" "C:\\Users\\sanya\\AppData\\Local\\go-build\\73\\7376e790b0af1d4a49524bc76700189e2cb5b2bd7ade6012ba452da0459b74d4-d" # internal
mkdir -p $WORK\b095\
crypto/internal/impl
cat >C:\Users\sanya\AppData\Local\Temp\go-build1247343387\b095\importcfg << 'EOF' # internal
# import config
packagefile strings=C:\Users\sanya\AppData\Local\Temp\go-build1247343387\b070\_pkg_.a
EOF
"C:\\msys64\\mingw64\\lib\\go\\pkg\\tool\\windows_amd64\\compile.exe" -o "$WORK\\b095\\_pkg_.a" -trimpath "$WORK\\b095=>" -p crypto/internal/impl -lang=go1.27 -std -complete -buildid 5KjtdS9FFwd3kckNSj2Z/5KjtdS9FFwd3kckNSj2Z -goversion go1.27.0 -c=6 -nolocalimports -importcfg "$WORK\\b095\\importcfg" -pack "C:\\msys64\\mingw64\\lib\\go\\src\\crypto\\internal\\impl\\impl.go"
cp "$WORK\\b166\\_pkg_.a" "C:\\Users\\sanya\\AppData\\Local\\go-build\\b8\\b8cfe4c296607ae705837a93c58875a61554bdc40b19819b34b2124895b80f4f-d" # internal
mkdir -p $WORK\b165\
encoding/pem
cat >C:\Users\sanya\AppData\Local\Temp\go-build1247343387\b165\importcfg << 'EOF' # internal
# import config
packagefile bytes=C:\Users\sanya\AppData\Local\Temp\go-build1247343387\b069\_pkg_.a
packagefile encoding/base64=C:\Users\sanya\AppData\Local\Temp\go-build1247343387\b166\_pkg_.a
packagefile errors=C:\Users\sanya\AppData\Local\Temp\go-build1247343387\b003\_pkg_.a
packagefile io=C:\Users\sanya\AppData\Local\Temp\go-build1247343387\b048\_pkg_.a
packagefile slices=C:\Users\sanya\AppData\Local\Temp\go-build1247343387\b047\_pkg_.a
packagefile strings=C:\Users\sanya\AppData\Local\Temp\go-build1247343387\b070\_pkg_.a
EOF
"C:\\msys64\\mingw64\\lib\\go\\pkg\\tool\\windows_amd64\\compile.exe" -o "$WORK\\b165\\_pkg_.a" -trimpath "$WORK\\b165=>" -p encoding/pem -lang=go1.27 -std -complete -buildid plE-SQNYBm72XULmfFZ5/plE-SQNYBm72XULmfFZ5 -goversion go1.27.0 -c=5 -nolocalimports -importcfg "$WORK\\b165\\importcfg" -pack "C:\\msys64\\mingw64\\lib\\go\\src\\encoding\\pem\\pem.go"
go tool buildid -w "$WORK\\b055\\_pkg_.a" # internal
cd C:\msys64\mingw64\lib\go\src\hash\crc32
"C:\\msys64\\mingw64\\lib\\go\\pkg\\tool\\windows_amd64\\asm.exe" -p hash/crc32 -trimpath "$WORK\\b078=>" -I "$WORK\\b078\\" -I "C:\\msys64\\mingw64\\lib\\go\\pkg\\include" -D GOOS_windows -D GOARCH_amd64 -std -D GOAMD64_v1 -o "$WORK\\b078\\crc32_amd64.o" "C:\\msys64\\mingw64\\lib\\go\\src\\hash\\crc32\\crc32_amd64.s"
go tool buildid -w "$WORK\\b068\\_pkg_.a" # internal
cp "$WORK\\b055\\_pkg_.a" "C:\\Users\\sanya\\AppData\\Local\\go-build\\a5\\a588e49bd369b78cd58250c3bccac0dbe8d5d8e4aa0aae60466a293aa520939b-d" # internal
mkdir -p $WORK\b051\
internal/syscall/windows
cat >C:\Users\sanya\AppData\Local\Temp\go-build1247343387\b051\importcfg << 'EOF' # internal
# import config
packagefile errors=C:\Users\sanya\AppData\Local\Temp\go-build1247343387\b003\_pkg_.a
packagefile internal/oserror=C:\Users\sanya\AppData\Local\Temp\go-build1247343387\b052\_pkg_.a
packagefile internal/runtime/syscall/windows=C:\Users\sanya\AppData\Local\Temp\go-build1247343387\b031\_pkg_.a
packagefile internal/syscall/windows/sysdll=C:\Users\sanya\AppData\Local\Temp\go-build1247343387\b053\_pkg_.a
packagefile runtime=C:\Users\sanya\AppData\Local\Temp\go-build1247343387\b009\_pkg_.a
packagefile structs=C:\Users\sanya\AppData\Local\Temp\go-build1247343387\b054\_pkg_.a
packagefile sync=C:\Users\sanya\AppData\Local\Temp\go-build1247343387\b042\_pkg_.a
packagefile syscall=C:\Users\sanya\AppData\Local\Temp\go-build1247343387\b055\_pkg_.a
EOF
cd C:\Users\sanya\Desktop\Dzvinock
"C:\\msys64\\mingw64\\lib\\go\\pkg\\tool\\windows_amd64\\compile.exe" -o "$WORK\\b051\\_pkg_.a" -trimpath "$WORK\\b051=>" -p internal/syscall/windows -lang=go1.27 -std -complete -buildid yRiX9ld0zC9fTKV2nqYw/yRiX9ld0zC9fTKV2nqYw -goversion go1.27.0 -c=6 -nolocalimports -importcfg "$WORK\\b051\\importcfg" -pack "C:\\msys64\\mingw64\\lib\\go\\src\\internal\\syscall\\windows\\at_windows.go" "C:\\msys64\\mingw64\\lib\\go\\src\\internal\\syscall\\windows\\net_windows.go" "C:\\msys64\\mingw64\\lib\\go\\src\\internal\\syscall\\windows\\nonblocking_windows.go" "C:\\msys64\\mingw64\\lib\\go\\src\\internal\\syscall\\windows\\psapi_windows.go" "C:\\msys64\\mingw64\\lib\\go\\src\\internal\\syscall\\windows\\reparse_windows.go" "C:\\msys64\\mingw64\\lib\\go\\src\\internal\\syscall\\windows\\security_windows.go" "C:\\msys64\\mingw64\\lib\\go\\src\\internal\\syscall\\windows\\string_windows.go" "C:\\msys64\\mingw64\\lib\\go\\src\\internal\\syscall\\windows\\symlink_windows.go" "C:\\msys64\\mingw64\\lib\\go\\src\\internal\\syscall\\windows\\syscall_windows.go" "C:\\msys64\\mingw64\\lib\\go\\src\\internal\\syscall\\windows\\types_windows.go" "C:\\msys64\\mingw64\\lib\\go\\src\\internal\\syscall\\windows\\version_windows.go" "C:\\msys64\\mingw64\\lib\\go\\src\\internal\\syscall\\windows\\zsyscall_windows.go"
go tool buildid -w "$WORK\\b095\\_pkg_.a" # internal
cp "$WORK\\b068\\_pkg_.a" "C:\\Users\\sanya\\AppData\\Local\\go-build\\86\\86c25d923651cb3cdad362f51e95ad6c178c3b154df67797bc710482303bd986-d" # internal
mkdir -p $WORK\b060\
go tool buildid -w "$WORK\\b087\\_pkg_.a" # internal
internal/syscall/windows/registry
cat >C:\Users\sanya\AppData\Local\Temp\go-build1247343387\b060\importcfg << 'EOF' # internal
# import config
packagefile errors=C:\Users\sanya\AppData\Local\Temp\go-build1247343387\b003\_pkg_.a
packagefile internal/syscall/windows/sysdll=C:\Users\sanya\AppData\Local\Temp\go-build1247343387\b053\_pkg_.a
packagefile runtime=C:\Users\sanya\AppData\Local\Temp\go-build1247343387\b009\_pkg_.a
packagefile syscall=C:\Users\sanya\AppData\Local\Temp\go-build1247343387\b055\_pkg_.a
packagefile unicode/utf16=C:\Users\sanya\AppData\Local\Temp\go-build1247343387\b056\_pkg_.a
EOF
"C:\\msys64\\mingw64\\lib\\go\\pkg\\tool\\windows_amd64\\compile.exe" -o "$WORK\\b060\\_pkg_.a" -trimpath "$WORK\\b060=>" -p internal/syscall/windows/registry -lang=go1.27 -std -complete -buildid 5jym6UdL0-1MqlwJCsKp/5jym6UdL0-1MqlwJCsKp -goversion go1.27.0 -c=8 -nolocalimports -importcfg "$WORK\\b060\\importcfg" -pack "C:\\msys64\\mingw64\\lib\\go\\src\\internal\\syscall\\windows\\registry\\key.go" "C:\\msys64\\mingw64\\lib\\go\\src\\internal\\syscall\\windows\\registry\\syscall.go" "C:\\msys64\\mingw64\\lib\\go\\src\\internal\\syscall\\windows\\registry\\value.go" "C:\\msys64\\mingw64\\lib\\go\\src\\internal\\syscall\\windows\\registry\\zsyscall_windows.go"
cp "$WORK\\b087\\_pkg_.a" "C:\\Users\\sanya\\AppData\\Local\\go-build\\15\\15b1744df21d73ab45911cb77fda1abe586fe37009be3360c9ac403981b8e749-d" # internal
mkdir -p $WORK\b067\
image
cat >C:\Users\sanya\AppData\Local\Temp\go-build1247343387\b067\importcfg << 'EOF' # internal
# import config
packagefile bufio=C:\Users\sanya\AppData\Local\Temp\go-build1247343387\b068\_pkg_.a
packagefile errors=C:\Users\sanya\AppData\Local\Temp\go-build1247343387\b003\_pkg_.a
packagefile image/color=C:\Users\sanya\AppData\Local\Temp\go-build1247343387\b071\_pkg_.a
packagefile io=C:\Users\sanya\AppData\Local\Temp\go-build1247343387\b048\_pkg_.a
packagefile math/bits=C:\Users\sanya\AppData\Local\Temp\go-build1247343387\b029\_pkg_.a
packagefile strconv=C:\Users\sanya\AppData\Local\Temp\go-build1247343387\b040\_pkg_.a
packagefile sync=C:\Users\sanya\AppData\Local\Temp\go-build1247343387\b042\_pkg_.a
packagefile sync/atomic=C:\Users\sanya\AppData\Local\Temp\go-build1247343387\b044\_pkg_.a
EOF
"C:\\msys64\\mingw64\\lib\\go\\pkg\\tool\\windows_amd64\\compile.exe" -o "$WORK\\b067\\_pkg_.a" -trimpath "$WORK\\b067=>" -p image -lang=go1.27 -std -complete -buildid psPk1BgSDWQGyVGSy9y1/psPk1BgSDWQGyVGSy9y1 -goversion go1.27.0 -c=6 -nolocalimports -importcfg "$WORK\\b067\\importcfg" -pack "C:\\msys64\\mingw64\\lib\\go\\src\\image\\format.go" "C:\\msys64\\mingw64\\lib\\go\\src\\image\\geom.go" "C:\\msys64\\mingw64\\lib\\go\\src\\image\\image.go" "C:\\msys64\\mingw64\\lib\\go\\src\\image\\names.go" "C:\\msys64\\mingw64\\lib\\go\\src\\image\\ycbcr.go"
go tool buildid -w "$WORK\\b165\\_pkg_.a" # internal
cp "$WORK\\b095\\_pkg_.a" "C:\\Users\\sanya\\AppData\\Local\\go-build\\97\\9734bd0821c140799b8d1bad0147aa1303eeafa81b718f3e13560b788f8b66f3-d" # internal
mkdir -p $WORK\b092\
crypto/internal/fips140/sha256
echo -n > $WORK\b092\go_asm.h # internal
cd C:\msys64\mingw64\lib\go\src\crypto\internal\fips140\sha256
"C:\\msys64\\mingw64\\lib\\go\\pkg\\tool\\windows_amd64\\asm.exe" -p crypto/internal/fips140/sha256 -trimpath "$WORK\\b092=>" -I "$WORK\\b092\\" -I "C:\\msys64\\mingw64\\lib\\go\\pkg\\include" -D GOOS_windows -D GOARCH_amd64 -std -D GOAMD64_v1 -gensymabis -o "$WORK\\b092\\symabis" "C:\\msys64\\mingw64\\lib\\go\\src\\crypto\\internal\\fips140\\sha256\\sha256block_amd64.s"
cd C:\msys64\mingw64\lib\go\src\hash\crc32
go tool pack r "$WORK\\b078\\_pkg_.a" "$WORK\\b078\\crc32_amd64.o" # internal
cp "$WORK\\b165\\_pkg_.a" "C:\\Users\\sanya\\AppData\\Local\\go-build\\97\\979f345ce90a5ac865c498587222748f3cadf051bba6ac10a6b11977f66c2cc7-d" # internal
mkdir -p $WORK\b096\
go tool buildid -w "$WORK\\b078\\_pkg_.a" # internal
crypto/internal/fips140/sha3
echo -n > $WORK\b096\go_asm.h # internal
cd C:\msys64\mingw64\lib\go\src\crypto\internal\fips140\sha3
"C:\\msys64\\mingw64\\lib\\go\\pkg\\tool\\windows_amd64\\asm.exe" -p crypto/internal/fips140/sha3 -trimpath "$WORK\\b096=>" -I "$WORK\\b096\\" -I "C:\\msys64\\mingw64\\lib\\go\\pkg\\include" -D GOOS_windows -D GOARCH_amd64 -std -D GOAMD64_v1 -gensymabis -o "$WORK\\b096\\symabis" "C:\\msys64\\mingw64\\lib\\go\\src\\crypto\\internal\\fips140\\sha3\\sha3_amd64.s"
cp "$WORK\\b078\\_pkg_.a" "C:\\Users\\sanya\\AppData\\Local\\go-build\\fe\\fe8ecd552636bbdc0a6c1bbd834ac218e1e2f076cf1a8b3acdc74d3c4640c0a4-d" # internal
mkdir -p $WORK\b099\
crypto/internal/fips140/sha512
echo -n > $WORK\b099\go_asm.h # internal
cd C:\msys64\mingw64\lib\go\src\crypto\internal\fips140\sha512
"C:\\msys64\\mingw64\\lib\\go\\pkg\\tool\\windows_amd64\\asm.exe" -p crypto/internal/fips140/sha512 -trimpath "$WORK\\b099=>" -I "$WORK\\b099\\" -I "C:\\msys64\\mingw64\\lib\\go\\pkg\\include" -D GOOS_windows -D GOARCH_amd64 -std -D GOAMD64_v1 -gensymabis -o "$WORK\\b099\\symabis" "C:\\msys64\\mingw64\\lib\\go\\src\\crypto\\internal\\fips140\\sha512\\sha512block_amd64.s"
cat >C:\Users\sanya\AppData\Local\Temp\go-build1247343387\b092\importcfg << 'EOF' # internal
# import config
packagefile bytes=C:\Users\sanya\AppData\Local\Temp\go-build1247343387\b069\_pkg_.a
packagefile crypto/internal/fips140=C:\Users\sanya\AppData\Local\Temp\go-build1247343387\b087\_pkg_.a
packagefile crypto/internal/fips140deps/byteorder=C:\Users\sanya\AppData\Local\Temp\go-build1247343387\b093\_pkg_.a
packagefile crypto/internal/fips140deps/cpu=C:\Users\sanya\AppData\Local\Temp\go-build1247343387\b094\_pkg_.a
packagefile crypto/internal/impl=C:\Users\sanya\AppData\Local\Temp\go-build1247343387\b095\_pkg_.a
packagefile errors=C:\Users\sanya\AppData\Local\Temp\go-build1247343387\b003\_pkg_.a
packagefile hash=C:\Users\sanya\AppData\Local\Temp\go-build1247343387\b079\_pkg_.a
packagefile math/bits=C:\Users\sanya\AppData\Local\Temp\go-build1247343387\b029\_pkg_.a
EOF
cd C:\Users\sanya\Desktop\Dzvinock
"C:\\msys64\\mingw64\\lib\\go\\pkg\\tool\\windows_amd64\\compile.exe" -o "$WORK\\b092\\_pkg_.a" -trimpath "$WORK\\b092=>" -p crypto/internal/fips140/sha256 -lang=go1.27 -std -buildid gCRoAtG3vqEqKbcA0pmT/gCRoAtG3vqEqKbcA0pmT -goversion go1.27.0 -symabis "$WORK\\b092\\symabis" -c=5 -nolocalimports -importcfg "$WORK\\b092\\importcfg" -pack -asmhdr "$WORK\\b092\\go_asm.h" "C:\\msys64\\mingw64\\lib\\go\\src\\crypto\\internal\\fips140\\sha256\\cast.go" "C:\\msys64\\mingw64\\lib\\go\\src\\crypto\\internal\\fips140\\sha256\\sha256.go" "C:\\msys64\\mingw64\\lib\\go\\src\\crypto\\internal\\fips140\\sha256\\sha256block.go" "C:\\msys64\\mingw64\\lib\\go\\src\\crypto\\internal\\fips140\\sha256\\sha256block_amd64.go"
go tool buildid -w "$WORK\\b060\\_pkg_.a" # internal
cp "$WORK\\b060\\_pkg_.a" "C:\\Users\\sanya\\AppData\\Local\\go-build\\0b\\0b84f31e45a88a41320b60bc7fbb96f826d3b2f7293b70b109040e74205d24c1-d" # internal
mkdir -p $WORK\b059\
time
cat >C:\Users\sanya\AppData\Local\Temp\go-build1247343387\b059\importcfg << 'EOF' # internal
# import config
packagefile errors=C:\Users\sanya\AppData\Local\Temp\go-build1247343387\b003\_pkg_.a
packagefile internal/bytealg=C:\Users\sanya\AppData\Local\Temp\go-build1247343387\b010\_pkg_.a
packagefile internal/stringslite=C:\Users\sanya\AppData\Local\Temp\go-build1247343387\b033\_pkg_.a
packagefile internal/syscall/windows/registry=C:\Users\sanya\AppData\Local\Temp\go-build1247343387\b060\_pkg_.a
packagefile math/bits=C:\Users\sanya\AppData\Local\Temp\go-build1247343387\b029\_pkg_.a
packagefile runtime=C:\Users\sanya\AppData\Local\Temp\go-build1247343387\b009\_pkg_.a
packagefile sync=C:\Users\sanya\AppData\Local\Temp\go-build1247343387\b042\_pkg_.a
packagefile syscall=C:\Users\sanya\AppData\Local\Temp\go-build1247343387\b055\_pkg_.a
EOF
"C:\\msys64\\mingw64\\lib\\go\\pkg\\tool\\windows_amd64\\compile.exe" -o "$WORK\\b059\\_pkg_.a" -trimpath "$WORK\\b059=>" -p time -lang=go1.27 -std -buildid AU17mQt6eTrdywXEPqpk/AU17mQt6eTrdywXEPqpk -goversion go1.27.0 -c=7 -nolocalimports -importcfg "$WORK\\b059\\importcfg" -pack "C:\\msys64\\mingw64\\lib\\go\\src\\time\\format.go" "C:\\msys64\\mingw64\\lib\\go\\src\\time\\format_rfc3339.go" "C:\\msys64\\mingw64\\lib\\go\\src\\time\\sleep.go" "C:\\msys64\\mingw64\\lib\\go\\src\\time\\sys_windows.go" "C:\\msys64\\mingw64\\lib\\go\\src\\time\\tick.go" "C:\\msys64\\mingw64\\lib\\go\\src\\time\\time.go" "C:\\msys64\\mingw64\\lib\\go\\src\\time\\zoneinfo.go" "C:\\msys64\\mingw64\\lib\\go\\src\\time\\zoneinfo_abbrs_windows.go" "C:\\msys64\\mingw64\\lib\\go\\src\\time\\zoneinfo_goroot.go" "C:\\msys64\\mingw64\\lib\\go\\src\\time\\zoneinfo_read.go" "C:\\msys64\\mingw64\\lib\\go\\src\\time\\zoneinfo_windows.go"
cat >C:\Users\sanya\AppData\Local\Temp\go-build1247343387\b096\importcfg << 'EOF' # internal
# import config
packagefile bytes=C:\Users\sanya\AppData\Local\Temp\go-build1247343387\b069\_pkg_.a
packagefile crypto/internal/fips140=C:\Users\sanya\AppData\Local\Temp\go-build1247343387\b087\_pkg_.a
packagefile crypto/internal/fips140/subtle=C:\Users\sanya\AppData\Local\Temp\go-build1247343387\b097\_pkg_.a
packagefile crypto/internal/fips140deps/byteorder=C:\Users\sanya\AppData\Local\Temp\go-build1247343387\b093\_pkg_.a
packagefile crypto/internal/fips140deps/cpu=C:\Users\sanya\AppData\Local\Temp\go-build1247343387\b094\_pkg_.a
packagefile errors=C:\Users\sanya\AppData\Local\Temp\go-build1247343387\b003\_pkg_.a
packagefile math/bits=C:\Users\sanya\AppData\Local\Temp\go-build1247343387\b029\_pkg_.a
EOF
"C:\\msys64\\mingw64\\lib\\go\\pkg\\tool\\windows_amd64\\compile.exe" -o "$WORK\\b096\\_pkg_.a" -trimpath "$WORK\\b096=>" -p crypto/internal/fips140/sha3 -lang=go1.27 -std -buildid 4R79QSL3bjd5vhBq0SQX/4R79QSL3bjd5vhBq0SQX -goversion go1.27.0 -symabis "$WORK\\b096\\symabis" -c=5 -nolocalimports -importcfg "$WORK\\b096\\importcfg" -pack -asmhdr "$WORK\\b096\\go_asm.h" "C:\\msys64\\mingw64\\lib\\go\\src\\crypto\\internal\\fips140\\sha3\\cast.go" "C:\\msys64\\mingw64\\lib\\go\\src\\crypto\\internal\\fips140\\sha3\\hashes.go" "C:\\msys64\\mingw64\\lib\\go\\src\\crypto\\internal\\fips140\\sha3\\keccakf.go" "C:\\msys64\\mingw64\\lib\\go\\src\\crypto\\internal\\fips140\\sha3\\sha3.go" "C:\\msys64\\mingw64\\lib\\go\\src\\crypto\\internal\\fips140\\sha3\\sha3_amd64.go" "C:\\msys64\\mingw64\\lib\\go\\src\\crypto\\internal\\fips140\\sha3\\shake.go"
cat >C:\Users\sanya\AppData\Local\Temp\go-build1247343387\b099\importcfg << 'EOF' # internal
# import config
packagefile bytes=C:\Users\sanya\AppData\Local\Temp\go-build1247343387\b069\_pkg_.a
packagefile crypto/internal/fips140=C:\Users\sanya\AppData\Local\Temp\go-build1247343387\b087\_pkg_.a
packagefile crypto/internal/fips140deps/byteorder=C:\Users\sanya\AppData\Local\Temp\go-build1247343387\b093\_pkg_.a
packagefile crypto/internal/fips140deps/cpu=C:\Users\sanya\AppData\Local\Temp\go-build1247343387\b094\_pkg_.a
packagefile crypto/internal/impl=C:\Users\sanya\AppData\Local\Temp\go-build1247343387\b095\_pkg_.a
packagefile errors=C:\Users\sanya\AppData\Local\Temp\go-build1247343387\b003\_pkg_.a
packagefile hash=C:\Users\sanya\AppData\Local\Temp\go-build1247343387\b079\_pkg_.a
packagefile math/bits=C:\Users\sanya\AppData\Local\Temp\go-build1247343387\b029\_pkg_.a
EOF
"C:\\msys64\\mingw64\\lib\\go\\pkg\\tool\\windows_amd64\\compile.exe" -o "$WORK\\b099\\_pkg_.a" -trimpath "$WORK\\b099=>" -p crypto/internal/fips140/sha512 -lang=go1.27 -std -buildid hTGWb0bd1edES1rBKiIi/hTGWb0bd1edES1rBKiIi -goversion go1.27.0 -symabis "$WORK\\b099\\symabis" -c=5 -nolocalimports -importcfg "$WORK\\b099\\importcfg" -pack -asmhdr "$WORK\\b099\\go_asm.h" "C:\\msys64\\mingw64\\lib\\go\\src\\crypto\\internal\\fips140\\sha512\\cast.go" "C:\\msys64\\mingw64\\lib\\go\\src\\crypto\\internal\\fips140\\sha512\\sha512.go" "C:\\msys64\\mingw64\\lib\\go\\src\\crypto\\internal\\fips140\\sha512\\sha512block.go" "C:\\msys64\\mingw64\\lib\\go\\src\\crypto\\internal\\fips140\\sha512\\sha512block_amd64.go"
go tool buildid -w "$WORK\\b051\\_pkg_.a" # internal
cp "$WORK\\b051\\_pkg_.a" "C:\\Users\\sanya\\AppData\\Local\\go-build\\31\\31035ecb8b452e5c7622ebccca49d620d1fa406fe5e4db785e64748557b87f2a-d" # internal
mkdir -p $WORK\b064\
internal/syscall/execenv
cat >C:\Users\sanya\AppData\Local\Temp\go-build1247343387\b064\importcfg << 'EOF' # internal
# import config
packagefile internal/syscall/windows=C:\Users\sanya\AppData\Local\Temp\go-build1247343387\b051\_pkg_.a
packagefile syscall=C:\Users\sanya\AppData\Local\Temp\go-build1247343387\b055\_pkg_.a
EOF
"C:\\msys64\\mingw64\\lib\\go\\pkg\\tool\\windows_amd64\\compile.exe" -o "$WORK\\b064\\_pkg_.a" -trimpath "$WORK\\b064=>" -p internal/syscall/execenv -lang=go1.27 -std -complete -buildid I_hp0QkRN8JQF1-reS7V/I_hp0QkRN8JQF1-reS7V -goversion go1.27.0 -c=5 -nolocalimports -importcfg "$WORK\\b064\\importcfg" -pack "C:\\msys64\\mingw64\\lib\\go\\src\\internal\\syscall\\execenv\\execenv_windows.go"
cd C:\msys64\mingw64\lib\go\src\crypto\internal\fips140\sha256
"C:\\msys64\\mingw64\\lib\\go\\pkg\\tool\\windows_amd64\\asm.exe" -p crypto/internal/fips140/sha256 -trimpath "$WORK\\b092=>" -I "$WORK\\b092\\" -I "C:\\msys64\\mingw64\\lib\\go\\pkg\\include" -D GOOS_windows -D GOARCH_amd64 -std -D GOAMD64_v1 -o "$WORK\\b092\\sha256block_amd64.o" "C:\\msys64\\mingw64\\lib\\go\\src\\crypto\\internal\\fips140\\sha256\\sha256block_amd64.s"
go tool buildid -w "$WORK\\b067\\_pkg_.a" # internal
cp "$WORK\\b067\\_pkg_.a" "C:\\Users\\sanya\\AppData\\Local\\go-build\\c1\\c1587c75804b2bd3333ba63c69a1b96bf48fbfd605729ac786e76b56e26e85b2-d" # internal
mkdir -p $WORK\b103\
crypto/internal/fips140deps/time
cat >C:\Users\sanya\AppData\Local\Temp\go-build1247343387\b103\importcfg << 'EOF' # internal
# import config
packagefile internal/syscall/windows=C:\Users\sanya\AppData\Local\Temp\go-build1247343387\b051\_pkg_.a
EOF
cd C:\Users\sanya\Desktop\Dzvinock
"C:\\msys64\\mingw64\\lib\\go\\pkg\\tool\\windows_amd64\\compile.exe" -o "$WORK\\b103\\_pkg_.a" -trimpath "$WORK\\b103=>" -p crypto/internal/fips140deps/time -lang=go1.27 -std -complete -buildid bOBXFBd4zKy_zyJ7130M/bOBXFBd4zKy_zyJ7130M -goversion go1.27.0 -c=6 -nolocalimports -importcfg "$WORK\\b103\\importcfg" -pack "C:\\msys64\\mingw64\\lib\\go\\src\\crypto\\internal\\fips140deps\\time\\time_windows.go"
go tool buildid -w "$WORK\\b064\\_pkg_.a" # internal
cd C:\msys64\mingw64\lib\go\src\crypto\internal\fips140\sha512
"C:\\msys64\\mingw64\\lib\\go\\pkg\\tool\\windows_amd64\\asm.exe" -p crypto/internal/fips140/sha512 -trimpath "$WORK\\b099=>" -I "$WORK\\b099\\" -I "C:\\msys64\\mingw64\\lib\\go\\pkg\\include" -D GOOS_windows -D GOARCH_amd64 -std -D GOAMD64_v1 -o "$WORK\\b099\\sha512block_amd64.o" "C:\\msys64\\mingw64\\lib\\go\\src\\crypto\\internal\\fips140\\sha512\\sha512block_amd64.s"
cd C:\msys64\mingw64\lib\go\src\crypto\internal\fips140\sha256
go tool pack r "$WORK\\b092\\_pkg_.a" "$WORK\\b092\\sha256block_amd64.o" # internal
go tool buildid -w "$WORK\\b172\\_pkg_.a" # internal
go tool buildid -w "$WORK\\b103\\_pkg_.a" # internal
cp "$WORK\\b064\\_pkg_.a" "C:\\Users\\sanya\\AppData\\Local\\go-build\\79\\796f8c3647556d2962f83501ed099a7df81d5aa8d7a11c34e89c49827f7bafe4-d" # internal
mkdir -p $WORK\b190\
net/http/internal/ascii
cat >C:\Users\sanya\AppData\Local\Temp\go-build1247343387\b190\importcfg << 'EOF' # internal
# import config
packagefile strings=C:\Users\sanya\AppData\Local\Temp\go-build1247343387\b070\_pkg_.a
packagefile unicode=C:\Users\sanya\AppData\Local\Temp\go-build1247343387\b046\_pkg_.a
EOF
cd C:\Users\sanya\Desktop\Dzvinock
"C:\\msys64\\mingw64\\lib\\go\\pkg\\tool\\windows_amd64\\compile.exe" -o "$WORK\\b190\\_pkg_.a" -trimpath "$WORK\\b190=>" -p net/http/internal/ascii -lang=go1.27 -std -complete -buildid hcnSH-6yvt7YkgZDA810/hcnSH-6yvt7YkgZDA810 -goversion go1.27.0 -c=7 -nolocalimports -importcfg "$WORK\\b190\\importcfg" -pack "C:\\msys64\\mingw64\\lib\\go\\src\\net\\http\\internal\\ascii\\print.go"
go tool buildid -w "$WORK\\b092\\_pkg_.a" # internal
cp "$WORK\\b103\\_pkg_.a" "C:\\Users\\sanya\\AppData\\Local\\go-build\\4e\\4e27a0cbe42ba17f3bf70206386bffecf9b9ff8047b6752b7f34340df47d2664-d" # internal
mkdir -p $WORK\b102\
crypto/internal/entropy/v1.0.0
cat >C:\Users\sanya\AppData\Local\Temp\go-build1247343387\b102\importcfg << 'EOF' # internal
# import config
packagefile crypto/internal/fips140deps/time=C:\Users\sanya\AppData\Local\Temp\go-build1247343387\b103\_pkg_.a
packagefile errors=C:\Users\sanya\AppData\Local\Temp\go-build1247343387\b003\_pkg_.a
packagefile math/bits=C:\Users\sanya\AppData\Local\Temp\go-build1247343387\b029\_pkg_.a
packagefile sync/atomic=C:\Users\sanya\AppData\Local\Temp\go-build1247343387\b044\_pkg_.a
EOF
"C:\\msys64\\mingw64\\lib\\go\\pkg\\tool\\windows_amd64\\compile.exe" -o "$WORK\\b102\\_pkg_.a" -trimpath "$WORK\\b102=>" -p crypto/internal/entropy/v1.0.0 -lang=go1.27 -std -complete -buildid mgAPe47ahMkdDqrEV-PJ/mgAPe47ahMkdDqrEV-PJ -goversion go1.27.0 -c=6 -nolocalimports -importcfg "$WORK\\b102\\importcfg" -pack "C:\\msys64\\mingw64\\lib\\go\\src\\crypto\\internal\\entropy\\v1.0.0\\entropy.go" "C:\\msys64\\mingw64\\lib\\go\\src\\crypto\\internal\\entropy\\v1.0.0\\sha384.go"
cp "$WORK\\b172\\_pkg_.a" "C:\\Users\\sanya\\AppData\\Local\\go-build\\03\\0390584952bffea50eef96b06566ca626e54f55cf8fa01f7c0647af8520dbee0-d" # internal
mkdir -p $WORK\b199\
encoding/json/internal/jsonflags
cat >C:\Users\sanya\AppData\Local\Temp\go-build1247343387\b199\importcfg << 'EOF' # internal
# import config
packagefile encoding/json/internal=C:\Users\sanya\AppData\Local\Temp\go-build1247343387\b198\_pkg_.a
EOF
"C:\\msys64\\mingw64\\lib\\go\\pkg\\tool\\windows_amd64\\compile.exe" -o "$WORK\\b199\\_pkg_.a" -trimpath "$WORK\\b199=>" -p encoding/json/internal/jsonflags -lang=go1.27 -std -complete -buildid jV7NhZbpvm6UKBVpVPiz/jV7NhZbpvm6UKBVpVPiz -goversion go1.27.0 -c=5 -nolocalimports -importcfg "$WORK\\b199\\importcfg" -pack "C:\\msys64\\mingw64\\lib\\go\\src\\encoding\\json\\internal\\jsonflags\\flags.go"
cd C:\msys64\mingw64\lib\go\src\reflect
"C:\\msys64\\mingw64\\lib\\go\\pkg\\tool\\windows_amd64\\asm.exe" -p reflect -trimpath "$WORK\\b037=>" -I "$WORK\\b037\\" -I "C:\\msys64\\mingw64\\lib\\go\\pkg\\include" -D GOOS_windows -D GOARCH_amd64 -std -D GOAMD64_v1 -o "$WORK\\b037\\asm_amd64.o" "C:\\msys64\\mingw64\\lib\\go\\src\\reflect\\asm_amd64.s"
cp "$WORK\\b092\\_pkg_.a" "C:\\Users\\sanya\\AppData\\Local\\go-build\\ce\\cea1768e40e6a2b68d00eb39eae126280533f6011ce1a05dfa7232b423757b2d-d" # internal
mkdir -p $WORK\b204\
encoding/base32
cat >C:\Users\sanya\AppData\Local\Temp\go-build1247343387\b204\importcfg << 'EOF' # internal
# import config
packagefile io=C:\Users\sanya\AppData\Local\Temp\go-build1247343387\b048\_pkg_.a
packagefile slices=C:\Users\sanya\AppData\Local\Temp\go-build1247343387\b047\_pkg_.a
packagefile strconv=C:\Users\sanya\AppData\Local\Temp\go-build1247343387\b040\_pkg_.a
EOF
cd C:\Users\sanya\Desktop\Dzvinock
"C:\\msys64\\mingw64\\lib\\go\\pkg\\tool\\windows_amd64\\compile.exe" -o "$WORK\\b204\\_pkg_.a" -trimpath "$WORK\\b204=>" -p encoding/base32 -lang=go1.27 -std -complete -buildid UsxQyR5rcsPDRSPPce64/UsxQyR5rcsPDRSPPce64 -goversion go1.27.0 -c=5 -nolocalimports -importcfg "$WORK\\b204\\importcfg" -pack "C:\\msys64\\mingw64\\lib\\go\\src\\encoding\\base32\\base32.go"
cd C:\msys64\mingw64\lib\go\src\crypto\internal\fips140\sha512
go tool pack r "$WORK\\b099\\_pkg_.a" "$WORK\\b099\\sha512block_amd64.o" # internal
go tool buildid -w "$WORK\\b099\\_pkg_.a" # internal
go tool buildid -w "$WORK\\b190\\_pkg_.a" # internal
cd C:\msys64\mingw64\lib\go\src\crypto\internal\fips140\sha3
"C:\\msys64\\mingw64\\lib\\go\\pkg\\tool\\windows_amd64\\asm.exe" -p crypto/internal/fips140/sha3 -trimpath "$WORK\\b096=>" -I "$WORK\\b096\\" -I "C:\\msys64\\mingw64\\lib\\go\\pkg\\include" -D GOOS_windows -D GOARCH_amd64 -std -D GOAMD64_v1 -o "$WORK\\b096\\sha3_amd64.o" "C:\\msys64\\mingw64\\lib\\go\\src\\crypto\\internal\\fips140\\sha3\\sha3_amd64.s"
go tool buildid -w "$WORK\\b199\\_pkg_.a" # internal
cd C:\msys64\mingw64\lib\go\src\reflect
go tool pack r "$WORK\\b037\\_pkg_.a" "$WORK\\b037\\asm_amd64.o" # internal
go tool buildid -w "$WORK\\b102\\_pkg_.a" # internal
cp "$WORK\\b190\\_pkg_.a" "C:\\Users\\sanya\\AppData\\Local\\go-build\\df\\df3348d6cb6a4ae5e9a2b18bd38954a01f81dec1f330208e78afed41b83d337a-d" # internal
mkdir -p $WORK\b215\
fyne.io/fyne/v2/internal/repository/mime
cat >C:\Users\sanya\AppData\Local\Temp\go-build1247343387\b215\importcfg << 'EOF' # internal
# import config
packagefile strings=C:\Users\sanya\AppData\Local\Temp\go-build1247343387\b070\_pkg_.a
EOF
cd C:\Users\sanya\Desktop\Dzvinock
"C:\\msys64\\mingw64\\lib\\go\\pkg\\tool\\windows_amd64\\compile.exe" -o "$WORK\\b215\\_pkg_.a" -trimpath "$WORK\\b215=>" -p fyne.io/fyne/v2/internal/repository/mime -lang=go1.22 -complete -buildid OLE4rxJ4Pjfqt0KecLVU/OLE4rxJ4Pjfqt0KecLVU -goversion go1.27.0 -c=8 -nolocalimports -importcfg "$WORK\\b215\\importcfg" -pack "C:\\Users\\sanya\\go\\pkg\\mod\\fyne.io\\fyne\\v2@v2.8.0\\internal\\repository\\mime\\mime.go"
cp "$WORK\\b199\\_pkg_.a" "C:\\Users\\sanya\\AppData\\Local\\go-build\\bc\\bc63f9b04ee799b3a9b971c5bc126ed8c153053d15b57e378c62ac02320ff28b-d" # internal
mkdir -p $WORK\b200\
encoding/json/internal/jsonopts
cat >C:\Users\sanya\AppData\Local\Temp\go-build1247343387\b200\importcfg << 'EOF' # internal
# import config
packagefile encoding/json/internal=C:\Users\sanya\AppData\Local\Temp\go-build1247343387\b198\_pkg_.a
packagefile encoding/json/internal/jsonflags=C:\Users\sanya\AppData\Local\Temp\go-build1247343387\b199\_pkg_.a
EOF
"C:\\msys64\\mingw64\\lib\\go\\pkg\\tool\\windows_amd64\\compile.exe" -o "$WORK\\b200\\_pkg_.a" -trimpath "$WORK\\b200=>" -p encoding/json/internal/jsonopts -lang=go1.27 -std -complete -buildid if9xsU2vwyu04BqTywex/if9xsU2vwyu04BqTywex -goversion go1.27.0 -c=6 -nolocalimports -importcfg "$WORK\\b200\\importcfg" -pack "C:\\msys64\\mingw64\\lib\\go\\src\\encoding\\json\\internal\\jsonopts\\options.go" "C:\\msys64\\mingw64\\lib\\go\\src\\encoding\\json\\internal\\jsonopts\\options_format.go"
go tool buildid -w "$WORK\\b037\\_pkg_.a" # internal
cp "$WORK\\b102\\_pkg_.a" "C:\\Users\\sanya\\AppData\\Local\\go-build\\5e\\5e3de77c8fd458187c628ae8a8bdf80ffc758095265708a7b4868a9256c0f392-d" # internal
mkdir -p $WORK\b201\
encoding/json/internal/jsonwire
cat >C:\Users\sanya\AppData\Local\Temp\go-build1247343387\b201\importcfg << 'EOF' # internal
# import config
packagefile cmp=C:\Users\sanya\AppData\Local\Temp\go-build1247343387\b036\_pkg_.a
packagefile encoding/json/internal/jsonflags=C:\Users\sanya\AppData\Local\Temp\go-build1247343387\b199\_pkg_.a
packagefile errors=C:\Users\sanya\AppData\Local\Temp\go-build1247343387\b003\_pkg_.a
packagefile io=C:\Users\sanya\AppData\Local\Temp\go-build1247343387\b048\_pkg_.a
packagefile math=C:\Users\sanya\AppData\Local\Temp\go-build1247343387\b039\_pkg_.a
packagefile slices=C:\Users\sanya\AppData\Local\Temp\go-build1247343387\b047\_pkg_.a
packagefile strconv=C:\Users\sanya\AppData\Local\Temp\go-build1247343387\b040\_pkg_.a
packagefile strings=C:\Users\sanya\AppData\Local\Temp\go-build1247343387\b070\_pkg_.a
packagefile unicode=C:\Users\sanya\AppData\Local\Temp\go-build1247343387\b046\_pkg_.a
packagefile unicode/utf16=C:\Users\sanya\AppData\Local\Temp\go-build1247343387\b056\_pkg_.a
packagefile unicode/utf8=C:\Users\sanya\AppData\Local\Temp\go-build1247343387\b041\_pkg_.a
EOF
"C:\\msys64\\mingw64\\lib\\go\\pkg\\tool\\windows_amd64\\compile.exe" -o "$WORK\\b201\\_pkg_.a" -trimpath "$WORK\\b201=>" -p encoding/json/internal/jsonwire -lang=go1.27 -std -complete -buildid WgXElgcCiJBc3TC-L2EC/WgXElgcCiJBc3TC-L2EC -goversion go1.27.0 -c=5 -nolocalimports -importcfg "$WORK\\b201\\importcfg" -pack "C:\\msys64\\mingw64\\lib\\go\\src\\encoding\\json\\internal\\jsonwire\\decode.go" "C:\\msys64\\mingw64\\lib\\go\\src\\encoding\\json\\internal\\jsonwire\\encode.go" "C:\\msys64\\mingw64\\lib\\go\\src\\encoding\\json\\internal\\jsonwire\\wire.go"
cp "$WORK\\b099\\_pkg_.a" "C:\\Users\\sanya\\AppData\\Local\\go-build\\08\\085694f139203d3a2d09dcf63adbe66a4b2e66af2ab8f4457b0c6d3fbbdfc803-d" # internal
mkdir -p $WORK\b229\
image/internal/imageutil
cat >C:\Users\sanya\AppData\Local\Temp\go-build1247343387\b229\importcfg << 'EOF' # internal
# import config
packagefile image=C:\Users\sanya\AppData\Local\Temp\go-build1247343387\b067\_pkg_.a
EOF
"C:\\msys64\\mingw64\\lib\\go\\pkg\\tool\\windows_amd64\\compile.exe" -o "$WORK\\b229\\_pkg_.a" -trimpath "$WORK\\b229=>" -p image/internal/imageutil -lang=go1.27 -std -complete -buildid d9H6GyOg1jpHcyBu7MON/d9H6GyOg1jpHcyBu7MON -goversion go1.27.0 -c=4 -nolocalimports -importcfg "$WORK\\b229\\importcfg" -pack "C:\\msys64\\mingw64\\lib\\go\\src\\image\\internal\\imageutil\\imageutil.go" "C:\\msys64\\mingw64\\lib\\go\\src\\image\\internal\\imageutil\\impl.go"
go tool buildid -w "$WORK\\b204\\_pkg_.a" # internal
go tool buildid -w "$WORK\\b215\\_pkg_.a" # internal
cd C:\msys64\mingw64\lib\go\src\crypto\internal\fips140\sha3
go tool pack r "$WORK\\b096\\_pkg_.a" "$WORK\\b096\\sha3_amd64.o" # internal
go tool buildid -w "$WORK\\b096\\_pkg_.a" # internal
cp "$WORK\\b204\\_pkg_.a" "C:\\Users\\sanya\\AppData\\Local\\go-build\\20\\2008b4a18f29c3d2c8fecaa8d04ba15c1053820123124b2988bee01a955a00d6-d" # internal
cp "$WORK\\b215\\_pkg_.a" "C:\\Users\\sanya\\AppData\\Local\\go-build\\48\\483f1a1b36ac1fbee47aca43cadb869a7d21a57c77249b17dd1816f4854ce6da-d" # internal
mkdir -p $WORK\b249\
mkdir -p $WORK\b236\
go tool buildid -w "$WORK\\b059\\_pkg_.a" # internal
golang.org/x/text/internal/tag
cat >C:\Users\sanya\AppData\Local\Temp\go-build1247343387\b249\importcfg << 'EOF' # internal
# import config
packagefile sort=C:\Users\sanya\AppData\Local\Temp\go-build1247343387\b176\_pkg_.a
EOF
golang.org/x/text/transform
cat >C:\Users\sanya\AppData\Local\Temp\go-build1247343387\b236\importcfg << 'EOF' # internal
# import config
packagefile bytes=C:\Users\sanya\AppData\Local\Temp\go-build1247343387\b069\_pkg_.a
packagefile errors=C:\Users\sanya\AppData\Local\Temp\go-build1247343387\b003\_pkg_.a
packagefile io=C:\Users\sanya\AppData\Local\Temp\go-build1247343387\b048\_pkg_.a
packagefile unicode/utf8=C:\Users\sanya\AppData\Local\Temp\go-build1247343387\b041\_pkg_.a
EOF
cd C:\Users\sanya\Desktop\Dzvinock
"C:\\msys64\\mingw64\\lib\\go\\pkg\\tool\\windows_amd64\\compile.exe" -o "$WORK\\b236\\_pkg_.a" -trimpath "$WORK\\b236=>" -p golang.org/x/text/transform -lang=go1.18 -complete -buildid OnvtHFAhDMng_Rjks7Jl/OnvtHFAhDMng_Rjks7Jl -goversion go1.27.0 -c=7 -nolocalimports -importcfg "$WORK\\b236\\importcfg" -pack "C:\\Users\\sanya\\go\\pkg\\mod\\golang.org\\x\\text@v0.22.0\\transform\\transform.go"
go tool buildid -w "$WORK\\b200\\_pkg_.a" # internal
"C:\\msys64\\mingw64\\lib\\go\\pkg\\tool\\windows_amd64\\compile.exe" -o "$WORK\\b249\\_pkg_.a" -trimpath "$WORK\\b249=>" -p golang.org/x/text/internal/tag -lang=go1.18 -complete -buildid 2du4HQjq6-167vx7O3Vu/2du4HQjq6-167vx7O3Vu -goversion go1.27.0 -c=8 -nolocalimports -importcfg "$WORK\\b249\\importcfg" -pack "C:\\Users\\sanya\\go\\pkg\\mod\\golang.org\\x\\text@v0.22.0\\internal\\tag\\tag.go"
go tool buildid -w "$WORK\\b229\\_pkg_.a" # internal
cp "$WORK\\b200\\_pkg_.a" "C:\\Users\\sanya\\AppData\\Local\\go-build\\84\\84ca1fadbddab23afda16d5b36d79fe3b33e0795afa0d491ca8baf7f94a80e63-d" # internal
mkdir -p $WORK\b256\
hash/adler32
cat >C:\Users\sanya\AppData\Local\Temp\go-build1247343387\b256\importcfg << 'EOF' # internal
# import config
packagefile errors=C:\Users\sanya\AppData\Local\Temp\go-build1247343387\b003\_pkg_.a
packagefile hash=C:\Users\sanya\AppData\Local\Temp\go-build1247343387\b079\_pkg_.a
packagefile internal/byteorder=C:\Users\sanya\AppData\Local\Temp\go-build1247343387\b012\_pkg_.a
EOF
"C:\\msys64\\mingw64\\lib\\go\\pkg\\tool\\windows_amd64\\compile.exe" -o "$WORK\\b256\\_pkg_.a" -trimpath "$WORK\\b256=>" -p hash/adler32 -lang=go1.27 -std -complete -buildid -kv4Qd6rc1PaYIg8KD3A/-kv4Qd6rc1PaYIg8KD3A -goversion go1.27.0 -c=6 -nolocalimports -importcfg "$WORK\\b256\\importcfg" -pack "C:\\msys64\\mingw64\\lib\\go\\src\\hash\\adler32\\adler32.go"
cp "$WORK\\b229\\_pkg_.a" "C:\\Users\\sanya\\AppData\\Local\\go-build\\e3\\e38cc0e94c86a7e9eb157e38feafb9e9fd81703e9f517b72bc6bc7918fc051f0-d" # internal
mkdir -p $WORK\b228\
cp "$WORK\\b037\\_pkg_.a" "C:\\Users\\sanya\\AppData\\Local\\go-build\\6a\\6a9d66cba4e5783c923bda7a74d47c84e28d8e69f36862aa6e75cdf4d7e209e7-d" # internal
mkdir -p $WORK\b035\
mkdir -p $WORK\b077\
cp "$WORK\\b096\\_pkg_.a" "C:\\Users\\sanya\\AppData\\Local\\go-build\\f7\\f7259901a205bb0c7c419742186d3ef41581b65c21e8bf666874197b95e81e55-d" # internal
mkdir -p $WORK\b091\
encoding/binary
crypto/internal/fips140/hmac
internal/fmtsort
go tool buildid -w "$WORK\\b201\\_pkg_.a" # internal
cat >C:\Users\sanya\AppData\Local\Temp\go-build1247343387\b091\importcfg << 'EOF' # internal
# import config
packagefile bytes=C:\Users\sanya\AppData\Local\Temp\go-build1247343387\b069\_pkg_.a
packagefile crypto/internal/fips140=C:\Users\sanya\AppData\Local\Temp\go-build1247343387\b087\_pkg_.a
packagefile crypto/internal/fips140/sha256=C:\Users\sanya\AppData\Local\Temp\go-build1247343387\b092\_pkg_.a
packagefile crypto/internal/fips140/sha3=C:\Users\sanya\AppData\Local\Temp\go-build1247343387\b096\_pkg_.a
packagefile crypto/internal/fips140/sha512=C:\Users\sanya\AppData\Local\Temp\go-build1247343387\b099\_pkg_.a
packagefile errors=C:\Users\sanya\AppData\Local\Temp\go-build1247343387\b003\_pkg_.a
packagefile hash=C:\Users\sanya\AppData\Local\Temp\go-build1247343387\b079\_pkg_.a
EOF
cat >C:\Users\sanya\AppData\Local\Temp\go-build1247343387\b077\importcfg << 'EOF' # internal
# import config
packagefile errors=C:\Users\sanya\AppData\Local\Temp\go-build1247343387\b003\_pkg_.a
packagefile io=C:\Users\sanya\AppData\Local\Temp\go-build1247343387\b048\_pkg_.a
packagefile math=C:\Users\sanya\AppData\Local\Temp\go-build1247343387\b039\_pkg_.a
packagefile reflect=C:\Users\sanya\AppData\Local\Temp\go-build1247343387\b037\_pkg_.a
packagefile slices=C:\Users\sanya\AppData\Local\Temp\go-build1247343387\b047\_pkg_.a
packagefile sync=C:\Users\sanya\AppData\Local\Temp\go-build1247343387\b042\_pkg_.a
EOF
"C:\\msys64\\mingw64\\lib\\go\\pkg\\tool\\windows_amd64\\compile.exe" -o "$WORK\\b077\\_pkg_.a" -trimpath "$WORK\\b077=>" -p encoding/binary -lang=go1.27 -std -complete -buildid 2gSt6MYI3awhY8b3Ddmg/2gSt6MYI3awhY8b3Ddmg -goversion go1.27.0 -c=5 -nolocalimports -importcfg "$WORK\\b077\\importcfg" -pack "C:\\msys64\\mingw64\\lib\\go\\src\\encoding\\binary\\binary.go" "C:\\msys64\\mingw64\\lib\\go\\src\\encoding\\binary\\native_endian_little.go" "C:\\msys64\\mingw64\\lib\\go\\src\\encoding\\binary\\varint.go"
"C:\\msys64\\mingw64\\lib\\go\\pkg\\tool\\windows_amd64\\compile.exe" -o "$WORK\\b091\\_pkg_.a" -trimpath "$WORK\\b091=>" -p crypto/internal/fips140/hmac -lang=go1.27 -std -complete -buildid BIXjrHdAuP4jkCe2awX2/BIXjrHdAuP4jkCe2awX2 -goversion go1.27.0 -c=5 -nolocalimports -importcfg "$WORK\\b091\\importcfg" -pack "C:\\msys64\\mingw64\\lib\\go\\src\\crypto\\internal\\fips140\\hmac\\cast.go" "C:\\msys64\\mingw64\\lib\\go\\src\\crypto\\internal\\fips140\\hmac\\hmac.go"
cat >C:\Users\sanya\AppData\Local\Temp\go-build1247343387\b035\importcfg << 'EOF' # internal
# import config
packagefile cmp=C:\Users\sanya\AppData\Local\Temp\go-build1247343387\b036\_pkg_.a
packagefile reflect=C:\Users\sanya\AppData\Local\Temp\go-build1247343387\b037\_pkg_.a
packagefile slices=C:\Users\sanya\AppData\Local\Temp\go-build1247343387\b047\_pkg_.a
EOF
"C:\\msys64\\mingw64\\lib\\go\\pkg\\tool\\windows_amd64\\compile.exe" -o "$WORK\\b035\\_pkg_.a" -trimpath "$WORK\\b035=>" -p internal/fmtsort -lang=go1.27 -std -complete -buildid AJT_1dJ-kmUmZSUkwADy/AJT_1dJ-kmUmZSUkwADy -goversion go1.27.0 -c=4 -nolocalimports -importcfg "$WORK\\b035\\importcfg" -pack "C:\\msys64\\mingw64\\lib\\go\\src\\internal\\fmtsort\\sort.go"
go tool buildid -w "$WORK\\b249\\_pkg_.a" # internal
cp "$WORK\\b059\\_pkg_.a" "C:\\Users\\sanya\\AppData\\Local\\go-build\\97\\976e05898f4756d7ff3fe53b9dba0a1221b4c78e0be0c358097738388eb4f538-d" # internal
mkdir -p $WORK\b057\
io/fs
cp "$WORK\\b201\\_pkg_.a" "C:\\Users\\sanya\\AppData\\Local\\go-build\\d6\\d61cc87ca538c727c4794ad15ec77981a01ea9cd8c55ff9b947a03f180371d42-d" # internal
cat >C:\Users\sanya\AppData\Local\Temp\go-build1247343387\b057\importcfg << 'EOF' # internal
# import config
packagefile errors=C:\Users\sanya\AppData\Local\Temp\go-build1247343387\b003\_pkg_.a
packagefile internal/bytealg=C:\Users\sanya\AppData\Local\Temp\go-build1247343387\b010\_pkg_.a
packagefile internal/oserror=C:\Users\sanya\AppData\Local\Temp\go-build1247343387\b052\_pkg_.a
packagefile io=C:\Users\sanya\AppData\Local\Temp\go-build1247343387\b048\_pkg_.a
packagefile path=C:\Users\sanya\AppData\Local\Temp\go-build1247343387\b058\_pkg_.a
packagefile slices=C:\Users\sanya\AppData\Local\Temp\go-build1247343387\b047\_pkg_.a
packagefile time=C:\Users\sanya\AppData\Local\Temp\go-build1247343387\b059\_pkg_.a
packagefile unicode/utf8=C:\Users\sanya\AppData\Local\Temp\go-build1247343387\b041\_pkg_.a
EOF
mkdir -p $WORK\b063\
"C:\\msys64\\mingw64\\lib\\go\\pkg\\tool\\windows_amd64\\compile.exe" -o "$WORK\\b057\\_pkg_.a" -trimpath "$WORK\\b057=>" -p io/fs -lang=go1.27 -std -complete -buildid rEPjbGqPzsyOcn9PYRpI/rEPjbGqPzsyOcn9PYRpI -goversion go1.27.0 -c=6 -nolocalimports -importcfg "$WORK\\b057\\importcfg" -pack "C:\\msys64\\mingw64\\lib\\go\\src\\io\\fs\\format.go" "C:\\msys64\\mingw64\\lib\\go\\src\\io\\fs\\fs.go" "C:\\msys64\\mingw64\\lib\\go\\src\\io\\fs\\glob.go" "C:\\msys64\\mingw64\\lib\\go\\src\\io\\fs\\readdir.go" "C:\\msys64\\mingw64\\lib\\go\\src\\io\\fs\\readfile.go" "C:\\msys64\\mingw64\\lib\\go\\src\\io\\fs\\readlink.go" "C:\\msys64\\mingw64\\lib\\go\\src\\io\\fs\\stat.go" "C:\\msys64\\mingw64\\lib\\go\\src\\io\\fs\\sub.go" "C:\\msys64\\mingw64\\lib\\go\\src\\io\\fs\\walk.go"
internal/poll
cat >C:\Users\sanya\AppData\Local\Temp\go-build1247343387\b063\importcfg << 'EOF' # internal
# import config
packagefile errors=C:\Users\sanya\AppData\Local\Temp\go-build1247343387\b003\_pkg_.a
packagefile internal/race=C:\Users\sanya\AppData\Local\Temp\go-build1247343387\b027\_pkg_.a
packagefile internal/syscall/windows=C:\Users\sanya\AppData\Local\Temp\go-build1247343387\b051\_pkg_.a
packagefile io=C:\Users\sanya\AppData\Local\Temp\go-build1247343387\b048\_pkg_.a
packagefile runtime=C:\Users\sanya\AppData\Local\Temp\go-build1247343387\b009\_pkg_.a
packagefile sync=C:\Users\sanya\AppData\Local\Temp\go-build1247343387\b042\_pkg_.a
packagefile sync/atomic=C:\Users\sanya\AppData\Local\Temp\go-build1247343387\b044\_pkg_.a
packagefile syscall=C:\Users\sanya\AppData\Local\Temp\go-build1247343387\b055\_pkg_.a
packagefile time=C:\Users\sanya\AppData\Local\Temp\go-build1247343387\b059\_pkg_.a
packagefile unicode/utf16=C:\Users\sanya\AppData\Local\Temp\go-build1247343387\b056\_pkg_.a
packagefile unicode/utf8=C:\Users\sanya\AppData\Local\Temp\go-build1247343387\b041\_pkg_.a
EOF
"C:\\msys64\\mingw64\\lib\\go\\pkg\\tool\\windows_amd64\\compile.exe" -o "$WORK\\b063\\_pkg_.a" -trimpath "$WORK\\b063=>" -p internal/poll -lang=go1.27 -std -buildid IypExnnAXZ4oMg9XBrc5/IypExnnAXZ4oMg9XBrc5 -goversion go1.27.0 -c=5 -nolocalimports -importcfg "$WORK\\b063\\importcfg" -pack "C:\\msys64\\mingw64\\lib\\go\\src\\internal\\poll\\errno_windows.go" "C:\\msys64\\mingw64\\lib\\go\\src\\internal\\poll\\fd.go" "C:\\msys64\\mingw64\\lib\\go\\src\\internal\\poll\\fd_fsync_windows.go" "C:\\msys64\\mingw64\\lib\\go\\src\\internal\\poll\\fd_mutex.go" "C:\\msys64\\mingw64\\lib\\go\\src\\internal\\poll\\fd_poll_runtime.go" "C:\\msys64\\mingw64\\lib\\go\\src\\internal\\poll\\fd_posix.go" "C:\\msys64\\mingw64\\lib\\go\\src\\internal\\poll\\fd_windows.go" "C:\\msys64\\mingw64\\lib\\go\\src\\internal\\poll\\hook_windows.go" "C:\\msys64\\mingw64\\lib\\go\\src\\internal\\poll\\sendfile.go" "C:\\msys64\\mingw64\\lib\\go\\src\\internal\\poll\\sendfile_windows.go" "C:\\msys64\\mingw64\\lib\\go\\src\\internal\\poll\\sockopt.go" "C:\\msys64\\mingw64\\lib\\go\\src\\internal\\poll\\sockopt_windows.go" "C:\\msys64\\mingw64\\lib\\go\\src\\internal\\poll\\sockoptip.go"
go tool buildid -w "$WORK\\b256\\_pkg_.a" # internal
cp "$WORK\\b249\\_pkg_.a" "C:\\Users\\sanya\\AppData\\Local\\go-build\\41\\41487a3bd61b9af7e71423c9469e34c0e7256f4d289df8cd5443475a03e286a8-d" # internal
mkdir -p $WORK\b081\
context
cat >C:\Users\sanya\AppData\Local\Temp\go-build1247343387\b081\importcfg << 'EOF' # internal
# import config
packagefile errors=C:\Users\sanya\AppData\Local\Temp\go-build1247343387\b003\_pkg_.a
packagefile internal/reflectlite=C:\Users\sanya\AppData\Local\Temp\go-build1247343387\b004\_pkg_.a
packagefile sync=C:\Users\sanya\AppData\Local\Temp\go-build1247343387\b042\_pkg_.a
packagefile sync/atomic=C:\Users\sanya\AppData\Local\Temp\go-build1247343387\b044\_pkg_.a
packagefile time=C:\Users\sanya\AppData\Local\Temp\go-build1247343387\b059\_pkg_.a
EOF
"C:\\msys64\\mingw64\\lib\\go\\pkg\\tool\\windows_amd64\\compile.exe" -o "$WORK\\b081\\_pkg_.a" -trimpath "$WORK\\b081=>" -p context -lang=go1.27 -std -complete -buildid st5AvuWhmtXVBPVRNs_i/st5AvuWhmtXVBPVRNs_i -goversion go1.27.0 -c=6 -nolocalimports -importcfg "$WORK\\b081\\importcfg" -pack "C:\\msys64\\mingw64\\lib\\go\\src\\context\\context.go"
cp "$WORK\\b256\\_pkg_.a" "C:\\Users\\sanya\\AppData\\Local\\go-build\\4d\\4dec51c4e68f7130fdd49447978c05bda130c8596fc0bbc2c04bf362fa7feaaf-d" # internal
mkdir -p $WORK\b129\
crypto/sha3
cat >C:\Users\sanya\AppData\Local\Temp\go-build1247343387\b129\importcfg << 'EOF' # internal
# import config
packagefile crypto=C:\Users\sanya\AppData\Local\Temp\go-build1247343387\b083\_pkg_.a
packagefile crypto/internal/fips140/sha3=C:\Users\sanya\AppData\Local\Temp\go-build1247343387\b096\_pkg_.a
packagefile hash=C:\Users\sanya\AppData\Local\Temp\go-build1247343387\b079\_pkg_.a
EOF
"C:\\msys64\\mingw64\\lib\\go\\pkg\\tool\\windows_amd64\\compile.exe" -o "$WORK\\b129\\_pkg_.a" -trimpath "$WORK\\b129=>" -p crypto/sha3 -lang=go1.27 -std -complete -buildid 8fiUGWU8A8KG0AOkAcRT/8fiUGWU8A8KG0AOkAcRT -goversion go1.27.0 -c=5 -nolocalimports -importcfg "$WORK\\b129\\importcfg" -pack "C:\\msys64\\mingw64\\lib\\go\\src\\crypto\\sha3\\sha3.go"
go tool buildid -w "$WORK\\b236\\_pkg_.a" # internal
go tool buildid -w "$WORK\\b091\\_pkg_.a" # internal
go tool buildid -w "$WORK\\b035\\_pkg_.a" # internal
cp "$WORK\\b091\\_pkg_.a" "C:\\Users\\sanya\\AppData\\Local\\go-build\\d7\\d7005c6869b06c40d734f719f5b8ddfccc4eec48693c3012de0f6d28b8fec1e0-d" # internal
mkdir -p $WORK\b090\
crypto/internal/fips140/check
cat >C:\Users\sanya\AppData\Local\Temp\go-build1247343387\b090\importcfg << 'EOF' # internal
# import config
packagefile crypto/internal/fips140=C:\Users\sanya\AppData\Local\Temp\go-build1247343387\b087\_pkg_.a
packagefile crypto/internal/fips140/hmac=C:\Users\sanya\AppData\Local\Temp\go-build1247343387\b091\_pkg_.a
packagefile crypto/internal/fips140/sha256=C:\Users\sanya\AppData\Local\Temp\go-build1247343387\b092\_pkg_.a
packagefile crypto/internal/fips140deps/byteorder=C:\Users\sanya\AppData\Local\Temp\go-build1247343387\b093\_pkg_.a
packagefile crypto/internal/fips140deps/godebug=C:\Users\sanya\AppData\Local\Temp\go-build1247343387\b088\_pkg_.a
packagefile io=C:\Users\sanya\AppData\Local\Temp\go-build1247343387\b048\_pkg_.a
EOF
"C:\\msys64\\mingw64\\lib\\go\\pkg\\tool\\windows_amd64\\compile.exe" -o "$WORK\\b090\\_pkg_.a" -trimpath "$WORK\\b090=>" -p crypto/internal/fips140/check -lang=go1.27 -std -complete -buildid I-riBQxbTFca00g_xEMf/I-riBQxbTFca00g_xEMf -goversion go1.27.0 -c=6 -nolocalimports -importcfg "$WORK\\b090\\importcfg" -pack "C:\\msys64\\mingw64\\lib\\go\\src\\crypto\\internal\\fips140\\check\\check.go"
cp "$WORK\\b035\\_pkg_.a" "C:\\Users\\sanya\\AppData\\Local\\go-build\\b8\\b8ad5dca05f839cbf2523971c3acc2adca6d356542d07d5765fe018b0f954f18-d" # internal
mkdir -p $WORK\b194\
net/http/internal/httpsfv
go tool buildid -w "$WORK\\b129\\_pkg_.a" # internal
cat >C:\Users\sanya\AppData\Local\Temp\go-build1247343387\b194\importcfg << 'EOF' # internal
# import config
packagefile slices=C:\Users\sanya\AppData\Local\Temp\go-build1247343387\b047\_pkg_.a
packagefile strconv=C:\Users\sanya\AppData\Local\Temp\go-build1247343387\b040\_pkg_.a
packagefile strings=C:\Users\sanya\AppData\Local\Temp\go-build1247343387\b070\_pkg_.a
packagefile time=C:\Users\sanya\AppData\Local\Temp\go-build1247343387\b059\_pkg_.a
packagefile unicode/utf8=C:\Users\sanya\AppData\Local\Temp\go-build1247343387\b041\_pkg_.a
EOF
"C:\\msys64\\mingw64\\lib\\go\\pkg\\tool\\windows_amd64\\compile.exe" -o "$WORK\\b194\\_pkg_.a" -trimpath "$WORK\\b194=>" -p net/http/internal/httpsfv -lang=go1.27 -std -complete -buildid SLFI8asWWuEtMobgxeXY/SLFI8asWWuEtMobgxeXY -goversion go1.27.0 -c=6 -nolocalimports -importcfg "$WORK\\b194\\importcfg" -pack "C:\\msys64\\mingw64\\lib\\go\\src\\net\\http\\internal\\httpsfv\\httpsfv.go"
go tool buildid -w "$WORK\\b057\\_pkg_.a" # internal
cp "$WORK\\b236\\_pkg_.a" "C:\\Users\\sanya\\AppData\\Local\\go-build\\57\\57bbe7c2af7ae92b282dbefd4c5466069b101f3bae1ebb79281e9ec3437fb37e-d" # internal
mkdir -p $WORK\b202\
encoding/json/jsontext
cat >C:\Users\sanya\AppData\Local\Temp\go-build1247343387\b202\importcfg << 'EOF' # internal
# import config
packagefile bytes=C:\Users\sanya\AppData\Local\Temp\go-build1247343387\b069\_pkg_.a
packagefile encoding/json/internal=C:\Users\sanya\AppData\Local\Temp\go-build1247343387\b198\_pkg_.a
packagefile encoding/json/internal/jsonflags=C:\Users\sanya\AppData\Local\Temp\go-build1247343387\b199\_pkg_.a
packagefile encoding/json/internal/jsonopts=C:\Users\sanya\AppData\Local\Temp\go-build1247343387\b200\_pkg_.a
packagefile encoding/json/internal/jsonwire=C:\Users\sanya\AppData\Local\Temp\go-build1247343387\b201\_pkg_.a
packagefile errors=C:\Users\sanya\AppData\Local\Temp\go-build1247343387\b003\_pkg_.a
packagefile io=C:\Users\sanya\AppData\Local\Temp\go-build1247343387\b048\_pkg_.a
packagefile iter=C:\Users\sanya\AppData\Local\Temp\go-build1247343387\b038\_pkg_.a
packagefile math=C:\Users\sanya\AppData\Local\Temp\go-build1247343387\b039\_pkg_.a
packagefile math/bits=C:\Users\sanya\AppData\Local\Temp\go-build1247343387\b029\_pkg_.a
packagefile slices=C:\Users\sanya\AppData\Local\Temp\go-build1247343387\b047\_pkg_.a
packagefile strconv=C:\Users\sanya\AppData\Local\Temp\go-build1247343387\b040\_pkg_.a
packagefile strings=C:\Users\sanya\AppData\Local\Temp\go-build1247343387\b070\_pkg_.a
packagefile sync=C:\Users\sanya\AppData\Local\Temp\go-build1247343387\b042\_pkg_.a
packagefile unicode/utf8=C:\Users\sanya\AppData\Local\Temp\go-build1247343387\b041\_pkg_.a
EOF
"C:\\msys64\\mingw64\\lib\\go\\pkg\\tool\\windows_amd64\\compile.exe" -o "$WORK\\b202\\_pkg_.a" -trimpath "$WORK\\b202=>" -p encoding/json/jsontext -lang=go1.27 -std -complete -buildid MeWsrHEXwYt4g2A-fLe5/MeWsrHEXwYt4g2A-fLe5 -goversion go1.27.0 -c=6 -nolocalimports -importcfg "$WORK\\b202\\importcfg" -pack "C:\\msys64\\mingw64\\lib\\go\\src\\encoding\\json\\jsontext\\decode.go" "C:\\msys64\\mingw64\\lib\\go\\src\\encoding\\json\\jsontext\\doc.go" "C:\\msys64\\mingw64\\lib\\go\\src\\encoding\\json\\jsontext\\encode.go" "C:\\msys64\\mingw64\\lib\\go\\src\\encoding\\json\\jsontext\\errors.go" "C:\\msys64\\mingw64\\lib\\go\\src\\encoding\\json\\jsontext\\export.go" "C:\\msys64\\mingw64\\lib\\go\\src\\encoding\\json\\jsontext\\options.go" "C:\\msys64\\mingw64\\lib\\go\\src\\encoding\\json\\jsontext\\pools.go" "C:\\msys64\\mingw64\\lib\\go\\src\\encoding\\json\\jsontext\\quote.go" "C:\\msys64\\mingw64\\lib\\go\\src\\encoding\\json\\jsontext\\state.go" "C:\\msys64\\mingw64\\lib\\go\\src\\encoding\\json\\jsontext\\token.go" "C:\\msys64\\mingw64\\lib\\go\\src\\encoding\\json\\jsontext\\value.go"
go tool buildid -w "$WORK\\b081\\_pkg_.a" # internal
cp "$WORK\\b057\\_pkg_.a" "C:\\Users\\sanya\\AppData\\Local\\go-build\\0f\\0faa781dba10b10bb40f28c02708f14214c5f2c87919077a810d17856b14a396-d" # internal
mkdir -p $WORK\b050\
internal/filepathlite
cat >C:\Users\sanya\AppData\Local\Temp\go-build1247343387\b050\importcfg << 'EOF' # internal
# import config
packagefile errors=C:\Users\sanya\AppData\Local\Temp\go-build1247343387\b003\_pkg_.a
packagefile internal/bytealg=C:\Users\sanya\AppData\Local\Temp\go-build1247343387\b010\_pkg_.a
packagefile internal/stringslite=C:\Users\sanya\AppData\Local\Temp\go-build1247343387\b033\_pkg_.a
packagefile internal/syscall/windows=C:\Users\sanya\AppData\Local\Temp\go-build1247343387\b051\_pkg_.a
packagefile io/fs=C:\Users\sanya\AppData\Local\Temp\go-build1247343387\b057\_pkg_.a
packagefile slices=C:\Users\sanya\AppData\Local\Temp\go-build1247343387\b047\_pkg_.a
packagefile syscall=C:\Users\sanya\AppData\Local\Temp\go-build1247343387\b055\_pkg_.a
EOF
"C:\\msys64\\mingw64\\lib\\go\\pkg\\tool\\windows_amd64\\compile.exe" -o "$WORK\\b050\\_pkg_.a" -trimpath "$WORK\\b050=>" -p internal/filepathlite -lang=go1.27 -std -complete -buildid h7G5djgLIp6oTiABTz4O/h7G5djgLIp6oTiABTz4O -goversion go1.27.0 -c=6 -nolocalimports -importcfg "$WORK\\b050\\importcfg" -pack "C:\\msys64\\mingw64\\lib\\go\\src\\internal\\filepathlite\\path.go" "C:\\msys64\\mingw64\\lib\\go\\src\\internal\\filepathlite\\path_windows.go"
go tool buildid -w "$WORK\\b090\\_pkg_.a" # internal
cp "$WORK\\b081\\_pkg_.a" "C:\\Users\\sanya\\AppData\\Local\\go-build\\3c\\3cd6b0c9f315cf14465fdb1b65247c9092d875932bcf1d67172d93a7735d59ab-d" # internal
image/draw
cat >C:\Users\sanya\AppData\Local\Temp\go-build1247343387\b228\importcfg << 'EOF' # internal
# import config
packagefile image=C:\Users\sanya\AppData\Local\Temp\go-build1247343387\b067\_pkg_.a
packagefile image/color=C:\Users\sanya\AppData\Local\Temp\go-build1247343387\b071\_pkg_.a
packagefile image/internal/imageutil=C:\Users\sanya\AppData\Local\Temp\go-build1247343387\b229\_pkg_.a
EOF
"C:\\msys64\\mingw64\\lib\\go\\pkg\\tool\\windows_amd64\\compile.exe" -o "$WORK\\b228\\_pkg_.a" -trimpath "$WORK\\b228=>" -p image/draw -lang=go1.27 -std -complete -buildid yCj7DIwKeT4BV7RUud2T/yCj7DIwKeT4BV7RUud2T -goversion go1.27.0 -c=6 -nolocalimports -importcfg "$WORK\\b228\\importcfg" -pack "C:\\msys64\\mingw64\\lib\\go\\src\\image\\draw\\draw.go"
cp "$WORK\\b090\\_pkg_.a" "C:\\Users\\sanya\\AppData\\Local\\go-build\\ec\\ecd32fe7fad4d827b84fa1d9cec7b53f192422abe931e0c33ed9bc8edb095a8f-d" # internal
mkdir -p $WORK\b086\
crypto/internal/fips140/aes
cp "$WORK\\b129\\_pkg_.a" "C:\\Users\\sanya\\AppData\\Local\\go-build\\bd\\bd539057aa78e3f6f9fffb215ef148b65fb8e1dbc628f2f44def0aaaae12f570-d" # internal
mkdir -p $WORK\b106\
crypto/fips140
cat >C:\Users\sanya\AppData\Local\Temp\go-build1247343387\b106\importcfg << 'EOF' # internal
# import config
packagefile crypto/internal/fips140=C:\Users\sanya\AppData\Local\Temp\go-build1247343387\b087\_pkg_.a
packagefile crypto/internal/fips140/check=C:\Users\sanya\AppData\Local\Temp\go-build1247343387\b090\_pkg_.a
packagefile internal/godebug=C:\Users\sanya\AppData\Local\Temp\go-build1247343387\b061\_pkg_.a
EOF
echo -n > $WORK\b086\go_asm.h # internal
cd C:\msys64\mingw64\lib\go\src\crypto\internal\fips140\aes
"C:\\msys64\\mingw64\\lib\\go\\pkg\\tool\\windows_amd64\\asm.exe" -p crypto/internal/fips140/aes -trimpath "$WORK\\b086=>" -I "$WORK\\b086\\" -I "C:\\msys64\\mingw64\\lib\\go\\pkg\\include" -D GOOS_windows -D GOARCH_amd64 -std -D GOAMD64_v1 -gensymabis -o "$WORK\\b086\\symabis" "C:\\msys64\\mingw64\\lib\\go\\src\\crypto\\internal\\fips140\\aes\\aes_amd64.s" "C:\\msys64\\mingw64\\lib\\go\\src\\crypto\\internal\\fips140\\aes\\ctr_amd64.s"
cd C:\Users\sanya\Desktop\Dzvinock
"C:\\msys64\\mingw64\\lib\\go\\pkg\\tool\\windows_amd64\\compile.exe" -o "$WORK\\b106\\_pkg_.a" -trimpath "$WORK\\b106=>" -p crypto/fips140 -lang=go1.27 -std -complete -buildid sX5prTFGTrh-fOn-CoM1/sX5prTFGTrh-fOn-CoM1 -goversion go1.27.0 -c=5 -nolocalimports -importcfg "$WORK\\b106\\importcfg" -pack "C:\\msys64\\mingw64\\lib\\go\\src\\crypto\\fips140\\enforcement.go" "C:\\msys64\\mingw64\\lib\\go\\src\\crypto\\fips140\\fips140.go"
go tool buildid -w "$WORK\\b194\\_pkg_.a" # internal
go tool buildid -w "$WORK\\b077\\_pkg_.a" # internal
cat >C:\Users\sanya\AppData\Local\Temp\go-build1247343387\b086\importcfg << 'EOF' # internal
# import config
packagefile bytes=C:\Users\sanya\AppData\Local\Temp\go-build1247343387\b069\_pkg_.a
packagefile crypto/internal/fips140=C:\Users\sanya\AppData\Local\Temp\go-build1247343387\b087\_pkg_.a
packagefile crypto/internal/fips140/alias=C:\Users\sanya\AppData\Local\Temp\go-build1247343387\b089\_pkg_.a
packagefile crypto/internal/fips140/check=C:\Users\sanya\AppData\Local\Temp\go-build1247343387\b090\_pkg_.a
packagefile crypto/internal/fips140/subtle=C:\Users\sanya\AppData\Local\Temp\go-build1247343387\b097\_pkg_.a
packagefile crypto/internal/fips140deps/byteorder=C:\Users\sanya\AppData\Local\Temp\go-build1247343387\b093\_pkg_.a
packagefile crypto/internal/fips140deps/cpu=C:\Users\sanya\AppData\Local\Temp\go-build1247343387\b094\_pkg_.a
packagefile crypto/internal/fips140deps/godebug=C:\Users\sanya\AppData\Local\Temp\go-build1247343387\b088\_pkg_.a
packagefile crypto/internal/impl=C:\Users\sanya\AppData\Local\Temp\go-build1247343387\b095\_pkg_.a
packagefile errors=C:\Users\sanya\AppData\Local\Temp\go-build1247343387\b003\_pkg_.a
packagefile math/bits=C:\Users\sanya\AppData\Local\Temp\go-build1247343387\b029\_pkg_.a
packagefile strconv=C:\Users\sanya\AppData\Local\Temp\go-build1247343387\b040\_pkg_.a
EOF
"C:\\msys64\\mingw64\\lib\\go\\pkg\\tool\\windows_amd64\\compile.exe" -o "$WORK\\b086\\_pkg_.a" -trimpath "$WORK\\b086=>" -p crypto/internal/fips140/aes -lang=go1.27 -std -buildid pmwRT6mKXeCuyvEYvr39/pmwRT6mKXeCuyvEYvr39 -goversion go1.27.0 -symabis "$WORK\\b086\\symabis" -c=6 -nolocalimports -importcfg "$WORK\\b086\\importcfg" -pack -asmhdr "$WORK\\b086\\go_asm.h" "C:\\msys64\\mingw64\\lib\\go\\src\\crypto\\internal\\fips140\\aes\\aes.go" "C:\\msys64\\mingw64\\lib\\go\\src\\crypto\\internal\\fips140\\aes\\aes_asm.go" "C:\\msys64\\mingw64\\lib\\go\\src\\crypto\\internal\\fips140\\aes\\aes_generic.go" "C:\\msys64\\mingw64\\lib\\go\\src\\crypto\\internal\\fips140\\aes\\cast.go" "C:\\msys64\\mingw64\\lib\\go\\src\\crypto\\internal\\fips140\\aes\\cbc.go" "C:\\msys64\\mingw64\\lib\\go\\src\\crypto\\internal\\fips140\\aes\\cbc_noasm.go" "C:\\msys64\\mingw64\\lib\\go\\src\\crypto\\internal\\fips140\\aes\\const.go" "C:\\msys64\\mingw64\\lib\\go\\src\\crypto\\internal\\fips140\\aes\\ctr.go" "C:\\msys64\\mingw64\\lib\\go\\src\\crypto\\internal\\fips140\\aes\\ctr_asm.go"
cp "$WORK\\b077\\_pkg_.a" "C:\\Users\\sanya\\AppData\\Local\\go-build\\c4\\c49bd0875c01bc624a69bcd1910c0d2487c7a01d24318c4a30c6c1329a8964b2-d" # internal
mkdir -p $WORK\b114\
crypto/internal/fips140/nistec/fiat
cat >C:\Users\sanya\AppData\Local\Temp\go-build1247343387\b114\importcfg << 'EOF' # internal
# import config
packagefile crypto/internal/fips140/check=C:\Users\sanya\AppData\Local\Temp\go-build1247343387\b090\_pkg_.a
packagefile crypto/internal/fips140/subtle=C:\Users\sanya\AppData\Local\Temp\go-build1247343387\b097\_pkg_.a
packagefile errors=C:\Users\sanya\AppData\Local\Temp\go-build1247343387\b003\_pkg_.a
packagefile math/bits=C:\Users\sanya\AppData\Local\Temp\go-build1247343387\b029\_pkg_.a
EOF
"C:\\msys64\\mingw64\\lib\\go\\pkg\\tool\\windows_amd64\\compile.exe" -o "$WORK\\b114\\_pkg_.a" -trimpath "$WORK\\b114=>" -p crypto/internal/fips140/nistec/fiat -lang=go1.27 -std -complete -buildid dyt--i8OgTvC_aJhgqLh/dyt--i8OgTvC_aJhgqLh -goversion go1.27.0 -c=5 -nolocalimports -importcfg "$WORK\\b114\\importcfg" -pack "C:\\msys64\\mingw64\\lib\\go\\src\\crypto\\internal\\fips140\\nistec\\fiat\\cast.go" "C:\\msys64\\mingw64\\lib\\go\\src\\crypto\\internal\\fips140\\nistec\\fiat\\p224.go" "C:\\msys64\\mingw64\\lib\\go\\src\\crypto\\internal\\fips140\\nistec\\fiat\\p224_fiat64.go" "C:\\msys64\\mingw64\\lib\\go\\src\\crypto\\internal\\fips140\\nistec\\fiat\\p224_invert.go" "C:\\msys64\\mingw64\\lib\\go\\src\\crypto\\internal\\fips140\\nistec\\fiat\\p256.go" "C:\\msys64\\mingw64\\lib\\go\\src\\crypto\\internal\\fips140\\nistec\\fiat\\p256_fiat64.go" "C:\\msys64\\mingw64\\lib\\go\\src\\crypto\\internal\\fips140\\nistec\\fiat\\p256_invert.go" "C:\\msys64\\mingw64\\lib\\go\\src\\crypto\\internal\\fips140\\nistec\\fiat\\p384.go" "C:\\msys64\\mingw64\\lib\\go\\src\\crypto\\internal\\fips140\\nistec\\fiat\\p384_fiat64.go" "C:\\msys64\\mingw64\\lib\\go\\src\\crypto\\internal\\fips140\\nistec\\fiat\\p384_invert.go" "C:\\msys64\\mingw64\\lib\\go\\src\\crypto\\internal\\fips140\\nistec\\fiat\\p521.go" "C:\\msys64\\mingw64\\lib\\go\\src\\crypto\\internal\\fips140\\nistec\\fiat\\p521_fiat64.go" "C:\\msys64\\mingw64\\lib\\go\\src\\crypto\\internal\\fips140\\nistec\\fiat\\p521_invert.go"
go tool buildid -w "$WORK\\b063\\_pkg_.a" # internal
cp "$WORK\\b194\\_pkg_.a" "C:\\Users\\sanya\\AppData\\Local\\go-build\\f7\\f709b9b6821438b1230bdf34834e12b00ae739e1e7dd81ca7045cf41827b8867-d" # internal
mkdir -p $WORK\b115\
crypto/internal/fips140/edwards25519/field
echo -n > $WORK\b115\go_asm.h # internal
cd C:\msys64\mingw64\lib\go\src\crypto\internal\fips140\edwards25519\field
"C:\\msys64\\mingw64\\lib\\go\\pkg\\tool\\windows_amd64\\asm.exe" -p crypto/internal/fips140/edwards25519/field -trimpath "$WORK\\b115=>" -I "$WORK\\b115\\" -I "C:\\msys64\\mingw64\\lib\\go\\pkg\\include" -D GOOS_windows -D GOARCH_amd64 -std -D GOAMD64_v1 -gensymabis -o "$WORK\\b115\\symabis" "C:\\msys64\\mingw64\\lib\\go\\src\\crypto\\internal\\fips140\\edwards25519\\field\\fe_amd64.s"
go tool buildid -w "$WORK\\b050\\_pkg_.a" # internal
cp "$WORK\\b063\\_pkg_.a" "C:\\Users\\sanya\\AppData\\Local\\go-build\\52\\52ac09dfa22056215f4e1bb4881ae90907d007d9f4eac6ee85dece0dfc9b2edd-d" # internal
mkdir -p $WORK\b125\
crypto/internal/fips140/bigmod
echo -n > $WORK\b125\go_asm.h # internal
cd C:\msys64\mingw64\lib\go\src\crypto\internal\fips140\bigmod
"C:\\msys64\\mingw64\\lib\\go\\pkg\\tool\\windows_amd64\\asm.exe" -p crypto/internal/fips140/bigmod -trimpath "$WORK\\b125=>" -I "$WORK\\b125\\" -I "C:\\msys64\\mingw64\\lib\\go\\pkg\\include" -D GOOS_windows -D GOARCH_amd64 -std -D GOAMD64_v1 -gensymabis -o "$WORK\\b125\\symabis" "C:\\msys64\\mingw64\\lib\\go\\src\\crypto\\internal\\fips140\\bigmod\\nat_amd64.s"
cp "$WORK\\b050\\_pkg_.a" "C:\\Users\\sanya\\AppData\\Local\\go-build\\89\\895b38710df992deedb394081795232be46ab890a76f4b69c19dee3cac6f78ee-d" # internal
go tool buildid -w "$WORK\\b106\\_pkg_.a" # internal
mkdir -p $WORK\b049\
os
cat >C:\Users\sanya\AppData\Local\Temp\go-build1247343387\b115\importcfg << 'EOF' # internal
# import config
packagefile crypto/internal/fips140/check=C:\Users\sanya\AppData\Local\Temp\go-build1247343387\b090\_pkg_.a
packagefile crypto/internal/fips140/subtle=C:\Users\sanya\AppData\Local\Temp\go-build1247343387\b097\_pkg_.a
packagefile crypto/internal/fips140deps/byteorder=C:\Users\sanya\AppData\Local\Temp\go-build1247343387\b093\_pkg_.a
packagefile errors=C:\Users\sanya\AppData\Local\Temp\go-build1247343387\b003\_pkg_.a
packagefile math/bits=C:\Users\sanya\AppData\Local\Temp\go-build1247343387\b029\_pkg_.a
EOF
cd C:\Users\sanya\Desktop\Dzvinock
"C:\\msys64\\mingw64\\lib\\go\\pkg\\tool\\windows_amd64\\compile.exe" -o "$WORK\\b115\\_pkg_.a" -trimpath "$WORK\\b115=>" -p crypto/internal/fips140/edwards25519/field -lang=go1.27 -std -buildid NWf3TMa3O6QuJTCMUHeC/NWf3TMa3O6QuJTCMUHeC -goversion go1.27.0 -symabis "$WORK\\b115\\symabis" -c=6 -nolocalimports -importcfg "$WORK\\b115\\importcfg" -pack -asmhdr "$WORK\\b115\\go_asm.h" "C:\\msys64\\mingw64\\lib\\go\\src\\crypto\\internal\\fips140\\edwards25519\\field\\fe.go" "C:\\msys64\\mingw64\\lib\\go\\src\\crypto\\internal\\fips140\\edwards25519\\field\\fe_amd64.go" "C:\\msys64\\mingw64\\lib\\go\\src\\crypto\\internal\\fips140\\edwards25519\\field\\fe_generic.go"
cat >C:\Users\sanya\AppData\Local\Temp\go-build1247343387\b049\importcfg << 'EOF' # internal
# import config
packagefile errors=C:\Users\sanya\AppData\Local\Temp\go-build1247343387\b003\_pkg_.a
packagefile internal/bytealg=C:\Users\sanya\AppData\Local\Temp\go-build1247343387\b010\_pkg_.a
packagefile internal/filepathlite=C:\Users\sanya\AppData\Local\Temp\go-build1247343387\b050\_pkg_.a
packagefile internal/godebug=C:\Users\sanya\AppData\Local\Temp\go-build1247343387\b061\_pkg_.a
packagefile internal/poll=C:\Users\sanya\AppData\Local\Temp\go-build1247343387\b063\_pkg_.a
packagefile internal/strconv=C:\Users\sanya\AppData\Local\Temp\go-build1247343387\b032\_pkg_.a
packagefile internal/stringslite=C:\Users\sanya\AppData\Local\Temp\go-build1247343387\b033\_pkg_.a
packagefile internal/syscall/execenv=C:\Users\sanya\AppData\Local\Temp\go-build1247343387\b064\_pkg_.a
packagefile internal/syscall/windows=C:\Users\sanya\AppData\Local\Temp\go-build1247343387\b051\_pkg_.a
packagefile internal/testlog=C:\Users\sanya\AppData\Local\Temp\go-build1247343387\b065\_pkg_.a
packagefile io=C:\Users\sanya\AppData\Local\Temp\go-build1247343387\b048\_pkg_.a
packagefile io/fs=C:\Users\sanya\AppData\Local\Temp\go-build1247343387\b057\_pkg_.a
packagefile runtime=C:\Users\sanya\AppData\Local\Temp\go-build1247343387\b009\_pkg_.a
packagefile slices=C:\Users\sanya\AppData\Local\Temp\go-build1247343387\b047\_pkg_.a
packagefile sync=C:\Users\sanya\AppData\Local\Temp\go-build1247343387\b042\_pkg_.a
packagefile sync/atomic=C:\Users\sanya\AppData\Local\Temp\go-build1247343387\b044\_pkg_.a
packagefile syscall=C:\Users\sanya\AppData\Local\Temp\go-build1247343387\b055\_pkg_.a
packagefile time=C:\Users\sanya\AppData\Local\Temp\go-build1247343387\b059\_pkg_.a
EOF
"C:\\msys64\\mingw64\\lib\\go\\pkg\\tool\\windows_amd64\\compile.exe" -o "$WORK\\b049\\_pkg_.a" -trimpath "$WORK\\b049=>" -p os -lang=go1.27 -std -buildid RqrOKuTwEvK09sbk-vJr/RqrOKuTwEvK09sbk-vJr -goversion go1.27.0 -c=5 -nolocalimports -importcfg "$WORK\\b049\\importcfg" -pack "C:\\msys64\\mingw64\\lib\\go\\src\\os\\dir.go" "C:\\msys64\\mingw64\\lib\\go\\src\\os\\dir_windows.go" "C:\\msys64\\mingw64\\lib\\go\\src\\os\\env.go" "C:\\msys64\\mingw64\\lib\\go\\src\\os\\error.go" "C:\\msys64\\mingw64\\lib\\go\\src\\os\\error_errno.go" "C:\\msys64\\mingw64\\lib\\go\\src\\os\\exec.go" "C:\\msys64\\mingw64\\lib\\go\\src\\os\\exec_posix.go" "C:\\msys64\\mingw64\\lib\\go\\src\\os\\exec_windows.go" "C:\\msys64\\mingw64\\lib\\go\\src\\os\\executable.go" "C:\\msys64\\mingw64\\lib\\go\\src\\os\\executable_windows.go" "C:\\msys64\\mingw64\\lib\\go\\src\\os\\file.go" "C:\\msys64\\mingw64\\lib\\go\\src\\os\\file_posix.go" "C:\\msys64\\mingw64\\lib\\go\\src\\os\\file_windows.go" "C:\\msys64\\mingw64\\lib\\go\\src\\os\\getwd.go" "C:\\msys64\\mingw64\\lib\\go\\src\\os\\path.go" "C:\\msys64\\mingw64\\lib\\go\\src\\os\\path_windows.go" "C:\\msys64\\mingw64\\lib\\go\\src\\os\\pidfd_other.go" "C:\\msys64\\mingw64\\lib\\go\\src\\os\\proc.go" "C:\\msys64\\mingw64\\lib\\go\\src\\os\\rawconn.go" "C:\\msys64\\mingw64\\lib\\go\\src\\os\\removeall_at.go" "C:\\msys64\\mingw64\\lib\\go\\src\\os\\removeall_windows.go" "C:\\msys64\\mingw64\\lib\\go\\src\\os\\root.go" "C:\\msys64\\mingw64\\lib\\go\\src\\os\\root_openat.go" "C:\\msys64\\mingw64\\lib\\go\\src\\os\\root_windows.go" "C:\\msys64\\mingw64\\lib\\go\\src\\os\\stat.go" "C:\\msys64\\mingw64\\lib\\go\\src\\os\\stat_windows.go" "C:\\msys64\\mingw64\\lib\\go\\src\\os\\sticky_notbsd.go" "C:\\msys64\\mingw64\\lib\\go\\src\\os\\sys.go" "C:\\msys64\\mingw64\\lib\\go\\src\\os\\sys_windows.go" "C:\\msys64\\mingw64\\lib\\go\\src\\os\\tempfile.go" "C:\\msys64\\mingw64\\lib\\go\\src\\os\\types.go" "C:\\msys64\\mingw64\\lib\\go\\src\\os\\types_windows.go" "C:\\msys64\\mingw64\\lib\\go\\src\\os\\zero_copy_posix.go" "C:\\msys64\\mingw64\\lib\\go\\src\\os\\zero_copy_stub.go"
cp "$WORK\\b106\\_pkg_.a" "C:\\Users\\sanya\\AppData\\Local\\go-build\\bf\\bf07b80457faf29447d54e8c9ea36dbf61e411cfde68c31c43c4b2d657a01628-d" # internal
mkdir -p $WORK\b128\
crypto/internal/fips140hash
cat >C:\Users\sanya\AppData\Local\Temp\go-build1247343387\b128\importcfg << 'EOF' # internal
# import config
packagefile crypto/internal/fips140/sha3=C:\Users\sanya\AppData\Local\Temp\go-build1247343387\b096\_pkg_.a
packagefile crypto/sha3=C:\Users\sanya\AppData\Local\Temp\go-build1247343387\b129\_pkg_.a
packagefile hash=C:\Users\sanya\AppData\Local\Temp\go-build1247343387\b079\_pkg_.a
EOF
"C:\\msys64\\mingw64\\lib\\go\\pkg\\tool\\windows_amd64\\compile.exe" -o "$WORK\\b128\\_pkg_.a" -trimpath "$WORK\\b128=>" -p crypto/internal/fips140hash -lang=go1.27 -std -complete -buildid 0mW2LqgLOsYnqLIbwbW2/0mW2LqgLOsYnqLIbwbW2 -goversion go1.27.0 -c=5 -nolocalimports -importcfg "$WORK\\b128\\importcfg" -pack "C:\\msys64\\mingw64\\lib\\go\\src\\crypto\\internal\\fips140hash\\hash.go"
cat >C:\Users\sanya\AppData\Local\Temp\go-build1247343387\b125\importcfg << 'EOF' # internal
# import config
packagefile crypto/internal/fips140/check=C:\Users\sanya\AppData\Local\Temp\go-build1247343387\b090\_pkg_.a
packagefile crypto/internal/fips140deps/byteorder=C:\Users\sanya\AppData\Local\Temp\go-build1247343387\b093\_pkg_.a
packagefile crypto/internal/fips140deps/cpu=C:\Users\sanya\AppData\Local\Temp\go-build1247343387\b094\_pkg_.a
packagefile crypto/internal/impl=C:\Users\sanya\AppData\Local\Temp\go-build1247343387\b095\_pkg_.a
packagefile errors=C:\Users\sanya\AppData\Local\Temp\go-build1247343387\b003\_pkg_.a
packagefile math/bits=C:\Users\sanya\AppData\Local\Temp\go-build1247343387\b029\_pkg_.a
EOF
"C:\\msys64\\mingw64\\lib\\go\\pkg\\tool\\windows_amd64\\compile.exe" -o "$WORK\\b125\\_pkg_.a" -trimpath "$WORK\\b125=>" -p crypto/internal/fips140/bigmod -lang=go1.27 -std -buildid x70N0YH086fM3HzWOyc_/x70N0YH086fM3HzWOyc_ -goversion go1.27.0 -symabis "$WORK\\b125\\symabis" -c=4 -nolocalimports -importcfg "$WORK\\b125\\importcfg" -pack -asmhdr "$WORK\\b125\\go_asm.h" "C:\\msys64\\mingw64\\lib\\go\\src\\crypto\\internal\\fips140\\bigmod\\nat.go" "C:\\msys64\\mingw64\\lib\\go\\src\\crypto\\internal\\fips140\\bigmod\\nat_asm.go"
go tool buildid -w "$WORK\\b228\\_pkg_.a" # internal
go tool buildid -w "$WORK\\b128\\_pkg_.a" # internal
cd C:\msys64\mingw64\lib\go\src\crypto\internal\fips140\aes
"C:\\msys64\\mingw64\\lib\\go\\pkg\\tool\\windows_amd64\\asm.exe" -p crypto/internal/fips140/aes -trimpath "$WORK\\b086=>" -I "$WORK\\b086\\" -I "C:\\msys64\\mingw64\\lib\\go\\pkg\\include" -D GOOS_windows -D GOARCH_amd64 -std -D GOAMD64_v1 -o "$WORK\\b086\\aes_amd64.o" "C:\\msys64\\mingw64\\lib\\go\\src\\crypto\\internal\\fips140\\aes\\aes_amd64.s"
cp "$WORK\\b228\\_pkg_.a" "C:\\Users\\sanya\\AppData\\Local\\go-build\\d9\\d98c669ada6255e9118a3919c6b84ab3ee028291a855713c841bacdea71cacb9-d" # internal
mkdir -p $WORK\b140\
crypto/internal/fips140/hkdf
cat >C:\Users\sanya\AppData\Local\Temp\go-build1247343387\b140\importcfg << 'EOF' # internal
# import config
packagefile bytes=C:\Users\sanya\AppData\Local\Temp\go-build1247343387\b069\_pkg_.a
packagefile crypto/internal/fips140=C:\Users\sanya\AppData\Local\Temp\go-build1247343387\b087\_pkg_.a
packagefile crypto/internal/fips140/check=C:\Users\sanya\AppData\Local\Temp\go-build1247343387\b090\_pkg_.a
packagefile crypto/internal/fips140/hmac=C:\Users\sanya\AppData\Local\Temp\go-build1247343387\b091\_pkg_.a
packagefile crypto/internal/fips140/sha256=C:\Users\sanya\AppData\Local\Temp\go-build1247343387\b092\_pkg_.a
packagefile errors=C:\Users\sanya\AppData\Local\Temp\go-build1247343387\b003\_pkg_.a
packagefile hash=C:\Users\sanya\AppData\Local\Temp\go-build1247343387\b079\_pkg_.a
EOF
cd C:\Users\sanya\Desktop\Dzvinock
"C:\\msys64\\mingw64\\lib\\go\\pkg\\tool\\windows_amd64\\compile.exe" -o "$WORK\\b140\\_pkg_.a" -trimpath "$WORK\\b140=>" -p crypto/internal/fips140/hkdf -lang=go1.27 -std -complete -buildid 5vx7EQ4bmD7J6jnE6_Ee/5vx7EQ4bmD7J6jnE6_Ee -goversion go1.27.0 -c=7 -nolocalimports -importcfg "$WORK\\b140\\importcfg" -pack "C:\\msys64\\mingw64\\lib\\go\\src\\crypto\\internal\\fips140\\hkdf\\cast.go" "C:\\msys64\\mingw64\\lib\\go\\src\\crypto\\internal\\fips140\\hkdf\\hkdf.go"
cp "$WORK\\b128\\_pkg_.a" "C:\\Users\\sanya\\AppData\\Local\\go-build\\4d\\4d8957864c37fb0cd0a7d21ba46a0ca2a098ce35af859fae1cead8b96156969f-d" # internal
mkdir -p $WORK\b149\
vendor/golang.org/x/crypto/internal/poly1305
echo -n > $WORK\b149\go_asm.h # internal
cd C:\msys64\mingw64\lib\go\src\vendor\golang.org\x\crypto\internal\poly1305
"C:\\msys64\\mingw64\\lib\\go\\pkg\\tool\\windows_amd64\\asm.exe" -p vendor/golang.org/x/crypto/internal/poly1305 -trimpath "$WORK\\b149=>" -I "$WORK\\b149\\" -I "C:\\msys64\\mingw64\\lib\\go\\pkg\\include" -D GOOS_windows -D GOARCH_amd64 -std -D GOAMD64_v1 -gensymabis -o "$WORK\\b149\\symabis" "C:\\msys64\\mingw64\\lib\\go\\src\\vendor\\golang.org\\x\\crypto\\internal\\poly1305\\sum_amd64.s"
cd C:\msys64\mingw64\lib\go\src\crypto\internal\fips140\aes
"C:\\msys64\\mingw64\\lib\\go\\pkg\\tool\\windows_amd64\\asm.exe" -p crypto/internal/fips140/aes -trimpath "$WORK\\b086=>" -I "$WORK\\b086\\" -I "C:\\msys64\\mingw64\\lib\\go\\pkg\\include" -D GOOS_windows -D GOARCH_amd64 -std -D GOAMD64_v1 -o "$WORK\\b086\\ctr_amd64.o" "C:\\msys64\\mingw64\\lib\\go\\src\\crypto\\internal\\fips140\\aes\\ctr_amd64.s"
cd C:\msys64\mingw64\lib\go\src\crypto\internal\fips140\edwards25519\field
"C:\\msys64\\mingw64\\lib\\go\\pkg\\tool\\windows_amd64\\asm.exe" -p crypto/internal/fips140/edwards25519/field -trimpath "$WORK\\b115=>" -I "$WORK\\b115\\" -I "C:\\msys64\\mingw64\\lib\\go\\pkg\\include" -D GOOS_windows -D GOARCH_amd64 -std -D GOAMD64_v1 -o "$WORK\\b115\\fe_amd64.o" "C:\\msys64\\mingw64\\lib\\go\\src\\crypto\\internal\\fips140\\edwards25519\\field\\fe_amd64.s"
go tool buildid -w "$WORK\\b140\\_pkg_.a" # internal
cat >C:\Users\sanya\AppData\Local\Temp\go-build1247343387\b149\importcfg << 'EOF' # internal
# import config
packagefile crypto/subtle=C:\Users\sanya\AppData\Local\Temp\go-build1247343387\b107\_pkg_.a
packagefile encoding/binary=C:\Users\sanya\AppData\Local\Temp\go-build1247343387\b077\_pkg_.a
packagefile math/bits=C:\Users\sanya\AppData\Local\Temp\go-build1247343387\b029\_pkg_.a
EOF
cd C:\Users\sanya\Desktop\Dzvinock
"C:\\msys64\\mingw64\\lib\\go\\pkg\\tool\\windows_amd64\\compile.exe" -o "$WORK\\b149\\_pkg_.a" -trimpath "$WORK\\b149=>" -p vendor/golang.org/x/crypto/internal/poly1305 -lang=go1.27 -std -buildid 2hjr8jUzALV1ku75Bfcc/2hjr8jUzALV1ku75Bfcc -goversion go1.27.0 -symabis "$WORK\\b149\\symabis" -c=8 -nolocalimports -importcfg "$WORK\\b149\\importcfg" -pack -asmhdr "$WORK\\b149\\go_asm.h" "C:\\msys64\\mingw64\\lib\\go\\src\\vendor\\golang.org\\x\\crypto\\internal\\poly1305\\poly1305.go" "C:\\msys64\\mingw64\\lib\\go\\src\\vendor\\golang.org\\x\\crypto\\internal\\poly1305\\sum_asm.go" "C:\\msys64\\mingw64\\lib\\go\\src\\vendor\\golang.org\\x\\crypto\\internal\\poly1305\\sum_generic.go"
cp "$WORK\\b140\\_pkg_.a" "C:\\Users\\sanya\\AppData\\Local\\go-build\\7c\\7c2eeed320f2e8b56c218b3bd7e0a4f0e82c4234c2ac4c4b4a55cee248c6fcb5-d" # internal
mkdir -p $WORK\b151\
crypto/internal/fips140/tls12
cat >C:\Users\sanya\AppData\Local\Temp\go-build1247343387\b151\importcfg << 'EOF' # internal
# import config
packagefile bytes=C:\Users\sanya\AppData\Local\Temp\go-build1247343387\b069\_pkg_.a
packagefile crypto/internal/fips140=C:\Users\sanya\AppData\Local\Temp\go-build1247343387\b087\_pkg_.a
packagefile crypto/internal/fips140/check=C:\Users\sanya\AppData\Local\Temp\go-build1247343387\b090\_pkg_.a
packagefile crypto/internal/fips140/hmac=C:\Users\sanya\AppData\Local\Temp\go-build1247343387\b091\_pkg_.a
packagefile crypto/internal/fips140/sha256=C:\Users\sanya\AppData\Local\Temp\go-build1247343387\b092\_pkg_.a
packagefile crypto/internal/fips140/sha512=C:\Users\sanya\AppData\Local\Temp\go-build1247343387\b099\_pkg_.a
packagefile errors=C:\Users\sanya\AppData\Local\Temp\go-build1247343387\b003\_pkg_.a
packagefile hash=C:\Users\sanya\AppData\Local\Temp\go-build1247343387\b079\_pkg_.a
EOF
"C:\\msys64\\mingw64\\lib\\go\\pkg\\tool\\windows_amd64\\compile.exe" -o "$WORK\\b151\\_pkg_.a" -trimpath "$WORK\\b151=>" -p crypto/internal/fips140/tls12 -lang=go1.27 -std -complete -buildid iYL36XfebNbgtgxNK5c4/iYL36XfebNbgtgxNK5c4 -goversion go1.27.0 -c=6 -nolocalimports -importcfg "$WORK\\b151\\importcfg" -pack "C:\\msys64\\mingw64\\lib\\go\\src\\crypto\\internal\\fips140\\tls12\\cast.go" "C:\\msys64\\mingw64\\lib\\go\\src\\crypto\\internal\\fips140\\tls12\\tls12.go"
cd C:\msys64\mingw64\lib\go\src\crypto\internal\fips140\aes
go tool pack r "$WORK\\b086\\_pkg_.a" "$WORK\\b086\\aes_amd64.o" "$WORK\\b086\\ctr_amd64.o" # internal
go tool buildid -w "$WORK\\b086\\_pkg_.a" # internal
cd C:\msys64\mingw64\lib\go\src\crypto\internal\fips140\bigmod
"C:\\msys64\\mingw64\\lib\\go\\pkg\\tool\\windows_amd64\\asm.exe" -p crypto/internal/fips140/bigmod -trimpath "$WORK\\b125=>" -I "$WORK\\b125\\" -I "C:\\msys64\\mingw64\\lib\\go\\pkg\\include" -D GOOS_windows -D GOARCH_amd64 -std -D GOAMD64_v1 -o "$WORK\\b125\\nat_amd64.o" "C:\\msys64\\mingw64\\lib\\go\\src\\crypto\\internal\\fips140\\bigmod\\nat_amd64.s"
cp "$WORK\\b086\\_pkg_.a" "C:\\Users\\sanya\\AppData\\Local\\go-build\\c8\\c864b86997965a616f0b447c20b9e1a627fe9bccc6e587fa38c289a55421b27a-d" # internal
mkdir -p $WORK\b152\
crypto/internal/fips140/tls13
cat >C:\Users\sanya\AppData\Local\Temp\go-build1247343387\b152\importcfg << 'EOF' # internal
# import config
packagefile bytes=C:\Users\sanya\AppData\Local\Temp\go-build1247343387\b069\_pkg_.a
packagefile crypto/internal/fips140=C:\Users\sanya\AppData\Local\Temp\go-build1247343387\b087\_pkg_.a
packagefile crypto/internal/fips140/check=C:\Users\sanya\AppData\Local\Temp\go-build1247343387\b090\_pkg_.a
packagefile crypto/internal/fips140/hkdf=C:\Users\sanya\AppData\Local\Temp\go-build1247343387\b140\_pkg_.a
packagefile crypto/internal/fips140/sha256=C:\Users\sanya\AppData\Local\Temp\go-build1247343387\b092\_pkg_.a
packagefile crypto/internal/fips140deps/byteorder=C:\Users\sanya\AppData\Local\Temp\go-build1247343387\b093\_pkg_.a
packagefile errors=C:\Users\sanya\AppData\Local\Temp\go-build1247343387\b003\_pkg_.a
packagefile hash=C:\Users\sanya\AppData\Local\Temp\go-build1247343387\b079\_pkg_.a
EOF
cd C:\Users\sanya\Desktop\Dzvinock
"C:\\msys64\\mingw64\\lib\\go\\pkg\\tool\\windows_amd64\\compile.exe" -o "$WORK\\b152\\_pkg_.a" -trimpath "$WORK\\b152=>" -p crypto/internal/fips140/tls13 -lang=go1.27 -std -complete -buildid VVULwkzwOtjYopn8burd/VVULwkzwOtjYopn8burd -goversion go1.27.0 -c=5 -nolocalimports -importcfg "$WORK\\b152\\importcfg" -pack "C:\\msys64\\mingw64\\lib\\go\\src\\crypto\\internal\\fips140\\tls13\\cast.go" "C:\\msys64\\mingw64\\lib\\go\\src\\crypto\\internal\\fips140\\tls13\\tls13.go"
cd C:\msys64\mingw64\lib\go\src\crypto\internal\fips140\edwards25519\field
go tool pack r "$WORK\\b115\\_pkg_.a" "$WORK\\b115\\fe_amd64.o" # internal
go tool buildid -w "$WORK\\b115\\_pkg_.a" # internal
go tool buildid -w "$WORK\\b151\\_pkg_.a" # internal
cp "$WORK\\b115\\_pkg_.a" "C:\\Users\\sanya\\AppData\\Local\\go-build\\5b\\5b0d789012e33f8850d5fac9ada4733aac62101d6daf46235e03f97699bf6dd3-d" # internal
mkdir -p $WORK\b137\
crypto/internal/fips140/edwards25519
cat >C:\Users\sanya\AppData\Local\Temp\go-build1247343387\b137\importcfg << 'EOF' # internal
# import config
packagefile crypto/internal/constanttime=C:\Users\sanya\AppData\Local\Temp\go-build1247343387\b098\_pkg_.a
packagefile crypto/internal/fips140/check=C:\Users\sanya\AppData\Local\Temp\go-build1247343387\b090\_pkg_.a
packagefile crypto/internal/fips140/edwards25519/field=C:\Users\sanya\AppData\Local\Temp\go-build1247343387\b115\_pkg_.a
packagefile crypto/internal/fips140deps/byteorder=C:\Users\sanya\AppData\Local\Temp\go-build1247343387\b093\_pkg_.a
packagefile errors=C:\Users\sanya\AppData\Local\Temp\go-build1247343387\b003\_pkg_.a
packagefile math/bits=C:\Users\sanya\AppData\Local\Temp\go-build1247343387\b029\_pkg_.a
packagefile sync=C:\Users\sanya\AppData\Local\Temp\go-build1247343387\b042\_pkg_.a
EOF
cp "$WORK\\b151\\_pkg_.a" "C:\\Users\\sanya\\AppData\\Local\\go-build\\a6\\a670138d8e74c76983f4e61ba44ea4a24bdd1fd77ee4ce558e1b51ce970aa1e9-d" # internal
mkdir -p $WORK\b160\
crypto/tls/internal/fips140tls
cat >C:\Users\sanya\AppData\Local\Temp\go-build1247343387\b160\importcfg << 'EOF' # internal
# import config
packagefile crypto/fips140=C:\Users\sanya\AppData\Local\Temp\go-build1247343387\b106\_pkg_.a
packagefile sync/atomic=C:\Users\sanya\AppData\Local\Temp\go-build1247343387\b044\_pkg_.a
EOF
cd C:\Users\sanya\Desktop\Dzvinock
"C:\\msys64\\mingw64\\lib\\go\\pkg\\tool\\windows_amd64\\compile.exe" -o "$WORK\\b160\\_pkg_.a" -trimpath "$WORK\\b160=>" -p crypto/tls/internal/fips140tls -lang=go1.27 -std -complete -buildid bP8BeIBKClb0kjLizaTh/bP8BeIBKClb0kjLizaTh -goversion go1.27.0 -c=5 -nolocalimports -importcfg "$WORK\\b160\\importcfg" -pack "C:\\msys64\\mingw64\\lib\\go\\src\\crypto\\tls\\internal\\fips140tls\\fipstls.go"
cd C:\msys64\mingw64\lib\go\src\vendor\golang.org\x\crypto\internal\poly1305
"C:\\msys64\\mingw64\\lib\\go\\pkg\\tool\\windows_amd64\\asm.exe" -p vendor/golang.org/x/crypto/internal/poly1305 -trimpath "$WORK\\b149=>" -I "$WORK\\b149\\" -I "C:\\msys64\\mingw64\\lib\\go\\pkg\\include" -D GOOS_windows -D GOARCH_amd64 -std -D GOAMD64_v1 -o "$WORK\\b149\\sum_amd64.o" "C:\\msys64\\mingw64\\lib\\go\\src\\vendor\\golang.org\\x\\crypto\\internal\\poly1305\\sum_amd64.s"
cd C:\msys64\mingw64\lib\go\src\crypto\internal\fips140\bigmod
go tool pack r "$WORK\\b125\\_pkg_.a" "$WORK\\b125\\nat_amd64.o" # internal
go tool buildid -w "$WORK\\b125\\_pkg_.a" # internal
cp "$WORK\\b125\\_pkg_.a" "C:\\Users\\sanya\\AppData\\Local\\go-build\\e8\\e89332db18baa632bda867c1f19df598b02892724b20ed4ba7b63923870eb8da-d" # internal
mkdir -p $WORK\b227\
golang.org/x/image/vector
echo -n > $WORK\b227\go_asm.h # internal
cd C:\Users\sanya\go\pkg\mod\golang.org\x\image@v0.24.0\vector
"C:\\msys64\\mingw64\\lib\\go\\pkg\\tool\\windows_amd64\\asm.exe" -p golang.org/x/image/vector -trimpath "$WORK\\b227=>" -I "$WORK\\b227\\" -I "C:\\msys64\\mingw64\\lib\\go\\pkg\\include" -D GOOS_windows -D GOARCH_amd64 -D GOAMD64_v1 -gensymabis -o "$WORK\\b227\\symabis" "C:\\Users\\sanya\\go\\pkg\\mod\\golang.org\\x\\image@v0.24.0\\vector\\acc_amd64.s"
go tool buildid -w "$WORK\\b160\\_pkg_.a" # internal
cd C:\msys64\mingw64\lib\go\src\vendor\golang.org\x\crypto\internal\poly1305
go tool pack r "$WORK\\b149\\_pkg_.a" "$WORK\\b149\\sum_amd64.o" # internal
go tool buildid -w "$WORK\\b152\\_pkg_.a" # internal
cd C:\Users\sanya\Desktop\Dzvinock
"C:\\msys64\\mingw64\\lib\\go\\pkg\\tool\\windows_amd64\\compile.exe" -o "$WORK\\b137\\_pkg_.a" -trimpath "$WORK\\b137=>" -p crypto/internal/fips140/edwards25519 -lang=go1.27 -std -complete -buildid xJitLw8QmImgUFUIkIdi/xJitLw8QmImgUFUIkIdi -goversion go1.27.0 -c=5 -nolocalimports -importcfg "$WORK\\b137\\importcfg" -pack "C:\\msys64\\mingw64\\lib\\go\\src\\crypto\\internal\\fips140\\edwards25519\\doc.go" "C:\\msys64\\mingw64\\lib\\go\\src\\crypto\\internal\\fips140\\edwards25519\\edwards25519.go" "C:\\msys64\\mingw64\\lib\\go\\src\\crypto\\internal\\fips140\\edwards25519\\scalar.go" "C:\\msys64\\mingw64\\lib\\go\\src\\crypto\\internal\\fips140\\edwards25519\\scalar_fiat.go" "C:\\msys64\\mingw64\\lib\\go\\src\\crypto\\internal\\fips140\\edwards25519\\scalarmult.go" "C:\\msys64\\mingw64\\lib\\go\\src\\crypto\\internal\\fips140\\edwards25519\\tables.go"
go tool buildid -w "$WORK\\b149\\_pkg_.a" # internal
cp "$WORK\\b160\\_pkg_.a" "C:\\Users\\sanya\\AppData\\Local\\go-build\\8c\\8ca9d24f34559930e7fad993e304f385b28920115198c6eff8ca2896764bf77e-d" # internal
mkdir -p $WORK\b234\
golang.org/x/text/encoding
cat >C:\Users\sanya\AppData\Local\Temp\go-build1247343387\b234\importcfg << 'EOF' # internal
# import config
packagefile errors=C:\Users\sanya\AppData\Local\Temp\go-build1247343387\b003\_pkg_.a
packagefile golang.org/x/text/encoding/internal/identifier=C:\Users\sanya\AppData\Local\Temp\go-build1247343387\b235\_pkg_.a
packagefile golang.org/x/text/transform=C:\Users\sanya\AppData\Local\Temp\go-build1247343387\b236\_pkg_.a
packagefile io=C:\Users\sanya\AppData\Local\Temp\go-build1247343387\b048\_pkg_.a
packagefile strconv=C:\Users\sanya\AppData\Local\Temp\go-build1247343387\b040\_pkg_.a
packagefile unicode/utf8=C:\Users\sanya\AppData\Local\Temp\go-build1247343387\b041\_pkg_.a
EOF
"C:\\msys64\\mingw64\\lib\\go\\pkg\\tool\\windows_amd64\\compile.exe" -o "$WORK\\b234\\_pkg_.a" -trimpath "$WORK\\b234=>" -p golang.org/x/text/encoding -lang=go1.18 -complete -buildid 2HGaUtlgVlOH17Srrwh9/2HGaUtlgVlOH17Srrwh9 -goversion go1.27.0 -c=7 -nolocalimports -importcfg "$WORK\\b234\\importcfg" -pack "C:\\Users\\sanya\\go\\pkg\\mod\\golang.org\\x\\text@v0.22.0\\encoding\\encoding.go"
cp "$WORK\\b149\\_pkg_.a" "C:\\Users\\sanya\\AppData\\Local\\go-build\\c3\\c3f005f3ab854a6e702339d77e7f3a2ba11c9bd1027a677dbfd62673b4faabd5-d" # internal
mkdir -p $WORK\b246\
golang.org/x/text/runes
cat >C:\Users\sanya\AppData\Local\Temp\go-build1247343387\b246\importcfg << 'EOF' # internal
# import config
packagefile golang.org/x/text/transform=C:\Users\sanya\AppData\Local\Temp\go-build1247343387\b236\_pkg_.a
packagefile unicode=C:\Users\sanya\AppData\Local\Temp\go-build1247343387\b046\_pkg_.a
packagefile unicode/utf8=C:\Users\sanya\AppData\Local\Temp\go-build1247343387\b041\_pkg_.a
EOF
"C:\\msys64\\mingw64\\lib\\go\\pkg\\tool\\windows_amd64\\compile.exe" -o "$WORK\\b246\\_pkg_.a" -trimpath "$WORK\\b246=>" -p golang.org/x/text/runes -lang=go1.18 -complete -buildid G97Kga4z-6JcRmXxN_P4/G97Kga4z-6JcRmXxN_P4 -goversion go1.27.0 -c=6 -nolocalimports -importcfg "$WORK\\b246\\importcfg" -pack "C:\\Users\\sanya\\go\\pkg\\mod\\golang.org\\x\\text@v0.22.0\\runes\\cond.go" "C:\\Users\\sanya\\go\\pkg\\mod\\golang.org\\x\\text@v0.22.0\\runes\\runes.go"
go tool buildid -w "$WORK\\b202\\_pkg_.a" # internal
cat >C:\Users\sanya\AppData\Local\Temp\go-build1247343387\b227\importcfg << 'EOF' # internal
# import config
packagefile image=C:\Users\sanya\AppData\Local\Temp\go-build1247343387\b067\_pkg_.a
packagefile image/color=C:\Users\sanya\AppData\Local\Temp\go-build1247343387\b071\_pkg_.a
packagefile image/draw=C:\Users\sanya\AppData\Local\Temp\go-build1247343387\b228\_pkg_.a
packagefile math=C:\Users\sanya\AppData\Local\Temp\go-build1247343387\b039\_pkg_.a
EOF
"C:\\msys64\\mingw64\\lib\\go\\pkg\\tool\\windows_amd64\\compile.exe" -o "$WORK\\b227\\_pkg_.a" -trimpath "$WORK\\b227=>" -p golang.org/x/image/vector -lang=go1.18 -buildid HcDc5I0VHdcBt6G3F2At/HcDc5I0VHdcBt6G3F2At -goversion go1.27.0 -symabis "$WORK\\b227\\symabis" -c=6 -nolocalimports -importcfg "$WORK\\b227\\importcfg" -pack -asmhdr "$WORK\\b227\\go_asm.h" "C:\\Users\\sanya\\go\\pkg\\mod\\golang.org\\x\\image@v0.24.0\\vector\\acc_amd64.go" "C:\\Users\\sanya\\go\\pkg\\mod\\golang.org\\x\\image@v0.24.0\\vector\\raster_fixed.go" "C:\\Users\\sanya\\go\\pkg\\mod\\golang.org\\x\\image@v0.24.0\\vector\\raster_floating.go" "C:\\Users\\sanya\\go\\pkg\\mod\\golang.org\\x\\image@v0.24.0\\vector\\vector.go"
cp "$WORK\\b152\\_pkg_.a" "C:\\Users\\sanya\\AppData\\Local\\go-build\\cd\\cd165a1c097938c058b237bf5006d690c6d70ffea1a0ad3300e2ba3ed192539c-d" # internal
mkdir -p $WORK\b252\
embed
cat >C:\Users\sanya\AppData\Local\Temp\go-build1247343387\b252\importcfg << 'EOF' # internal
# import config
packagefile errors=C:\Users\sanya\AppData\Local\Temp\go-build1247343387\b003\_pkg_.a
packagefile internal/bytealg=C:\Users\sanya\AppData\Local\Temp\go-build1247343387\b010\_pkg_.a
packagefile internal/stringslite=C:\Users\sanya\AppData\Local\Temp\go-build1247343387\b033\_pkg_.a
packagefile io=C:\Users\sanya\AppData\Local\Temp\go-build1247343387\b048\_pkg_.a
packagefile io/fs=C:\Users\sanya\AppData\Local\Temp\go-build1247343387\b057\_pkg_.a
packagefile time=C:\Users\sanya\AppData\Local\Temp\go-build1247343387\b059\_pkg_.a
EOF
"C:\\msys64\\mingw64\\lib\\go\\pkg\\tool\\windows_amd64\\compile.exe" -o "$WORK\\b252\\_pkg_.a" -trimpath "$WORK\\b252=>" -p embed -lang=go1.27 -std -complete -buildid ymSAvQNmHco9G9Svj-25/ymSAvQNmHco9G9Svj-25 -goversion go1.27.0 -c=5 -nolocalimports -importcfg "$WORK\\b252\\importcfg" -pack "C:\\msys64\\mingw64\\lib\\go\\src\\embed\\embed.go"
cp "$WORK\\b202\\_pkg_.a" "C:\\Users\\sanya\\AppData\\Local\\go-build\\e8\\e8e49860ce30394040b691a53d3e70bb6e062d2ff6d252beb62b4a7d36b8e37c-d" # internal
mkdir -p $WORK\b253\
image/jpeg
cat >C:\Users\sanya\AppData\Local\Temp\go-build1247343387\b253\importcfg << 'EOF' # internal
# import config
packagefile bufio=C:\Users\sanya\AppData\Local\Temp\go-build1247343387\b068\_pkg_.a
packagefile errors=C:\Users\sanya\AppData\Local\Temp\go-build1247343387\b003\_pkg_.a
packagefile image=C:\Users\sanya\AppData\Local\Temp\go-build1247343387\b067\_pkg_.a
packagefile image/color=C:\Users\sanya\AppData\Local\Temp\go-build1247343387\b071\_pkg_.a
packagefile image/internal/imageutil=C:\Users\sanya\AppData\Local\Temp\go-build1247343387\b229\_pkg_.a
packagefile io=C:\Users\sanya\AppData\Local\Temp\go-build1247343387\b048\_pkg_.a
EOF
"C:\\msys64\\mingw64\\lib\\go\\pkg\\tool\\windows_amd64\\compile.exe" -o "$WORK\\b253\\_pkg_.a" -trimpath "$WORK\\b253=>" -p image/jpeg -lang=go1.27 -std -complete -buildid aTSwMqDpAb1mYep-2H5E/aTSwMqDpAb1mYep-2H5E -goversion go1.27.0 -c=4 -nolocalimports -importcfg "$WORK\\b253\\importcfg" -pack "C:\\msys64\\mingw64\\lib\\go\\src\\image\\jpeg\\dct.go" "C:\\msys64\\mingw64\\lib\\go\\src\\image\\jpeg\\huffman.go" "C:\\msys64\\mingw64\\lib\\go\\src\\image\\jpeg\\reader.go" "C:\\msys64\\mingw64\\lib\\go\\src\\image\\jpeg\\scan.go" "C:\\msys64\\mingw64\\lib\\go\\src\\image\\jpeg\\writer.go"
go tool buildid -w "$WORK\\b234\\_pkg_.a" # internal
cp "$WORK\\b234\\_pkg_.a" "C:\\Users\\sanya\\AppData\\Local\\go-build\\29\\29846c002cf99507f6b57b4b2eb0fa5f2d6c6bdc00d4e0268ed3e1b3516fed73-d" # internal
mkdir -p $WORK\b238\
golang.org/x/text/encoding/internal
cat >C:\Users\sanya\AppData\Local\Temp\go-build1247343387\b238\importcfg << 'EOF' # internal
# import config
packagefile golang.org/x/text/encoding=C:\Users\sanya\AppData\Local\Temp\go-build1247343387\b234\_pkg_.a
packagefile golang.org/x/text/encoding/internal/identifier=C:\Users\sanya\AppData\Local\Temp\go-build1247343387\b235\_pkg_.a
packagefile golang.org/x/text/transform=C:\Users\sanya\AppData\Local\Temp\go-build1247343387\b236\_pkg_.a
EOF
"C:\\msys64\\mingw64\\lib\\go\\pkg\\tool\\windows_amd64\\compile.exe" -o "$WORK\\b238\\_pkg_.a" -trimpath "$WORK\\b238=>" -p golang.org/x/text/encoding/internal -lang=go1.18 -complete -buildid E9C6LnRkQ9VPfD6e7f4A/E9C6LnRkQ9VPfD6e7f4A -goversion go1.27.0 -c=6 -nolocalimports -importcfg "$WORK\\b238\\importcfg" -pack "C:\\Users\\sanya\\go\\pkg\\mod\\golang.org\\x\\text@v0.22.0\\encoding\\internal\\internal.go"
go tool buildid -w "$WORK\\b252\\_pkg_.a" # internal
cd C:\Users\sanya\go\pkg\mod\golang.org\x\image@v0.24.0\vector
"C:\\msys64\\mingw64\\lib\\go\\pkg\\tool\\windows_amd64\\asm.exe" -p golang.org/x/image/vector -trimpath "$WORK\\b227=>" -I "$WORK\\b227\\" -I "C:\\msys64\\mingw64\\lib\\go\\pkg\\include" -D GOOS_windows -D GOARCH_amd64 -D GOAMD64_v1 -o "$WORK\\b227\\acc_amd64.o" "C:\\Users\\sanya\\go\\pkg\\mod\\golang.org\\x\\image@v0.24.0\\vector\\acc_amd64.s"
go tool buildid -w "$WORK\\b246\\_pkg_.a" # internal
cp "$WORK\\b252\\_pkg_.a" "C:\\Users\\sanya\\AppData\\Local\\go-build\\48\\48e8f9dca62a4f80408d71e3494c381ce142e67d804c16645c18cf4024138a04-d" # internal
mkdir -p $WORK\b281\
golang.org/x/image/ccitt
go tool buildid -w "$WORK\\b049\\_pkg_.a" # internal
cat >C:\Users\sanya\AppData\Local\Temp\go-build1247343387\b281\importcfg << 'EOF' # internal
# import config
packagefile encoding/binary=C:\Users\sanya\AppData\Local\Temp\go-build1247343387\b077\_pkg_.a
packagefile errors=C:\Users\sanya\AppData\Local\Temp\go-build1247343387\b003\_pkg_.a
packagefile image=C:\Users\sanya\AppData\Local\Temp\go-build1247343387\b067\_pkg_.a
packagefile io=C:\Users\sanya\AppData\Local\Temp\go-build1247343387\b048\_pkg_.a
packagefile math/bits=C:\Users\sanya\AppData\Local\Temp\go-build1247343387\b029\_pkg_.a
EOF
cd C:\Users\sanya\Desktop\Dzvinock
"C:\\msys64\\mingw64\\lib\\go\\pkg\\tool\\windows_amd64\\compile.exe" -o "$WORK\\b281\\_pkg_.a" -trimpath "$WORK\\b281=>" -p golang.org/x/image/ccitt -lang=go1.18 -complete -buildid Sm0pOvhZZ7NS7FIQBQO4/Sm0pOvhZZ7NS7FIQBQO4 -goversion go1.27.0 -c=8 -nolocalimports -importcfg "$WORK\\b281\\importcfg" -pack "C:\\Users\\sanya\\go\\pkg\\mod\\golang.org\\x\\image@v0.24.0\\ccitt\\reader.go" "C:\\Users\\sanya\\go\\pkg\\mod\\golang.org\\x\\image@v0.24.0\\ccitt\\table.go" "C:\\Users\\sanya\\go\\pkg\\mod\\golang.org\\x\\image@v0.24.0\\ccitt\\writer.go"
cp "$WORK\\b246\\_pkg_.a" "C:\\Users\\sanya\\AppData\\Local\\go-build\\56\\56254776755eab39b108a961fc88a55c4351dcef7465e2966a4f3b2a26b10131-d" # internal
mkdir -p $WORK\b291\
golang.org/x/image/draw
go tool buildid -w "$WORK\\b114\\_pkg_.a" # internal
cat >C:\Users\sanya\AppData\Local\Temp\go-build1247343387\b291\importcfg << 'EOF' # internal
# import config
packagefile golang.org/x/image/math/f64=C:\Users\sanya\AppData\Local\Temp\go-build1247343387\b292\_pkg_.a
packagefile image=C:\Users\sanya\AppData\Local\Temp\go-build1247343387\b067\_pkg_.a
packagefile image/color=C:\Users\sanya\AppData\Local\Temp\go-build1247343387\b071\_pkg_.a
packagefile image/draw=C:\Users\sanya\AppData\Local\Temp\go-build1247343387\b228\_pkg_.a
packagefile math=C:\Users\sanya\AppData\Local\Temp\go-build1247343387\b039\_pkg_.a
packagefile sync=C:\Users\sanya\AppData\Local\Temp\go-build1247343387\b042\_pkg_.a
EOF
"C:\\msys64\\mingw64\\lib\\go\\pkg\\tool\\windows_amd64\\compile.exe" -o "$WORK\\b291\\_pkg_.a" -trimpath "$WORK\\b291=>" -p golang.org/x/image/draw -lang=go1.18 -complete -buildid mESyCAgbviLPU6_vGL8b/mESyCAgbviLPU6_vGL8b -goversion go1.27.0 -c=6 -nolocalimports -importcfg "$WORK\\b291\\importcfg" -pack "C:\\Users\\sanya\\go\\pkg\\mod\\golang.org\\x\\image@v0.24.0\\draw\\draw.go" "C:\\Users\\sanya\\go\\pkg\\mod\\golang.org\\x\\image@v0.24.0\\draw\\impl.go" "C:\\Users\\sanya\\go\\pkg\\mod\\golang.org\\x\\image@v0.24.0\\draw\\scale.go"
cd C:\Users\sanya\go\pkg\mod\golang.org\x\image@v0.24.0\vector
go tool pack r "$WORK\\b227\\_pkg_.a" "$WORK\\b227\\acc_amd64.o" # internal
go tool buildid -w "$WORK\\b227\\_pkg_.a" # internal
cp "$WORK\\b114\\_pkg_.a" "C:\\Users\\sanya\\AppData\\Local\\go-build\\9b\\9b4055ce6497358ef914ad4b3e96c47c5ee57088630b34fcad8cb49264891e34-d" # internal
mkdir -p $WORK\b113\
go tool buildid -w "$WORK\\b238\\_pkg_.a" # internal
crypto/internal/fips140/nistec
echo -n > $WORK\b113\go_asm.h # internal
cd C:\msys64\mingw64\lib\go\src\crypto\internal\fips140\nistec
"C:\\msys64\\mingw64\\lib\\go\\pkg\\tool\\windows_amd64\\asm.exe" -p crypto/internal/fips140/nistec -trimpath "$WORK\\b113=>" -I "$WORK\\b113\\" -I "C:\\msys64\\mingw64\\lib\\go\\pkg\\include" -D GOOS_windows -D GOARCH_amd64 -std -D GOAMD64_v1 -gensymabis -o "$WORK\\b113\\symabis" "C:\\msys64\\mingw64\\lib\\go\\src\\crypto\\internal\\fips140\\nistec\\p256_asm_amd64.s"
cp "$WORK\\b238\\_pkg_.a" "C:\\Users\\sanya\\AppData\\Local\\go-build\\6e\\6ec141fd56bcf22f84de0f472be11b4cebedb6a85f79d42c5fec597f8e97387e-d" # internal
mkdir -p $WORK\b237\
cp "$WORK\\b227\\_pkg_.a" "C:\\Users\\sanya\\AppData\\Local\\go-build\\9d\\9df9cbd1245e0493651d73400b922d791ce1672d751347a04b8c3a80af46c2bc-d" # internal
mkdir -p $WORK\b240\
golang.org/x/text/encoding/charmap
go tool buildid -w "$WORK\\b137\\_pkg_.a" # internal
cat >C:\Users\sanya\AppData\Local\Temp\go-build1247343387\b237\importcfg << 'EOF' # internal
# import config
packagefile golang.org/x/text/encoding=C:\Users\sanya\AppData\Local\Temp\go-build1247343387\b234\_pkg_.a
packagefile golang.org/x/text/encoding/internal=C:\Users\sanya\AppData\Local\Temp\go-build1247343387\b238\_pkg_.a
packagefile golang.org/x/text/encoding/internal/identifier=C:\Users\sanya\AppData\Local\Temp\go-build1247343387\b235\_pkg_.a
packagefile golang.org/x/text/transform=C:\Users\sanya\AppData\Local\Temp\go-build1247343387\b236\_pkg_.a
packagefile unicode/utf8=C:\Users\sanya\AppData\Local\Temp\go-build1247343387\b041\_pkg_.a
EOF
cd C:\Users\sanya\Desktop\Dzvinock
"C:\\msys64\\mingw64\\lib\\go\\pkg\\tool\\windows_amd64\\compile.exe" -o "$WORK\\b237\\_pkg_.a" -trimpath "$WORK\\b237=>" -p golang.org/x/text/encoding/charmap -lang=go1.18 -complete -buildid -zfiLb3aMWVc5fWfNSUD/-zfiLb3aMWVc5fWfNSUD -goversion go1.27.0 -c=7 -nolocalimports -importcfg "$WORK\\b237\\importcfg" -pack "C:\\Users\\sanya\\go\\pkg\\mod\\golang.org\\x\\text@v0.22.0\\encoding\\charmap\\charmap.go" "C:\\Users\\sanya\\go\\pkg\\mod\\golang.org\\x\\text@v0.22.0\\encoding\\charmap\\tables.go"
golang.org/x/text/encoding/japanese
cat >C:\Users\sanya\AppData\Local\Temp\go-build1247343387\b240\importcfg << 'EOF' # internal
# import config
packagefile golang.org/x/text/encoding=C:\Users\sanya\AppData\Local\Temp\go-build1247343387\b234\_pkg_.a
packagefile golang.org/x/text/encoding/internal=C:\Users\sanya\AppData\Local\Temp\go-build1247343387\b238\_pkg_.a
packagefile golang.org/x/text/encoding/internal/identifier=C:\Users\sanya\AppData\Local\Temp\go-build1247343387\b235\_pkg_.a
packagefile golang.org/x/text/transform=C:\Users\sanya\AppData\Local\Temp\go-build1247343387\b236\_pkg_.a
packagefile unicode/utf8=C:\Users\sanya\AppData\Local\Temp\go-build1247343387\b041\_pkg_.a
EOF
"C:\\msys64\\mingw64\\lib\\go\\pkg\\tool\\windows_amd64\\compile.exe" -o "$WORK\\b240\\_pkg_.a" -trimpath "$WORK\\b240=>" -p golang.org/x/text/encoding/japanese -lang=go1.18 -complete -buildid a_2f_da4gKfqkdsFHdLS/a_2f_da4gKfqkdsFHdLS -goversion go1.27.0 -c=5 -nolocalimports -importcfg "$WORK\\b240\\importcfg" -pack "C:\\Users\\sanya\\go\\pkg\\mod\\golang.org\\x\\text@v0.22.0\\encoding\\japanese\\all.go" "C:\\Users\\sanya\\go\\pkg\\mod\\golang.org\\x\\text@v0.22.0\\encoding\\japanese\\eucjp.go" "C:\\Users\\sanya\\go\\pkg\\mod\\golang.org\\x\\text@v0.22.0\\encoding\\japanese\\iso2022jp.go" "C:\\Users\\sanya\\go\\pkg\\mod\\golang.org\\x\\text@v0.22.0\\encoding\\japanese\\shiftjis.go" "C:\\Users\\sanya\\go\\pkg\\mod\\golang.org\\x\\text@v0.22.0\\encoding\\japanese\\tables.go"
cp "$WORK\\b137\\_pkg_.a" "C:\\Users\\sanya\\AppData\\Local\\go-build\\ff\\ffc0e9f43401a67900bc7427e9ff289817d90db8e46c8bc935be71f46fb52195-d" # internal
mkdir -p $WORK\b241\
golang.org/x/text/encoding/korean
cat >C:\Users\sanya\AppData\Local\Temp\go-build1247343387\b241\importcfg << 'EOF' # internal
# import config
packagefile golang.org/x/text/encoding=C:\Users\sanya\AppData\Local\Temp\go-build1247343387\b234\_pkg_.a
packagefile golang.org/x/text/encoding/internal=C:\Users\sanya\AppData\Local\Temp\go-build1247343387\b238\_pkg_.a
packagefile golang.org/x/text/encoding/internal/identifier=C:\Users\sanya\AppData\Local\Temp\go-build1247343387\b235\_pkg_.a
packagefile golang.org/x/text/transform=C:\Users\sanya\AppData\Local\Temp\go-build1247343387\b236\_pkg_.a
packagefile unicode/utf8=C:\Users\sanya\AppData\Local\Temp\go-build1247343387\b041\_pkg_.a
EOF
"C:\\msys64\\mingw64\\lib\\go\\pkg\\tool\\windows_amd64\\compile.exe" -o "$WORK\\b241\\_pkg_.a" -trimpath "$WORK\\b241=>" -p golang.org/x/text/encoding/korean -lang=go1.18 -complete -buildid MB1AtXiV1dW7tDlfQ_ha/MB1AtXiV1dW7tDlfQ_ha -goversion go1.27.0 -c=5 -nolocalimports -importcfg "$WORK\\b241\\importcfg" -pack "C:\\Users\\sanya\\go\\pkg\\mod\\golang.org\\x\\text@v0.22.0\\encoding\\korean\\euckr.go" "C:\\Users\\sanya\\go\\pkg\\mod\\golang.org\\x\\text@v0.22.0\\encoding\\korean\\tables.go"
cat >C:\Users\sanya\AppData\Local\Temp\go-build1247343387\b113\importcfg << 'EOF' # internal
# import config
packagefile crypto/internal/constanttime=C:\Users\sanya\AppData\Local\Temp\go-build1247343387\b098\_pkg_.a
packagefile crypto/internal/fips140/check=C:\Users\sanya\AppData\Local\Temp\go-build1247343387\b090\_pkg_.a
packagefile crypto/internal/fips140/nistec/fiat=C:\Users\sanya\AppData\Local\Temp\go-build1247343387\b114\_pkg_.a
packagefile crypto/internal/fips140deps/byteorder=C:\Users\sanya\AppData\Local\Temp\go-build1247343387\b093\_pkg_.a
packagefile errors=C:\Users\sanya\AppData\Local\Temp\go-build1247343387\b003\_pkg_.a
packagefile math/bits=C:\Users\sanya\AppData\Local\Temp\go-build1247343387\b029\_pkg_.a
packagefile runtime=C:\Users\sanya\AppData\Local\Temp\go-build1247343387\b009\_pkg_.a
packagefile sync=C:\Users\sanya\AppData\Local\Temp\go-build1247343387\b042\_pkg_.a
EOF
"C:\\msys64\\mingw64\\lib\\go\\pkg\\tool\\windows_amd64\\compile.exe" -o "$WORK\\b113\\_pkg_.a" -trimpath "$WORK\\b113=>" -p crypto/internal/fips140/nistec -lang=go1.27 -std -buildid vz-_bbQwgAdsjTl0A6Jn/vz-_bbQwgAdsjTl0A6Jn -goversion go1.27.0 -symabis "$WORK\\b113\\symabis" -c=4 -nolocalimports -importcfg "$WORK\\b113\\importcfg" -pack -asmhdr "$WORK\\b113\\go_asm.h" "C:\\msys64\\mingw64\\lib\\go\\src\\crypto\\internal\\fips140\\nistec\\nistec.go" "C:\\msys64\\mingw64\\lib\\go\\src\\crypto\\internal\\fips140\\nistec\\p224.go" "C:\\msys64\\mingw64\\lib\\go\\src\\crypto\\internal\\fips140\\nistec\\p224_sqrt.go" "C:\\msys64\\mingw64\\lib\\go\\src\\crypto\\internal\\fips140\\nistec\\p256_asm.go" "C:\\msys64\\mingw64\\lib\\go\\src\\crypto\\internal\\fips140\\nistec\\p256_ordinv.go" "C:\\msys64\\mingw64\\lib\\go\\src\\crypto\\internal\\fips140\\nistec\\p256_table.go" "C:\\msys64\\mingw64\\lib\\go\\src\\crypto\\internal\\fips140\\nistec\\p384.go" "C:\\msys64\\mingw64\\lib\\go\\src\\crypto\\internal\\fips140\\nistec\\p521.go"
go tool buildid -w "$WORK\\b253\\_pkg_.a" # internal
go tool buildid -w "$WORK\\b281\\_pkg_.a" # internal
cp "$WORK\\b049\\_pkg_.a" "C:\\Users\\sanya\\AppData\\Local\\go-build\\b6\\b66fd0334c384368eed21d7cb0a485e18ee8095aae83f0788edcd161a34c3df1-d" # internal
mkdir -p $WORK\b002\
fmt
cat >C:\Users\sanya\AppData\Local\Temp\go-build1247343387\b002\importcfg << 'EOF' # internal
# import config
packagefile errors=C:\Users\sanya\AppData\Local\Temp\go-build1247343387\b003\_pkg_.a
packagefile internal/fmtsort=C:\Users\sanya\AppData\Local\Temp\go-build1247343387\b035\_pkg_.a
packagefile internal/stringslite=C:\Users\sanya\AppData\Local\Temp\go-build1247343387\b033\_pkg_.a
packagefile io=C:\Users\sanya\AppData\Local\Temp\go-build1247343387\b048\_pkg_.a
packagefile math=C:\Users\sanya\AppData\Local\Temp\go-build1247343387\b039\_pkg_.a
packagefile os=C:\Users\sanya\AppData\Local\Temp\go-build1247343387\b049\_pkg_.a
packagefile reflect=C:\Users\sanya\AppData\Local\Temp\go-build1247343387\b037\_pkg_.a
packagefile slices=C:\Users\sanya\AppData\Local\Temp\go-build1247343387\b047\_pkg_.a
packagefile strconv=C:\Users\sanya\AppData\Local\Temp\go-build1247343387\b040\_pkg_.a
packagefile sync=C:\Users\sanya\AppData\Local\Temp\go-build1247343387\b042\_pkg_.a
packagefile unicode/utf8=C:\Users\sanya\AppData\Local\Temp\go-build1247343387\b041\_pkg_.a
EOF
"C:\\msys64\\mingw64\\lib\\go\\pkg\\tool\\windows_amd64\\compile.exe" -o "$WORK\\b002\\_pkg_.a" -trimpath "$WORK\\b002=>" -p fmt -lang=go1.27 -std -complete -buildid bQM_o4TNexBVqumfYyBi/bQM_o4TNexBVqumfYyBi -goversion go1.27.0 -c=6 -nolocalimports -importcfg "$WORK\\b002\\importcfg" -pack "C:\\msys64\\mingw64\\lib\\go\\src\\fmt\\doc.go" "C:\\msys64\\mingw64\\lib\\go\\src\\fmt\\errors.go" "C:\\msys64\\mingw64\\lib\\go\\src\\fmt\\format.go" "C:\\msys64\\mingw64\\lib\\go\\src\\fmt\\print.go" "C:\\msys64\\mingw64\\lib\\go\\src\\fmt\\scan.go"
cp "$WORK\\b253\\_pkg_.a" "C:\\Users\\sanya\\AppData\\Local\\go-build\\d8\\d8828cb0b3c69f24e11eabd22e965bb2da03573a0ee25dbc26c7adc899c4c77e-d" # internal
mkdir -p $WORK\b104\
crypto/internal/sysrand
cat >C:\Users\sanya\AppData\Local\Temp\go-build1247343387\b104\importcfg << 'EOF' # internal
# import config
packagefile internal/syscall/windows=C:\Users\sanya\AppData\Local\Temp\go-build1247343387\b051\_pkg_.a
packagefile os=C:\Users\sanya\AppData\Local\Temp\go-build1247343387\b049\_pkg_.a
packagefile sync=C:\Users\sanya\AppData\Local\Temp\go-build1247343387\b042\_pkg_.a
packagefile sync/atomic=C:\Users\sanya\AppData\Local\Temp\go-build1247343387\b044\_pkg_.a
packagefile time=C:\Users\sanya\AppData\Local\Temp\go-build1247343387\b059\_pkg_.a
EOF
"C:\\msys64\\mingw64\\lib\\go\\pkg\\tool\\windows_amd64\\compile.exe" -o "$WORK\\b104\\_pkg_.a" -trimpath "$WORK\\b104=>" -p crypto/internal/sysrand -lang=go1.27 -std -complete -buildid ZA1Le9k4md3jOW6llfjg/ZA1Le9k4md3jOW6llfjg -goversion go1.27.0 -c=5 -nolocalimports -importcfg "$WORK\\b104\\importcfg" -pack "C:\\msys64\\mingw64\\lib\\go\\src\\crypto\\internal\\sysrand\\rand.go" "C:\\msys64\\mingw64\\lib\\go\\src\\crypto\\internal\\sysrand\\rand_windows.go"
cp "$WORK\\b281\\_pkg_.a" "C:\\Users\\sanya\\AppData\\Local\\go-build\\61\\61ca802b8c22a320d587eaa319de850ba9b13fec19a8653a70daaf30d45f5cea-d" # internal
mkdir -p $WORK\b150\
vendor/golang.org/x/sys/cpu
echo -n > $WORK\b150\go_asm.h # internal
cd C:\msys64\mingw64\lib\go\src\vendor\golang.org\x\sys\cpu
"C:\\msys64\\mingw64\\lib\\go\\pkg\\tool\\windows_amd64\\asm.exe" -p vendor/golang.org/x/sys/cpu -trimpath "$WORK\\b150=>" -I "$WORK\\b150\\" -I "C:\\msys64\\mingw64\\lib\\go\\pkg\\include" -D GOOS_windows -D GOARCH_amd64 -std -D GOAMD64_v1 -gensymabis -o "$WORK\\b150\\symabis" "C:\\msys64\\mingw64\\lib\\go\\src\\vendor\\golang.org\\x\\sys\\cpu\\cpu_gc_x86.s"
cat >C:\Users\sanya\AppData\Local\Temp\go-build1247343387\b150\importcfg << 'EOF' # internal
# import config
packagefile os=C:\Users\sanya\AppData\Local\Temp\go-build1247343387\b049\_pkg_.a
packagefile runtime=C:\Users\sanya\AppData\Local\Temp\go-build1247343387\b009\_pkg_.a
packagefile strconv=C:\Users\sanya\AppData\Local\Temp\go-build1247343387\b040\_pkg_.a
packagefile strings=C:\Users\sanya\AppData\Local\Temp\go-build1247343387\b070\_pkg_.a
packagefile syscall=C:\Users\sanya\AppData\Local\Temp\go-build1247343387\b055\_pkg_.a
EOF
cd C:\Users\sanya\Desktop\Dzvinock
"C:\\msys64\\mingw64\\lib\\go\\pkg\\tool\\windows_amd64\\compile.exe" -o "$WORK\\b150\\_pkg_.a" -trimpath "$WORK\\b150=>" -p vendor/golang.org/x/sys/cpu -lang=go1.27 -std -buildid E9Pws9Vg2_xAB8bC6ZHD/E9Pws9Vg2_xAB8bC6ZHD -goversion go1.27.0 -symabis "$WORK\\b150\\symabis" -c=5 -nolocalimports -importcfg "$WORK\\b150\\importcfg" -pack -asmhdr "$WORK\\b150\\go_asm.h" "C:\\msys64\\mingw64\\lib\\go\\src\\vendor\\golang.org\\x\\sys\\cpu\\byteorder.go" "C:\\msys64\\mingw64\\lib\\go\\src\\vendor\\golang.org\\x\\sys\\cpu\\cpu.go" "C:\\msys64\\mingw64\\lib\\go\\src\\vendor\\golang.org\\x\\sys\\cpu\\cpu_gc_x86.go" "C:\\msys64\\mingw64\\lib\\go\\src\\vendor\\golang.org\\x\\sys\\cpu\\cpu_other_x86.go" "C:\\msys64\\mingw64\\lib\\go\\src\\vendor\\golang.org\\x\\sys\\cpu\\cpu_windows.go" "C:\\msys64\\mingw64\\lib\\go\\src\\vendor\\golang.org\\x\\sys\\cpu\\cpu_x86.go" "C:\\msys64\\mingw64\\lib\\go\\src\\vendor\\golang.org\\x\\sys\\cpu\\endian_little.go" "C:\\msys64\\mingw64\\lib\\go\\src\\vendor\\golang.org\\x\\sys\\cpu\\parse.go" "C:\\msys64\\mingw64\\lib\\go\\src\\vendor\\golang.org\\x\\sys\\cpu\\runtime_auxv.go" "C:\\msys64\\mingw64\\lib\\go\\src\\vendor\\golang.org\\x\\sys\\cpu\\runtime_auxv_go121.go" "C:\\msys64\\mingw64\\lib\\go\\src\\vendor\\golang.org\\x\\sys\\cpu\\zcpu_windows.go"
go tool buildid -w "$WORK\\b104\\_pkg_.a" # internal
cp "$WORK\\b104\\_pkg_.a" "C:\\Users\\sanya\\AppData\\Local\\go-build\\12\\12f9d32b90aa834c4f37c0e2fd440038d5084f4ecf4e474eaaa33528eff5cb3b-d" # internal
mkdir -p $WORK\b101\
crypto/internal/fips140/drbg
cat >C:\Users\sanya\AppData\Local\Temp\go-build1247343387\b101\importcfg << 'EOF' # internal
# import config
packagefile bytes=C:\Users\sanya\AppData\Local\Temp\go-build1247343387\b069\_pkg_.a
packagefile crypto/internal/entropy/v1.0.0=C:\Users\sanya\AppData\Local\Temp\go-build1247343387\b102\_pkg_.a
packagefile crypto/internal/fips140=C:\Users\sanya\AppData\Local\Temp\go-build1247343387\b087\_pkg_.a
packagefile crypto/internal/fips140/aes=C:\Users\sanya\AppData\Local\Temp\go-build1247343387\b086\_pkg_.a
packagefile crypto/internal/fips140/check=C:\Users\sanya\AppData\Local\Temp\go-build1247343387\b090\_pkg_.a
packagefile crypto/internal/fips140/subtle=C:\Users\sanya\AppData\Local\Temp\go-build1247343387\b097\_pkg_.a
packagefile crypto/internal/fips140deps/byteorder=C:\Users\sanya\AppData\Local\Temp\go-build1247343387\b093\_pkg_.a
packagefile crypto/internal/sysrand=C:\Users\sanya\AppData\Local\Temp\go-build1247343387\b104\_pkg_.a
packagefile errors=C:\Users\sanya\AppData\Local\Temp\go-build1247343387\b003\_pkg_.a
packagefile io=C:\Users\sanya\AppData\Local\Temp\go-build1247343387\b048\_pkg_.a
packagefile math/bits=C:\Users\sanya\AppData\Local\Temp\go-build1247343387\b029\_pkg_.a
packagefile sync=C:\Users\sanya\AppData\Local\Temp\go-build1247343387\b042\_pkg_.a
packagefile sync/atomic=C:\Users\sanya\AppData\Local\Temp\go-build1247343387\b044\_pkg_.a
EOF
"C:\\msys64\\mingw64\\lib\\go\\pkg\\tool\\windows_amd64\\compile.exe" -o "$WORK\\b101\\_pkg_.a" -trimpath "$WORK\\b101=>" -p crypto/internal/fips140/drbg -lang=go1.27 -std -complete -buildid TjpY3k20nbanqO8LjFla/TjpY3k20nbanqO8LjFla -goversion go1.27.0 -c=5 -nolocalimports -importcfg "$WORK\\b101\\importcfg" -pack "C:\\msys64\\mingw64\\lib\\go\\src\\crypto\\internal\\fips140\\drbg\\cast.go" "C:\\msys64\\mingw64\\lib\\go\\src\\crypto\\internal\\fips140\\drbg\\ctrdrbg.go" "C:\\msys64\\mingw64\\lib\\go\\src\\crypto\\internal\\fips140\\drbg\\entropy_fips140.go" "C:\\msys64\\mingw64\\lib\\go\\src\\crypto\\internal\\fips140\\drbg\\rand.go"
cd C:\msys64\mingw64\lib\go\src\vendor\golang.org\x\sys\cpu
"C:\\msys64\\mingw64\\lib\\go\\pkg\\tool\\windows_amd64\\asm.exe" -p vendor/golang.org/x/sys/cpu -trimpath "$WORK\\b150=>" -I "$WORK\\b150\\" -I "C:\\msys64\\mingw64\\lib\\go\\pkg\\include" -D GOOS_windows -D GOARCH_amd64 -std -D GOAMD64_v1 -o "$WORK\\b150\\cpu_gc_x86.o" "C:\\msys64\\mingw64\\lib\\go\\src\\vendor\\golang.org\\x\\sys\\cpu\\cpu_gc_x86.s"
go tool buildid -w "$WORK\\b101\\_pkg_.a" # internal
go tool pack r "$WORK\\b150\\_pkg_.a" "$WORK\\b150\\cpu_gc_x86.o" # internal
go tool buildid -w "$WORK\\b150\\_pkg_.a" # internal
cp "$WORK\\b101\\_pkg_.a" "C:\\Users\\sanya\\AppData\\Local\\go-build\\5e\\5e20755d0e7add66b087b172bb38423efb0ad0c87b30740f8fe19b9fc6576800-d" # internal
mkdir -p $WORK\b100\
crypto/internal/fips140/aes/gcm
echo -n > $WORK\b100\go_asm.h # internal
cd C:\msys64\mingw64\lib\go\src\crypto\internal\fips140\aes\gcm
"C:\\msys64\\mingw64\\lib\\go\\pkg\\tool\\windows_amd64\\asm.exe" -p crypto/internal/fips140/aes/gcm -trimpath "$WORK\\b100=>" -I "$WORK\\b100\\" -I "C:\\msys64\\mingw64\\lib\\go\\pkg\\include" -D GOOS_windows -D GOARCH_amd64 -std -D GOAMD64_v1 -gensymabis -o "$WORK\\b100\\symabis" "C:\\msys64\\mingw64\\lib\\go\\src\\crypto\\internal\\fips140\\aes\\gcm\\gcm_amd64.s"
cp "$WORK\\b150\\_pkg_.a" "C:\\Users\\sanya\\AppData\\Local\\go-build\\4e\\4ee4484a4ef56117d7e40bccc3795bb5a28aa7efc55b4a59629d237745da4d18-d" # internal
mkdir -p $WORK\b105\
crypto/internal/fips140only
cat >C:\Users\sanya\AppData\Local\Temp\go-build1247343387\b105\importcfg << 'EOF' # internal
# import config
packagefile crypto/fips140=C:\Users\sanya\AppData\Local\Temp\go-build1247343387\b106\_pkg_.a
packagefile crypto/internal/fips140/drbg=C:\Users\sanya\AppData\Local\Temp\go-build1247343387\b101\_pkg_.a
packagefile crypto/internal/fips140/sha256=C:\Users\sanya\AppData\Local\Temp\go-build1247343387\b092\_pkg_.a
packagefile crypto/internal/fips140/sha3=C:\Users\sanya\AppData\Local\Temp\go-build1247343387\b096\_pkg_.a
packagefile crypto/internal/fips140/sha512=C:\Users\sanya\AppData\Local\Temp\go-build1247343387\b099\_pkg_.a
packagefile hash=C:\Users\sanya\AppData\Local\Temp\go-build1247343387\b079\_pkg_.a
packagefile io=C:\Users\sanya\AppData\Local\Temp\go-build1247343387\b048\_pkg_.a
EOF
cd C:\Users\sanya\Desktop\Dzvinock
"C:\\msys64\\mingw64\\lib\\go\\pkg\\tool\\windows_amd64\\compile.exe" -o "$WORK\\b105\\_pkg_.a" -trimpath "$WORK\\b105=>" -p crypto/internal/fips140only -lang=go1.27 -std -complete -buildid 2zEXm_M2FdsRpSE4onpI/2zEXm_M2FdsRpSE4onpI -goversion go1.27.0 -c=5 -nolocalimports -importcfg "$WORK\\b105\\importcfg" -pack "C:\\msys64\\mingw64\\lib\\go\\src\\crypto\\internal\\fips140only\\fips140only.go" "C:\\msys64\\mingw64\\lib\\go\\src\\crypto\\internal\\fips140only\\random_fips140v1.28.go"
cat >C:\Users\sanya\AppData\Local\Temp\go-build1247343387\b100\importcfg << 'EOF' # internal
# import config
packagefile crypto/internal/fips140=C:\Users\sanya\AppData\Local\Temp\go-build1247343387\b087\_pkg_.a
packagefile crypto/internal/fips140/aes=C:\Users\sanya\AppData\Local\Temp\go-build1247343387\b086\_pkg_.a
packagefile crypto/internal/fips140/alias=C:\Users\sanya\AppData\Local\Temp\go-build1247343387\b089\_pkg_.a
packagefile crypto/internal/fips140/check=C:\Users\sanya\AppData\Local\Temp\go-build1247343387\b090\_pkg_.a
packagefile crypto/internal/fips140/drbg=C:\Users\sanya\AppData\Local\Temp\go-build1247343387\b101\_pkg_.a
packagefile crypto/internal/fips140/subtle=C:\Users\sanya\AppData\Local\Temp\go-build1247343387\b097\_pkg_.a
packagefile crypto/internal/fips140deps/byteorder=C:\Users\sanya\AppData\Local\Temp\go-build1247343387\b093\_pkg_.a
packagefile crypto/internal/fips140deps/cpu=C:\Users\sanya\AppData\Local\Temp\go-build1247343387\b094\_pkg_.a
packagefile crypto/internal/impl=C:\Users\sanya\AppData\Local\Temp\go-build1247343387\b095\_pkg_.a
packagefile errors=C:\Users\sanya\AppData\Local\Temp\go-build1247343387\b003\_pkg_.a
packagefile math=C:\Users\sanya\AppData\Local\Temp\go-build1247343387\b039\_pkg_.a
EOF
"C:\\msys64\\mingw64\\lib\\go\\pkg\\tool\\windows_amd64\\compile.exe" -o "$WORK\\b100\\_pkg_.a" -trimpath "$WORK\\b100=>" -p crypto/internal/fips140/aes/gcm -lang=go1.27 -std -buildid pwGiRWJQqQ1KL29HganU/pwGiRWJQqQ1KL29HganU -goversion go1.27.0 -symabis "$WORK\\b100\\symabis" -c=5 -nolocalimports -importcfg "$WORK\\b100\\importcfg" -pack -asmhdr "$WORK\\b100\\go_asm.h" "C:\\msys64\\mingw64\\lib\\go\\src\\crypto\\internal\\fips140\\aes\\gcm\\cast.go" "C:\\msys64\\mingw64\\lib\\go\\src\\crypto\\internal\\fips140\\aes\\gcm\\cmac.go" "C:\\msys64\\mingw64\\lib\\go\\src\\crypto\\internal\\fips140\\aes\\gcm\\ctrkdf.go" "C:\\msys64\\mingw64\\lib\\go\\src\\crypto\\internal\\fips140\\aes\\gcm\\gcm.go" "C:\\msys64\\mingw64\\lib\\go\\src\\crypto\\internal\\fips140\\aes\\gcm\\gcm_asm.go" "C:\\msys64\\mingw64\\lib\\go\\src\\crypto\\internal\\fips140\\aes\\gcm\\gcm_generic.go" "C:\\msys64\\mingw64\\lib\\go\\src\\crypto\\internal\\fips140\\aes\\gcm\\gcm_nonces.go" "C:\\msys64\\mingw64\\lib\\go\\src\\crypto\\internal\\fips140\\aes\\gcm\\ghash.go"
go tool buildid -w "$WORK\\b002\\_pkg_.a" # internal
go tool buildid -w "$WORK\\b105\\_pkg_.a" # internal
cp "$WORK\\b002\\_pkg_.a" "C:\\Users\\sanya\\AppData\\Local\\go-build\\48\\48bbb50a58abe85afb70f640eaf05ae92990fd4b3602261e4135d443b4edcde1-d" # internal
mkdir -p $WORK\b072\
log
cat >C:\Users\sanya\AppData\Local\Temp\go-build1247343387\b072\importcfg << 'EOF' # internal
# import config
packagefile fmt=C:\Users\sanya\AppData\Local\Temp\go-build1247343387\b002\_pkg_.a
packagefile io=C:\Users\sanya\AppData\Local\Temp\go-build1247343387\b048\_pkg_.a
packagefile log/internal=C:\Users\sanya\AppData\Local\Temp\go-build1247343387\b073\_pkg_.a
packagefile os=C:\Users\sanya\AppData\Local\Temp\go-build1247343387\b049\_pkg_.a
packagefile runtime=C:\Users\sanya\AppData\Local\Temp\go-build1247343387\b009\_pkg_.a
packagefile sync=C:\Users\sanya\AppData\Local\Temp\go-build1247343387\b042\_pkg_.a
packagefile sync/atomic=C:\Users\sanya\AppData\Local\Temp\go-build1247343387\b044\_pkg_.a
packagefile time=C:\Users\sanya\AppData\Local\Temp\go-build1247343387\b059\_pkg_.a
EOF
"C:\\msys64\\mingw64\\lib\\go\\pkg\\tool\\windows_amd64\\compile.exe" -o "$WORK\\b072\\_pkg_.a" -trimpath "$WORK\\b072=>" -p log -lang=go1.27 -std -complete -buildid YksxgImFt4vJEfO-2Qog/YksxgImFt4vJEfO-2Qog -goversion go1.27.0 -c=6 -nolocalimports -importcfg "$WORK\\b072\\importcfg" -pack "C:\\msys64\\mingw64\\lib\\go\\src\\log\\log.go"
go tool buildid -w "$WORK\\b241\\_pkg_.a" # internal
cp "$WORK\\b105\\_pkg_.a" "C:\\Users\\sanya\\AppData\\Local\\go-build\\82\\8261fbd42148e5ce2ae8948575a21acc2b39c0270c69c7f915c3d8c1e50e912a-d" # internal
mkdir -p $WORK\b075\
compress/flate
cat >C:\Users\sanya\AppData\Local\Temp\go-build1247343387\b075\importcfg << 'EOF' # internal
# import config
packagefile bufio=C:\Users\sanya\AppData\Local\Temp\go-build1247343387\b068\_pkg_.a
packagefile errors=C:\Users\sanya\AppData\Local\Temp\go-build1247343387\b003\_pkg_.a
packagefile fmt=C:\Users\sanya\AppData\Local\Temp\go-build1247343387\b002\_pkg_.a
packagefile io=C:\Users\sanya\AppData\Local\Temp\go-build1247343387\b048\_pkg_.a
packagefile math=C:\Users\sanya\AppData\Local\Temp\go-build1247343387\b039\_pkg_.a
packagefile math/bits=C:\Users\sanya\AppData\Local\Temp\go-build1247343387\b029\_pkg_.a
packagefile slices=C:\Users\sanya\AppData\Local\Temp\go-build1247343387\b047\_pkg_.a
packagefile strconv=C:\Users\sanya\AppData\Local\Temp\go-build1247343387\b040\_pkg_.a
packagefile sync=C:\Users\sanya\AppData\Local\Temp\go-build1247343387\b042\_pkg_.a
EOF
"C:\\msys64\\mingw64\\lib\\go\\pkg\\tool\\windows_amd64\\compile.exe" -o "$WORK\\b075\\_pkg_.a" -trimpath "$WORK\\b075=>" -p compress/flate -lang=go1.27 -std -complete -buildid 5zo_oPf9UQU5vs5ZNV_J/5zo_oPf9UQU5vs5ZNV_J -goversion go1.27.0 -c=5 -nolocalimports -importcfg "$WORK\\b075\\importcfg" -pack "C:\\msys64\\mingw64\\lib\\go\\src\\compress\\flate\\deflate.go" "C:\\msys64\\mingw64\\lib\\go\\src\\compress\\flate\\deflatefast.go" "C:\\msys64\\mingw64\\lib\\go\\src\\compress\\flate\\dict_decoder.go" "C:\\msys64\\mingw64\\lib\\go\\src\\compress\\flate\\huffman_bit_writer.go" "C:\\msys64\\mingw64\\lib\\go\\src\\compress\\flate\\huffman_code.go" "C:\\msys64\\mingw64\\lib\\go\\src\\compress\\flate\\inflate.go" "C:\\msys64\\mingw64\\lib\\go\\src\\compress\\flate\\level1.go" "C:\\msys64\\mingw64\\lib\\go\\src\\compress\\flate\\level2.go" "C:\\msys64\\mingw64\\lib\\go\\src\\compress\\flate\\level3.go" "C:\\msys64\\mingw64\\lib\\go\\src\\compress\\flate\\level4.go" "C:\\msys64\\mingw64\\lib\\go\\src\\compress\\flate\\level5.go" "C:\\msys64\\mingw64\\lib\\go\\src\\compress\\flate\\level6.go" "C:\\msys64\\mingw64\\lib\\go\\src\\compress\\flate\\load_store.go" "C:\\msys64\\mingw64\\lib\\go\\src\\compress\\flate\\regmask_amd64.go" "C:\\msys64\\mingw64\\lib\\go\\src\\compress\\flate\\token.go"
go tool buildid -w "$WORK\\b237\\_pkg_.a" # internal
cp "$WORK\\b241\\_pkg_.a" "C:\\Users\\sanya\\AppData\\Local\\go-build\\f2\\f24ae5b6d284d260a63f591d5a44132891236778f53c142ce7b4cf5dfc5b1474-d" # internal
mkdir -p $WORK\b121\
math/big
echo -n > $WORK\b121\go_asm.h # internal
cd C:\msys64\mingw64\lib\go\src\math\big
"C:\\msys64\\mingw64\\lib\\go\\pkg\\tool\\windows_amd64\\asm.exe" -p math/big -trimpath "$WORK\\b121=>" -I "$WORK\\b121\\" -I "C:\\msys64\\mingw64\\lib\\go\\pkg\\include" -D GOOS_windows -D GOARCH_amd64 -std -D GOAMD64_v1 -gensymabis -o "$WORK\\b121\\symabis" "C:\\msys64\\mingw64\\lib\\go\\src\\math\\big\\arith_amd64.s"
cp "$WORK\\b237\\_pkg_.a" "C:\\Users\\sanya\\AppData\\Local\\go-build\\de\\de3fb00f747786e59b1e25221b05ebe84d1944384ac1b6e5dda6825fc235e804-d" # internal
mkdir -p $WORK\b136\
crypto/internal/fips140/ed25519
cat >C:\Users\sanya\AppData\Local\Temp\go-build1247343387\b136\importcfg << 'EOF' # internal
# import config
packagefile bytes=C:\Users\sanya\AppData\Local\Temp\go-build1247343387\b069\_pkg_.a
packagefile crypto/internal/fips140=C:\Users\sanya\AppData\Local\Temp\go-build1247343387\b087\_pkg_.a
packagefile crypto/internal/fips140/check=C:\Users\sanya\AppData\Local\Temp\go-build1247343387\b090\_pkg_.a
packagefile crypto/internal/fips140/drbg=C:\Users\sanya\AppData\Local\Temp\go-build1247343387\b101\_pkg_.a
packagefile crypto/internal/fips140/edwards25519=C:\Users\sanya\AppData\Local\Temp\go-build1247343387\b137\_pkg_.a
packagefile crypto/internal/fips140/sha512=C:\Users\sanya\AppData\Local\Temp\go-build1247343387\b099\_pkg_.a
packagefile errors=C:\Users\sanya\AppData\Local\Temp\go-build1247343387\b003\_pkg_.a
packagefile strconv=C:\Users\sanya\AppData\Local\Temp\go-build1247343387\b040\_pkg_.a
packagefile sync=C:\Users\sanya\AppData\Local\Temp\go-build1247343387\b042\_pkg_.a
EOF
cd C:\Users\sanya\Desktop\Dzvinock
"C:\\msys64\\mingw64\\lib\\go\\pkg\\tool\\windows_amd64\\compile.exe" -o "$WORK\\b136\\_pkg_.a" -trimpath "$WORK\\b136=>" -p crypto/internal/fips140/ed25519 -lang=go1.27 -std -complete -buildid djG6DWVTm2EWIgV3pl2i/djG6DWVTm2EWIgV3pl2i -goversion go1.27.0 -c=6 -nolocalimports -importcfg "$WORK\\b136\\importcfg" -pack "C:\\msys64\\mingw64\\lib\\go\\src\\crypto\\internal\\fips140\\ed25519\\cast.go" "C:\\msys64\\mingw64\\lib\\go\\src\\crypto\\internal\\fips140\\ed25519\\ed25519.go"
cd C:\msys64\mingw64\lib\go\src\crypto\internal\fips140\aes\gcm
"C:\\msys64\\mingw64\\lib\\go\\pkg\\tool\\windows_amd64\\asm.exe" -p crypto/internal/fips140/aes/gcm -trimpath "$WORK\\b100=>" -I "$WORK\\b100\\" -I "C:\\msys64\\mingw64\\lib\\go\\pkg\\include" -D GOOS_windows -D GOARCH_amd64 -std -D GOAMD64_v1 -o "$WORK\\b100\\gcm_amd64.o" "C:\\msys64\\mingw64\\lib\\go\\src\\crypto\\internal\\fips140\\aes\\gcm\\gcm_amd64.s"
cat >C:\Users\sanya\AppData\Local\Temp\go-build1247343387\b121\importcfg << 'EOF' # internal
# import config
packagefile bytes=C:\Users\sanya\AppData\Local\Temp\go-build1247343387\b069\_pkg_.a
packagefile errors=C:\Users\sanya\AppData\Local\Temp\go-build1247343387\b003\_pkg_.a
packagefile fmt=C:\Users\sanya\AppData\Local\Temp\go-build1247343387\b002\_pkg_.a
packagefile internal/byteorder=C:\Users\sanya\AppData\Local\Temp\go-build1247343387\b012\_pkg_.a
packagefile internal/cpu=C:\Users\sanya\AppData\Local\Temp\go-build1247343387\b011\_pkg_.a
packagefile io=C:\Users\sanya\AppData\Local\Temp\go-build1247343387\b048\_pkg_.a
packagefile math=C:\Users\sanya\AppData\Local\Temp\go-build1247343387\b039\_pkg_.a
packagefile math/bits=C:\Users\sanya\AppData\Local\Temp\go-build1247343387\b029\_pkg_.a
packagefile math/rand=C:\Users\sanya\AppData\Local\Temp\go-build1247343387\b122\_pkg_.a
packagefile slices=C:\Users\sanya\AppData\Local\Temp\go-build1247343387\b047\_pkg_.a
packagefile strconv=C:\Users\sanya\AppData\Local\Temp\go-build1247343387\b040\_pkg_.a
packagefile strings=C:\Users\sanya\AppData\Local\Temp\go-build1247343387\b070\_pkg_.a
packagefile sync=C:\Users\sanya\AppData\Local\Temp\go-build1247343387\b042\_pkg_.a
EOF
cd C:\Users\sanya\Desktop\Dzvinock
"C:\\msys64\\mingw64\\lib\\go\\pkg\\tool\\windows_amd64\\compile.exe" -o "$WORK\\b121\\_pkg_.a" -trimpath "$WORK\\b121=>" -p math/big -lang=go1.27 -std -buildid WBBHWFBxuRScqSCVIPvo/WBBHWFBxuRScqSCVIPvo -goversion go1.27.0 -symabis "$WORK\\b121\\symabis" -c=6 -nolocalimports -importcfg "$WORK\\b121\\importcfg" -pack -asmhdr "$WORK\\b121\\go_asm.h" "C:\\msys64\\mingw64\\lib\\go\\src\\math\\big\\accuracy_string.go" "C:\\msys64\\mingw64\\lib\\go\\src\\math\\big\\arith.go" "C:\\msys64\\mingw64\\lib\\go\\src\\math\\big\\arith_amd64.go" "C:\\msys64\\mingw64\\lib\\go\\src\\math\\big\\arith_decl.go" "C:\\msys64\\mingw64\\lib\\go\\src\\math\\big\\decimal.go" "C:\\msys64\\mingw64\\lib\\go\\src\\math\\big\\doc.go" "C:\\msys64\\mingw64\\lib\\go\\src\\math\\big\\float.go" "C:\\msys64\\mingw64\\lib\\go\\src\\math\\big\\floatconv.go" "C:\\msys64\\mingw64\\lib\\go\\src\\math\\big\\floatmarsh.go" "C:\\msys64\\mingw64\\lib\\go\\src\\math\\big\\ftoa.go" "C:\\msys64\\mingw64\\lib\\go\\src\\math\\big\\int.go" "C:\\msys64\\mingw64\\lib\\go\\src\\math\\big\\intconv.go" "C:\\msys64\\mingw64\\lib\\go\\src\\math\\big\\intmarsh.go" "C:\\msys64\\mingw64\\lib\\go\\src\\math\\big\\nat.go" "C:\\msys64\\mingw64\\lib\\go\\src\\math\\big\\natconv.go" "C:\\msys64\\mingw64\\lib\\go\\src\\math\\big\\natdiv.go" "C:\\msys64\\mingw64\\lib\\go\\src\\math\\big\\natmul.go" "C:\\msys64\\mingw64\\lib\\go\\src\\math\\big\\prime.go" "C:\\msys64\\mingw64\\lib\\go\\src\\math\\big\\rat.go" "C:\\msys64\\mingw64\\lib\\go\\src\\math\\big\\ratconv.go" "C:\\msys64\\mingw64\\lib\\go\\src\\math\\big\\ratmarsh.go" "C:\\msys64\\mingw64\\lib\\go\\src\\math\\big\\roundingmode_string.go" "C:\\msys64\\mingw64\\lib\\go\\src\\math\\big\\sqrt.go"
go tool buildid -w "$WORK\\b136\\_pkg_.a" # internal
cp "$WORK\\b136\\_pkg_.a" "C:\\Users\\sanya\\AppData\\Local\\go-build\\62\\62a4b8df43789879226d7d40d55be912db7b936ff34df80d3a77e836749612d5-d" # internal
mkdir -p $WORK\b139\
crypto/hkdf
cat >C:\Users\sanya\AppData\Local\Temp\go-build1247343387\b139\importcfg << 'EOF' # internal
# import config
packagefile crypto/internal/fips140/hkdf=C:\Users\sanya\AppData\Local\Temp\go-build1247343387\b140\_pkg_.a
packagefile crypto/internal/fips140hash=C:\Users\sanya\AppData\Local\Temp\go-build1247343387\b128\_pkg_.a
packagefile crypto/internal/fips140only=C:\Users\sanya\AppData\Local\Temp\go-build1247343387\b105\_pkg_.a
packagefile errors=C:\Users\sanya\AppData\Local\Temp\go-build1247343387\b003\_pkg_.a
packagefile hash=C:\Users\sanya\AppData\Local\Temp\go-build1247343387\b079\_pkg_.a
EOF
"C:\\msys64\\mingw64\\lib\\go\\pkg\\tool\\windows_amd64\\compile.exe" -o "$WORK\\b139\\_pkg_.a" -trimpath "$WORK\\b139=>" -p crypto/hkdf -lang=go1.27 -std -complete -buildid 13W3COIYFSdu7Zve8ugZ/13W3COIYFSdu7Zve8ugZ -goversion go1.27.0 -c=6 -nolocalimports -importcfg "$WORK\\b139\\importcfg" -pack "C:\\msys64\\mingw64\\lib\\go\\src\\crypto\\hkdf\\hkdf.go"
go tool buildid -w "$WORK\\b240\\_pkg_.a" # internal
go tool buildid -w "$WORK\\b072\\_pkg_.a" # internal
cp "$WORK\\b240\\_pkg_.a" "C:\\Users\\sanya\\AppData\\Local\\go-build\\4d\\4d8f63ce4211d82281198331500fde511cfe8297623ceb4da0fffefb03fa486c-d" # internal
mkdir -p $WORK\b144\
crypto/internal/fips140/mlkem
cat >C:\Users\sanya\AppData\Local\Temp\go-build1247343387\b144\importcfg << 'EOF' # internal
# import config
packagefile bytes=C:\Users\sanya\AppData\Local\Temp\go-build1247343387\b069\_pkg_.a
packagefile crypto/internal/fips140=C:\Users\sanya\AppData\Local\Temp\go-build1247343387\b087\_pkg_.a
packagefile crypto/internal/fips140/check=C:\Users\sanya\AppData\Local\Temp\go-build1247343387\b090\_pkg_.a
packagefile crypto/internal/fips140/drbg=C:\Users\sanya\AppData\Local\Temp\go-build1247343387\b101\_pkg_.a
packagefile crypto/internal/fips140/sha3=C:\Users\sanya\AppData\Local\Temp\go-build1247343387\b096\_pkg_.a
packagefile crypto/internal/fips140/subtle=C:\Users\sanya\AppData\Local\Temp\go-build1247343387\b097\_pkg_.a
packagefile crypto/internal/fips140deps/byteorder=C:\Users\sanya\AppData\Local\Temp\go-build1247343387\b093\_pkg_.a
packagefile errors=C:\Users\sanya\AppData\Local\Temp\go-build1247343387\b003\_pkg_.a
packagefile sync=C:\Users\sanya\AppData\Local\Temp\go-build1247343387\b042\_pkg_.a
EOF
"C:\\msys64\\mingw64\\lib\\go\\pkg\\tool\\windows_amd64\\compile.exe" -o "$WORK\\b144\\_pkg_.a" -trimpath "$WORK\\b144=>" -p crypto/internal/fips140/mlkem -lang=go1.27 -std -complete -buildid vHpWGFVfcOycr2nHFPf9/vHpWGFVfcOycr2nHFPf9 -goversion go1.27.0 -c=6 -nolocalimports -importcfg "$WORK\\b144\\importcfg" -pack "C:\\msys64\\mingw64\\lib\\go\\src\\crypto\\internal\\fips140\\mlkem\\cast.go" "C:\\msys64\\mingw64\\lib\\go\\src\\crypto\\internal\\fips140\\mlkem\\field.go" "C:\\msys64\\mingw64\\lib\\go\\src\\crypto\\internal\\fips140\\mlkem\\mlkem1024.go" "C:\\msys64\\mingw64\\lib\\go\\src\\crypto\\internal\\fips140\\mlkem\\mlkem768.go"
go tool buildid -w "$WORK\\b139\\_pkg_.a" # internal
cp "$WORK\\b139\\_pkg_.a" "C:\\Users\\sanya\\AppData\\Local\\go-build\\c4\\c4d4c24803d2c2930ab506b04431ae70095d1803411069772933d58a42a06a30-d" # internal
mkdir -p $WORK\b153\
crypto/md5
echo -n > $WORK\b153\go_asm.h # internal
cd C:\msys64\mingw64\lib\go\src\crypto\md5
"C:\\msys64\\mingw64\\lib\\go\\pkg\\tool\\windows_amd64\\asm.exe" -p crypto/md5 -trimpath "$WORK\\b153=>" -I "$WORK\\b153\\" -I "C:\\msys64\\mingw64\\lib\\go\\pkg\\include" -D GOOS_windows -D GOARCH_amd64 -std -D GOAMD64_v1 -gensymabis -o "$WORK\\b153\\symabis" "C:\\msys64\\mingw64\\lib\\go\\src\\crypto\\md5\\md5block_amd64.s"
cp "$WORK\\b072\\_pkg_.a" "C:\\Users\\sanya\\AppData\\Local\\go-build\\c0\\c0a1d0bc5df7648ddd30f642bd5aa256016c46814fd7a6d4960dbaa3a6571668-d" # internal
mkdir -p $WORK\b155\
crypto/internal/fips140/mldsa
cat >C:\Users\sanya\AppData\Local\Temp\go-build1247343387\b155\importcfg << 'EOF' # internal
# import config
packagefile bytes=C:\Users\sanya\AppData\Local\Temp\go-build1247343387\b069\_pkg_.a
packagefile crypto/internal/constanttime=C:\Users\sanya\AppData\Local\Temp\go-build1247343387\b098\_pkg_.a
packagefile crypto/internal/fips140=C:\Users\sanya\AppData\Local\Temp\go-build1247343387\b087\_pkg_.a
packagefile crypto/internal/fips140/check=C:\Users\sanya\AppData\Local\Temp\go-build1247343387\b090\_pkg_.a
packagefile crypto/internal/fips140/drbg=C:\Users\sanya\AppData\Local\Temp\go-build1247343387\b101\_pkg_.a
packagefile crypto/internal/fips140/sha256=C:\Users\sanya\AppData\Local\Temp\go-build1247343387\b092\_pkg_.a
packagefile crypto/internal/fips140/sha3=C:\Users\sanya\AppData\Local\Temp\go-build1247343387\b096\_pkg_.a
packagefile crypto/internal/fips140/subtle=C:\Users\sanya\AppData\Local\Temp\go-build1247343387\b097\_pkg_.a
packagefile crypto/internal/fips140deps/byteorder=C:\Users\sanya\AppData\Local\Temp\go-build1247343387\b093\_pkg_.a
packagefile errors=C:\Users\sanya\AppData\Local\Temp\go-build1247343387\b003\_pkg_.a
packagefile math/bits=C:\Users\sanya\AppData\Local\Temp\go-build1247343387\b029\_pkg_.a
packagefile sync=C:\Users\sanya\AppData\Local\Temp\go-build1247343387\b042\_pkg_.a
EOF
cd C:\Users\sanya\Desktop\Dzvinock
"C:\\msys64\\mingw64\\lib\\go\\pkg\\tool\\windows_amd64\\compile.exe" -o "$WORK\\b155\\_pkg_.a" -trimpath "$WORK\\b155=>" -p crypto/internal/fips140/mldsa -lang=go1.27 -std -complete -buildid 2y_Prb00Lj9A-3VAoumT/2y_Prb00Lj9A-3VAoumT -goversion go1.27.0 -c=6 -nolocalimports -importcfg "$WORK\\b155\\importcfg" -pack "C:\\msys64\\mingw64\\lib\\go\\src\\crypto\\internal\\fips140\\mldsa\\cast.go" "C:\\msys64\\mingw64\\lib\\go\\src\\crypto\\internal\\fips140\\mldsa\\field.go" "C:\\msys64\\mingw64\\lib\\go\\src\\crypto\\internal\\fips140\\mldsa\\mldsa.go" "C:\\msys64\\mingw64\\lib\\go\\src\\crypto\\internal\\fips140\\mldsa\\semiexpanded.go"
cd C:\msys64\mingw64\lib\go\src\crypto\internal\fips140\aes\gcm
go tool pack r "$WORK\\b100\\_pkg_.a" "$WORK\\b100\\gcm_amd64.o" # internal
go tool buildid -w "$WORK\\b100\\_pkg_.a" # internal
cat >C:\Users\sanya\AppData\Local\Temp\go-build1247343387\b153\importcfg << 'EOF' # internal
# import config
packagefile crypto=C:\Users\sanya\AppData\Local\Temp\go-build1247343387\b083\_pkg_.a
packagefile crypto/internal/fips140only=C:\Users\sanya\AppData\Local\Temp\go-build1247343387\b105\_pkg_.a
packagefile errors=C:\Users\sanya\AppData\Local\Temp\go-build1247343387\b003\_pkg_.a
packagefile hash=C:\Users\sanya\AppData\Local\Temp\go-build1247343387\b079\_pkg_.a
packagefile internal/byteorder=C:\Users\sanya\AppData\Local\Temp\go-build1247343387\b012\_pkg_.a
packagefile math/bits=C:\Users\sanya\AppData\Local\Temp\go-build1247343387\b029\_pkg_.a
EOF
cd C:\Users\sanya\Desktop\Dzvinock
"C:\\msys64\\mingw64\\lib\\go\\pkg\\tool\\windows_amd64\\compile.exe" -o "$WORK\\b153\\_pkg_.a" -trimpath "$WORK\\b153=>" -p crypto/md5 -lang=go1.27 -std -buildid O2Rzu2ktcYt7VBJrluUy/O2Rzu2ktcYt7VBJrluUy -goversion go1.27.0 -symabis "$WORK\\b153\\symabis" -c=5 -nolocalimports -importcfg "$WORK\\b153\\importcfg" -pack -asmhdr "$WORK\\b153\\go_asm.h" "C:\\msys64\\mingw64\\lib\\go\\src\\crypto\\md5\\md5.go" "C:\\msys64\\mingw64\\lib\\go\\src\\crypto\\md5\\md5block.go" "C:\\msys64\\mingw64\\lib\\go\\src\\crypto\\md5\\md5block_decl.go"
cp "$WORK\\b100\\_pkg_.a" "C:\\Users\\sanya\\AppData\\Local\\go-build\\ca\\caa3436f0a4f3f9e53fe04d93abdf36833409a991c315a7c662b7fbf31e33749-d" # internal
mkdir -p $WORK\b085\
crypto/cipher
cat >C:\Users\sanya\AppData\Local\Temp\go-build1247343387\b085\importcfg << 'EOF' # internal
# import config
packagefile bytes=C:\Users\sanya\AppData\Local\Temp\go-build1247343387\b069\_pkg_.a
packagefile crypto/internal/fips140/aes=C:\Users\sanya\AppData\Local\Temp\go-build1247343387\b086\_pkg_.a
packagefile crypto/internal/fips140/aes/gcm=C:\Users\sanya\AppData\Local\Temp\go-build1247343387\b100\_pkg_.a
packagefile crypto/internal/fips140/alias=C:\Users\sanya\AppData\Local\Temp\go-build1247343387\b089\_pkg_.a
packagefile crypto/internal/fips140only=C:\Users\sanya\AppData\Local\Temp\go-build1247343387\b105\_pkg_.a
packagefile crypto/subtle=C:\Users\sanya\AppData\Local\Temp\go-build1247343387\b107\_pkg_.a
packagefile errors=C:\Users\sanya\AppData\Local\Temp\go-build1247343387\b003\_pkg_.a
packagefile internal/byteorder=C:\Users\sanya\AppData\Local\Temp\go-build1247343387\b012\_pkg_.a
packagefile io=C:\Users\sanya\AppData\Local\Temp\go-build1247343387\b048\_pkg_.a
EOF
"C:\\msys64\\mingw64\\lib\\go\\pkg\\tool\\windows_amd64\\compile.exe" -o "$WORK\\b085\\_pkg_.a" -trimpath "$WORK\\b085=>" -p crypto/cipher -lang=go1.27 -std -complete -buildid -SMTND5dP9PTPhJlT5gN/-SMTND5dP9PTPhJlT5gN -goversion go1.27.0 -c=5 -nolocalimports -importcfg "$WORK\\b085\\importcfg" -pack "C:\\msys64\\mingw64\\lib\\go\\src\\crypto\\cipher\\cbc.go" "C:\\msys64\\mingw64\\lib\\go\\src\\crypto\\cipher\\cfb.go" "C:\\msys64\\mingw64\\lib\\go\\src\\crypto\\cipher\\cipher.go" "C:\\msys64\\mingw64\\lib\\go\\src\\crypto\\cipher\\ctr.go" "C:\\msys64\\mingw64\\lib\\go\\src\\crypto\\cipher\\gcm.go" "C:\\msys64\\mingw64\\lib\\go\\src\\crypto\\cipher\\io.go" "C:\\msys64\\mingw64\\lib\\go\\src\\crypto\\cipher\\ofb.go"
cd C:\msys64\mingw64\lib\go\src\crypto\md5
"C:\\msys64\\mingw64\\lib\\go\\pkg\\tool\\windows_amd64\\asm.exe" -p crypto/md5 -trimpath "$WORK\\b153=>" -I "$WORK\\b153\\" -I "C:\\msys64\\mingw64\\lib\\go\\pkg\\include" -D GOOS_windows -D GOARCH_amd64 -std -D GOAMD64_v1 -o "$WORK\\b153\\md5block_amd64.o" "C:\\msys64\\mingw64\\lib\\go\\src\\crypto\\md5\\md5block_amd64.s"
go tool pack r "$WORK\\b153\\_pkg_.a" "$WORK\\b153\\md5block_amd64.o" # internal
go tool buildid -w "$WORK\\b153\\_pkg_.a" # internal
go tool buildid -w "$WORK\\b291\\_pkg_.a" # internal
go tool buildid -w "$WORK\\b155\\_pkg_.a" # internal
go tool buildid -w "$WORK\\b144\\_pkg_.a" # internal
go tool buildid -w "$WORK\\b085\\_pkg_.a" # internal
cp "$WORK\\b153\\_pkg_.a" "C:\\Users\\sanya\\AppData\\Local\\go-build\\3b\\3be37ab442ae6f5fcaa7675726ed600788454495c106bbb6742dab4f3fce320a-d" # internal
mkdir -p $WORK\b156\
crypto/rc4
cp "$WORK\\b155\\_pkg_.a" "C:\\Users\\sanya\\AppData\\Local\\go-build\\1b\\1b369c0a9a6cba57184500918aeb13432e42dcb34ebd8c140c9049705d80bda7-d" # internal
mkdir -p $WORK\b154\
crypto/mldsa
cd C:\msys64\mingw64\lib\go\src\crypto\internal\fips140\nistec
"C:\\msys64\\mingw64\\lib\\go\\pkg\\tool\\windows_amd64\\asm.exe" -p crypto/internal/fips140/nistec -trimpath "$WORK\\b113=>" -I "$WORK\\b113\\" -I "C:\\msys64\\mingw64\\lib\\go\\pkg\\include" -D GOOS_windows -D GOARCH_amd64 -std -D GOAMD64_v1 -o "$WORK\\b113\\p256_asm_amd64.o" "C:\\msys64\\mingw64\\lib\\go\\src\\crypto\\internal\\fips140\\nistec\\p256_asm_amd64.s"
cat >C:\Users\sanya\AppData\Local\Temp\go-build1247343387\b154\importcfg << 'EOF' # internal
# import config
packagefile crypto=C:\Users\sanya\AppData\Local\Temp\go-build1247343387\b083\_pkg_.a
packagefile crypto/internal/fips140/mldsa=C:\Users\sanya\AppData\Local\Temp\go-build1247343387\b155\_pkg_.a
packagefile errors=C:\Users\sanya\AppData\Local\Temp\go-build1247343387\b003\_pkg_.a
packagefile io=C:\Users\sanya\AppData\Local\Temp\go-build1247343387\b048\_pkg_.a
EOF
cd C:\Users\sanya\Desktop\Dzvinock
"C:\\msys64\\mingw64\\lib\\go\\pkg\\tool\\windows_amd64\\compile.exe" -o "$WORK\\b154\\_pkg_.a" -trimpath "$WORK\\b154=>" -p crypto/mldsa -lang=go1.27 -std -complete -buildid QvQIelyMVbVZNNiSVy5Y/QvQIelyMVbVZNNiSVy5Y -goversion go1.27.0 -c=8 -nolocalimports -importcfg "$WORK\\b154\\importcfg" -pack "C:\\msys64\\mingw64\\lib\\go\\src\\crypto\\mldsa\\mldsa.go" "C:\\msys64\\mingw64\\lib\\go\\src\\crypto\\mldsa\\mldsa_fips140v1.26.go"
cat >C:\Users\sanya\AppData\Local\Temp\go-build1247343387\b156\importcfg << 'EOF' # internal
# import config
packagefile crypto/internal/fips140/alias=C:\Users\sanya\AppData\Local\Temp\go-build1247343387\b089\_pkg_.a
packagefile crypto/internal/fips140only=C:\Users\sanya\AppData\Local\Temp\go-build1247343387\b105\_pkg_.a
packagefile errors=C:\Users\sanya\AppData\Local\Temp\go-build1247343387\b003\_pkg_.a
packagefile strconv=C:\Users\sanya\AppData\Local\Temp\go-build1247343387\b040\_pkg_.a
EOF
"C:\\msys64\\mingw64\\lib\\go\\pkg\\tool\\windows_amd64\\compile.exe" -o "$WORK\\b156\\_pkg_.a" -trimpath "$WORK\\b156=>" -p crypto/rc4 -lang=go1.27 -std -complete -buildid 6j1CiaGmEcxa-5W9X8Oq/6j1CiaGmEcxa-5W9X8Oq -goversion go1.27.0 -c=6 -nolocalimports -importcfg "$WORK\\b156\\importcfg" -pack "C:\\msys64\\mingw64\\lib\\go\\src\\crypto\\rc4\\rc4.go"
go tool buildid -w "$WORK\\b075\\_pkg_.a" # internal
cp "$WORK\\b144\\_pkg_.a" "C:\\Users\\sanya\\AppData\\Local\\go-build\\1e\\1ef88899cadd591835e65aadf655adf45176d5985ab989e01762a7a8ecda34cb-d" # internal
mkdir -p $WORK\b143\
crypto/mlkem
cat >C:\Users\sanya\AppData\Local\Temp\go-build1247343387\b143\importcfg << 'EOF' # internal
# import config
packagefile crypto=C:\Users\sanya\AppData\Local\Temp\go-build1247343387\b083\_pkg_.a
packagefile crypto/internal/fips140/mlkem=C:\Users\sanya\AppData\Local\Temp\go-build1247343387\b144\_pkg_.a
EOF
"C:\\msys64\\mingw64\\lib\\go\\pkg\\tool\\windows_amd64\\compile.exe" -o "$WORK\\b143\\_pkg_.a" -trimpath "$WORK\\b143=>" -p crypto/mlkem -lang=go1.27 -std -complete -buildid obsMdfN4c55WeHRNwMm3/obsMdfN4c55WeHRNwMm3 -goversion go1.27.0 -c=6 -nolocalimports -importcfg "$WORK\\b143\\importcfg" -pack "C:\\msys64\\mingw64\\lib\\go\\src\\crypto\\mlkem\\mlkem.go"
cp "$WORK\\b075\\_pkg_.a" "C:\\Users\\sanya\\AppData\\Local\\go-build\\ac\\ac9e1f74f91123f1ba1b02851f754b55bb03ee821daf248bf81a96e002ac0703-d" # internal
mkdir -p $WORK\b076\
compress/gzip
cat >C:\Users\sanya\AppData\Local\Temp\go-build1247343387\b076\importcfg << 'EOF' # internal
# import config
packagefile bufio=C:\Users\sanya\AppData\Local\Temp\go-build1247343387\b068\_pkg_.a
packagefile compress/flate=C:\Users\sanya\AppData\Local\Temp\go-build1247343387\b075\_pkg_.a
packagefile encoding/binary=C:\Users\sanya\AppData\Local\Temp\go-build1247343387\b077\_pkg_.a
packagefile errors=C:\Users\sanya\AppData\Local\Temp\go-build1247343387\b003\_pkg_.a
packagefile fmt=C:\Users\sanya\AppData\Local\Temp\go-build1247343387\b002\_pkg_.a
packagefile hash/crc32=C:\Users\sanya\AppData\Local\Temp\go-build1247343387\b078\_pkg_.a
packagefile io=C:\Users\sanya\AppData\Local\Temp\go-build1247343387\b048\_pkg_.a
packagefile time=C:\Users\sanya\AppData\Local\Temp\go-build1247343387\b059\_pkg_.a
EOF
"C:\\msys64\\mingw64\\lib\\go\\pkg\\tool\\windows_amd64\\compile.exe" -o "$WORK\\b076\\_pkg_.a" -trimpath "$WORK\\b076=>" -p compress/gzip -lang=go1.27 -std -complete -buildid LhiHjQzO7PMoj0uIfJ19/LhiHjQzO7PMoj0uIfJ19 -goversion go1.27.0 -c=5 -nolocalimports -importcfg "$WORK\\b076\\importcfg" -pack "C:\\msys64\\mingw64\\lib\\go\\src\\compress\\gzip\\gunzip.go" "C:\\msys64\\mingw64\\lib\\go\\src\\compress\\gzip\\gzip.go"
cp "$WORK\\b291\\_pkg_.a" "C:\\Users\\sanya\\AppData\\Local\\go-build\\cc\\cce5ba0c6b1dc47ba2f2ba88938aa3fdf13a5cef610b8d0e833d6c50cdf39431-d" # internal
mkdir -p $WORK\b158\
crypto/internal/fips140/rsa
cat >C:\Users\sanya\AppData\Local\Temp\go-build1247343387\b158\importcfg << 'EOF' # internal
# import config
packagefile bytes=C:\Users\sanya\AppData\Local\Temp\go-build1247343387\b069\_pkg_.a
packagefile crypto/internal/constanttime=C:\Users\sanya\AppData\Local\Temp\go-build1247343387\b098\_pkg_.a
packagefile crypto/internal/fips140=C:\Users\sanya\AppData\Local\Temp\go-build1247343387\b087\_pkg_.a
packagefile crypto/internal/fips140/bigmod=C:\Users\sanya\AppData\Local\Temp\go-build1247343387\b125\_pkg_.a
packagefile crypto/internal/fips140/check=C:\Users\sanya\AppData\Local\Temp\go-build1247343387\b090\_pkg_.a
packagefile crypto/internal/fips140/drbg=C:\Users\sanya\AppData\Local\Temp\go-build1247343387\b101\_pkg_.a
packagefile crypto/internal/fips140/sha256=C:\Users\sanya\AppData\Local\Temp\go-build1247343387\b092\_pkg_.a
packagefile crypto/internal/fips140/sha3=C:\Users\sanya\AppData\Local\Temp\go-build1247343387\b096\_pkg_.a
packagefile crypto/internal/fips140/sha512=C:\Users\sanya\AppData\Local\Temp\go-build1247343387\b099\_pkg_.a
packagefile crypto/internal/fips140/subtle=C:\Users\sanya\AppData\Local\Temp\go-build1247343387\b097\_pkg_.a
packagefile errors=C:\Users\sanya\AppData\Local\Temp\go-build1247343387\b003\_pkg_.a
packagefile hash=C:\Users\sanya\AppData\Local\Temp\go-build1247343387\b079\_pkg_.a
packagefile io=C:\Users\sanya\AppData\Local\Temp\go-build1247343387\b048\_pkg_.a
packagefile sync=C:\Users\sanya\AppData\Local\Temp\go-build1247343387\b042\_pkg_.a
EOF
"C:\\msys64\\mingw64\\lib\\go\\pkg\\tool\\windows_amd64\\compile.exe" -o "$WORK\\b158\\_pkg_.a" -trimpath "$WORK\\b158=>" -p crypto/internal/fips140/rsa -lang=go1.27 -std -complete -buildid bty9uM0sdgH7GAwS4JaU/bty9uM0sdgH7GAwS4JaU -goversion go1.27.0 -c=4 -nolocalimports -importcfg "$WORK\\b158\\importcfg" -pack "C:\\msys64\\mingw64\\lib\\go\\src\\crypto\\internal\\fips140\\rsa\\cast.go" "C:\\msys64\\mingw64\\lib\\go\\src\\crypto\\internal\\fips140\\rsa\\keygen.go" "C:\\msys64\\mingw64\\lib\\go\\src\\crypto\\internal\\fips140\\rsa\\largeexponent.go" "C:\\msys64\\mingw64\\lib\\go\\src\\crypto\\internal\\fips140\\rsa\\pkcs1v15.go" "C:\\msys64\\mingw64\\lib\\go\\src\\crypto\\internal\\fips140\\rsa\\pkcs1v22.go" "C:\\msys64\\mingw64\\lib\\go\\src\\crypto\\internal\\fips140\\rsa\\rsa.go"
cd C:\msys64\mingw64\lib\go\src\crypto\internal\fips140\nistec
go tool pack r "$WORK\\b113\\_pkg_.a" "$WORK\\b113\\p256_asm_amd64.o" # internal
go tool buildid -w "$WORK\\b113\\_pkg_.a" # internal
go tool buildid -w "$WORK\\b156\\_pkg_.a" # internal
cp "$WORK\\b085\\_pkg_.a" "C:\\Users\\sanya\\AppData\\Local\\go-build\\c4\\c4e8909148737a839e880174b21d88203cbc4cc9d9a1d98a4ed1115ffe23b579-d" # internal
mkdir -p $WORK\b108\
crypto/internal/boring
cat >C:\Users\sanya\AppData\Local\Temp\go-build1247343387\b108\importcfg << 'EOF' # internal
# import config
packagefile crypto=C:\Users\sanya\AppData\Local\Temp\go-build1247343387\b083\_pkg_.a
packagefile crypto/cipher=C:\Users\sanya\AppData\Local\Temp\go-build1247343387\b085\_pkg_.a
packagefile crypto/internal/boring/sig=C:\Users\sanya\AppData\Local\Temp\go-build1247343387\b109\_pkg_.a
packagefile hash=C:\Users\sanya\AppData\Local\Temp\go-build1247343387\b079\_pkg_.a
EOF
cd C:\Users\sanya\Desktop\Dzvinock
"C:\\msys64\\mingw64\\lib\\go\\pkg\\tool\\windows_amd64\\compile.exe" -o "$WORK\\b108\\_pkg_.a" -trimpath "$WORK\\b108=>" -p crypto/internal/boring -lang=go1.27 -std -complete -buildid eNOgyZRG7iri3UKE0v1h/eNOgyZRG7iri3UKE0v1h -goversion go1.27.0 -c=5 -nolocalimports -importcfg "$WORK\\b108\\importcfg" -pack "C:\\msys64\\mingw64\\lib\\go\\src\\crypto\\internal\\boring\\doc.go" "C:\\msys64\\mingw64\\lib\\go\\src\\crypto\\internal\\boring\\notboring.go"
go tool buildid -w "$WORK\\b143\\_pkg_.a" # internal
cp "$WORK\\b156\\_pkg_.a" "C:\\Users\\sanya\\AppData\\Local\\go-build\\95\\95e8031a6afded2664b3dde73130b187955324bc1c4ea8ec46220d988167c704-d" # internal
mkdir -p $WORK\b110\
crypto/des
cat >C:\Users\sanya\AppData\Local\Temp\go-build1247343387\b110\importcfg << 'EOF' # internal
# import config
packagefile crypto/cipher=C:\Users\sanya\AppData\Local\Temp\go-build1247343387\b085\_pkg_.a
packagefile crypto/internal/fips140/alias=C:\Users\sanya\AppData\Local\Temp\go-build1247343387\b089\_pkg_.a
packagefile crypto/internal/fips140only=C:\Users\sanya\AppData\Local\Temp\go-build1247343387\b105\_pkg_.a
packagefile errors=C:\Users\sanya\AppData\Local\Temp\go-build1247343387\b003\_pkg_.a
packagefile internal/byteorder=C:\Users\sanya\AppData\Local\Temp\go-build1247343387\b012\_pkg_.a
packagefile strconv=C:\Users\sanya\AppData\Local\Temp\go-build1247343387\b040\_pkg_.a
packagefile sync=C:\Users\sanya\AppData\Local\Temp\go-build1247343387\b042\_pkg_.a
EOF
"C:\\msys64\\mingw64\\lib\\go\\pkg\\tool\\windows_amd64\\compile.exe" -o "$WORK\\b110\\_pkg_.a" -trimpath "$WORK\\b110=>" -p crypto/des -lang=go1.27 -std -complete -buildid w-5h2tAeyBQVIpX14_fG/w-5h2tAeyBQVIpX14_fG -goversion go1.27.0 -c=6 -nolocalimports -importcfg "$WORK\\b110\\importcfg" -pack "C:\\msys64\\mingw64\\lib\\go\\src\\crypto\\des\\block.go" "C:\\msys64\\mingw64\\lib\\go\\src\\crypto\\des\\cipher.go" "C:\\msys64\\mingw64\\lib\\go\\src\\crypto\\des\\const.go"
cp "$WORK\\b143\\_pkg_.a" "C:\\Users\\sanya\\AppData\\Local\\go-build\\9b\\9bb47418dad2466e4908b3672f96e342c145533da7d8c4500a3f3b41a3981796-d" # internal
mkdir -p $WORK\b147\
vendor/golang.org/x/crypto/chacha20
cat >C:\Users\sanya\AppData\Local\Temp\go-build1247343387\b147\importcfg << 'EOF' # internal
# import config
importmap golang.org/x/crypto/internal/alias=vendor/golang.org/x/crypto/internal/alias
packagefile crypto/cipher=C:\Users\sanya\AppData\Local\Temp\go-build1247343387\b085\_pkg_.a
packagefile encoding/binary=C:\Users\sanya\AppData\Local\Temp\go-build1247343387\b077\_pkg_.a
packagefile errors=C:\Users\sanya\AppData\Local\Temp\go-build1247343387\b003\_pkg_.a
packagefile vendor/golang.org/x/crypto/internal/alias=C:\Users\sanya\AppData\Local\Temp\go-build1247343387\b148\_pkg_.a
packagefile math/bits=C:\Users\sanya\AppData\Local\Temp\go-build1247343387\b029\_pkg_.a
packagefile runtime=C:\Users\sanya\AppData\Local\Temp\go-build1247343387\b009\_pkg_.a
EOF
"C:\\msys64\\mingw64\\lib\\go\\pkg\\tool\\windows_amd64\\compile.exe" -o "$WORK\\b147\\_pkg_.a" -trimpath "$WORK\\b147=>" -p vendor/golang.org/x/crypto/chacha20 -lang=go1.27 -std -complete -buildid 0VcWPdKyEu3-QkJ8dpTb/0VcWPdKyEu3-QkJ8dpTb -goversion go1.27.0 -c=5 -nolocalimports -importcfg "$WORK\\b147\\importcfg" -pack "C:\\msys64\\mingw64\\lib\\go\\src\\vendor\\golang.org\\x\\crypto\\chacha20\\chacha_generic.go" "C:\\msys64\\mingw64\\lib\\go\\src\\vendor\\golang.org\\x\\crypto\\chacha20\\chacha_noasm.go" "C:\\msys64\\mingw64\\lib\\go\\src\\vendor\\golang.org\\x\\crypto\\chacha20\\xor.go"
cp "$WORK\\b113\\_pkg_.a" "C:\\Users\\sanya\\AppData\\Local\\go-build\\4a\\4af7c6211dde0d961152b1ba6427f46b7bdc8fd177a66cccb8ca3acad40da1f6-d" # internal
mkdir -p $WORK\b112\
crypto/internal/fips140/ecdh
go tool buildid -w "$WORK\\b154\\_pkg_.a" # internal
cat >C:\Users\sanya\AppData\Local\Temp\go-build1247343387\b112\importcfg << 'EOF' # internal
# import config
packagefile bytes=C:\Users\sanya\AppData\Local\Temp\go-build1247343387\b069\_pkg_.a
packagefile crypto/internal/fips140=C:\Users\sanya\AppData\Local\Temp\go-build1247343387\b087\_pkg_.a
packagefile crypto/internal/fips140/check=C:\Users\sanya\AppData\Local\Temp\go-build1247343387\b090\_pkg_.a
packagefile crypto/internal/fips140/drbg=C:\Users\sanya\AppData\Local\Temp\go-build1247343387\b101\_pkg_.a
packagefile crypto/internal/fips140/nistec=C:\Users\sanya\AppData\Local\Temp\go-build1247343387\b113\_pkg_.a
packagefile crypto/internal/fips140deps/byteorder=C:\Users\sanya\AppData\Local\Temp\go-build1247343387\b093\_pkg_.a
packagefile errors=C:\Users\sanya\AppData\Local\Temp\go-build1247343387\b003\_pkg_.a
packagefile io=C:\Users\sanya\AppData\Local\Temp\go-build1247343387\b048\_pkg_.a
packagefile math/bits=C:\Users\sanya\AppData\Local\Temp\go-build1247343387\b029\_pkg_.a
packagefile sync=C:\Users\sanya\AppData\Local\Temp\go-build1247343387\b042\_pkg_.a
EOF
"C:\\msys64\\mingw64\\lib\\go\\pkg\\tool\\windows_amd64\\compile.exe" -o "$WORK\\b112\\_pkg_.a" -trimpath "$WORK\\b112=>" -p crypto/internal/fips140/ecdh -lang=go1.27 -std -complete -buildid yVp5HnmyHTWgKOZfqyq_/yVp5HnmyHTWgKOZfqyq_ -goversion go1.27.0 -c=6 -nolocalimports -importcfg "$WORK\\b112\\importcfg" -pack "C:\\msys64\\mingw64\\lib\\go\\src\\crypto\\internal\\fips140\\ecdh\\cast.go" "C:\\msys64\\mingw64\\lib\\go\\src\\crypto\\internal\\fips140\\ecdh\\ecdh.go"
cp "$WORK\\b154\\_pkg_.a" "C:\\Users\\sanya\\AppData\\Local\\go-build\\af\\af08e0b851072b4317c92c03b8dc734d16f7c704c171d0bcfa04c24a3fa9d05a-d" # internal
go tool buildid -w "$WORK\\b076\\_pkg_.a" # internal
go tool buildid -w "$WORK\\b108\\_pkg_.a" # internal
go tool buildid -w "$WORK\\b112\\_pkg_.a" # internal
cp "$WORK\\b112\\_pkg_.a" "C:\\Users\\sanya\\AppData\\Local\\go-build\\b1\\b1335d026bc0a3ce5fab3de1310c54786826f5bff7adcfa6ac941985cae1c7dc-d" # internal
mkdir -p $WORK\b164\
encoding/hex
cat >C:\Users\sanya\AppData\Local\Temp\go-build1247343387\b164\importcfg << 'EOF' # internal
# import config
packagefile errors=C:\Users\sanya\AppData\Local\Temp\go-build1247343387\b003\_pkg_.a
packagefile fmt=C:\Users\sanya\AppData\Local\Temp\go-build1247343387\b002\_pkg_.a
packagefile io=C:\Users\sanya\AppData\Local\Temp\go-build1247343387\b048\_pkg_.a
packagefile slices=C:\Users\sanya\AppData\Local\Temp\go-build1247343387\b047\_pkg_.a
packagefile strings=C:\Users\sanya\AppData\Local\Temp\go-build1247343387\b070\_pkg_.a
EOF
go tool buildid -w "$WORK\\b110\\_pkg_.a" # internal
"C:\\msys64\\mingw64\\lib\\go\\pkg\\tool\\windows_amd64\\compile.exe" -o "$WORK\\b164\\_pkg_.a" -trimpath "$WORK\\b164=>" -p encoding/hex -lang=go1.27 -std -complete -buildid Ne-rywdLxKQpGyX2VOQF/Ne-rywdLxKQpGyX2VOQF -goversion go1.27.0 -c=7 -nolocalimports -importcfg "$WORK\\b164\\importcfg" -pack "C:\\msys64\\mingw64\\lib\\go\\src\\encoding\\hex\\hex.go"
cp "$WORK\\b076\\_pkg_.a" "C:\\Users\\sanya\\AppData\\Local\\go-build\\58\\5806aa0ca0e82ef23a56ba4004c42750d16a766f67242c9f2962e4bd41aaa1a1-d" # internal
cp "$WORK\\b108\\_pkg_.a" "C:\\Users\\sanya\\AppData\\Local\\go-build\\19\\19d9b5b3d177ece72405771bcd30c063a2dd17da9a1f54a508ac85895997de4c-d" # internal
mkdir -p $WORK\b084\
crypto/aes
mkdir -p $WORK\b124\
cat >C:\Users\sanya\AppData\Local\Temp\go-build1247343387\b084\importcfg << 'EOF' # internal
# import config
packagefile crypto/cipher=C:\Users\sanya\AppData\Local\Temp\go-build1247343387\b085\_pkg_.a
packagefile crypto/internal/boring=C:\Users\sanya\AppData\Local\Temp\go-build1247343387\b108\_pkg_.a
packagefile crypto/internal/fips140/aes=C:\Users\sanya\AppData\Local\Temp\go-build1247343387\b086\_pkg_.a
packagefile strconv=C:\Users\sanya\AppData\Local\Temp\go-build1247343387\b040\_pkg_.a
EOF
"C:\\msys64\\mingw64\\lib\\go\\pkg\\tool\\windows_amd64\\compile.exe" -o "$WORK\\b084\\_pkg_.a" -trimpath "$WORK\\b084=>" -p crypto/aes -lang=go1.27 -std -complete -buildid mk_KrYI8qenzrlBNnePQ/mk_KrYI8qenzrlBNnePQ -goversion go1.27.0 -c=7 -nolocalimports -importcfg "$WORK\\b084\\importcfg" -pack "C:\\msys64\\mingw64\\lib\\go\\src\\crypto\\aes\\aes.go"
mkdir -p $WORK\b116\
crypto/internal/rand
cp "$WORK\\b110\\_pkg_.a" "C:\\Users\\sanya\\AppData\\Local\\go-build\\61\\6122c154d6c8fac805dbda262ba623893f7bf359082733fb5b947c83d78c371c-d" # internal
crypto/internal/fips140/ecdsa
cd C:\msys64\mingw64\lib\go\src\math\big
"C:\\msys64\\mingw64\\lib\\go\\pkg\\tool\\windows_amd64\\asm.exe" -p math/big -trimpath "$WORK\\b121=>" -I "$WORK\\b121\\" -I "C:\\msys64\\mingw64\\lib\\go\\pkg\\include" -D GOOS_windows -D GOARCH_amd64 -std -D GOAMD64_v1 -o "$WORK\\b121\\arith_amd64.o" "C:\\msys64\\mingw64\\lib\\go\\src\\math\\big\\arith_amd64.s"
cat >C:\Users\sanya\AppData\Local\Temp\go-build1247343387\b124\importcfg << 'EOF' # internal
# import config
packagefile bytes=C:\Users\sanya\AppData\Local\Temp\go-build1247343387\b069\_pkg_.a
packagefile crypto/internal/fips140=C:\Users\sanya\AppData\Local\Temp\go-build1247343387\b087\_pkg_.a
packagefile crypto/internal/fips140/bigmod=C:\Users\sanya\AppData\Local\Temp\go-build1247343387\b125\_pkg_.a
packagefile crypto/internal/fips140/check=C:\Users\sanya\AppData\Local\Temp\go-build1247343387\b090\_pkg_.a
packagefile crypto/internal/fips140/drbg=C:\Users\sanya\AppData\Local\Temp\go-build1247343387\b101\_pkg_.a
packagefile crypto/internal/fips140/hmac=C:\Users\sanya\AppData\Local\Temp\go-build1247343387\b091\_pkg_.a
packagefile crypto/internal/fips140/nistec=C:\Users\sanya\AppData\Local\Temp\go-build1247343387\b113\_pkg_.a
packagefile crypto/internal/fips140/sha512=C:\Users\sanya\AppData\Local\Temp\go-build1247343387\b099\_pkg_.a
packagefile errors=C:\Users\sanya\AppData\Local\Temp\go-build1247343387\b003\_pkg_.a
packagefile hash=C:\Users\sanya\AppData\Local\Temp\go-build1247343387\b079\_pkg_.a
packagefile io=C:\Users\sanya\AppData\Local\Temp\go-build1247343387\b048\_pkg_.a
packagefile math/bits=C:\Users\sanya\AppData\Local\Temp\go-build1247343387\b029\_pkg_.a
packagefile sync=C:\Users\sanya\AppData\Local\Temp\go-build1247343387\b042\_pkg_.a
EOF
cd C:\Users\sanya\Desktop\Dzvinock
"C:\\msys64\\mingw64\\lib\\go\\pkg\\tool\\windows_amd64\\compile.exe" -o "$WORK\\b124\\_pkg_.a" -trimpath "$WORK\\b124=>" -p crypto/internal/fips140/ecdsa -lang=go1.27 -std -complete -buildid 7YFV4ctY5Eir1uPna0Ej/7YFV4ctY5Eir1uPna0Ej -goversion go1.27.0 -c=6 -nolocalimports -importcfg "$WORK\\b124\\importcfg" -pack "C:\\msys64\\mingw64\\lib\\go\\src\\crypto\\internal\\fips140\\ecdsa\\cast.go" "C:\\msys64\\mingw64\\lib\\go\\src\\crypto\\internal\\fips140\\ecdsa\\ecdsa.go" "C:\\msys64\\mingw64\\lib\\go\\src\\crypto\\internal\\fips140\\ecdsa\\ecdsa_noasm.go" "C:\\msys64\\mingw64\\lib\\go\\src\\crypto\\internal\\fips140\\ecdsa\\hmacdrbg.go"
cat >C:\Users\sanya\AppData\Local\Temp\go-build1247343387\b116\importcfg << 'EOF' # internal
# import config
packagefile crypto/internal/boring=C:\Users\sanya\AppData\Local\Temp\go-build1247343387\b108\_pkg_.a
packagefile crypto/internal/fips140/drbg=C:\Users\sanya\AppData\Local\Temp\go-build1247343387\b101\_pkg_.a
packagefile crypto/internal/randutil=C:\Users\sanya\AppData\Local\Temp\go-build1247343387\b117\_pkg_.a
packagefile internal/godebug=C:\Users\sanya\AppData\Local\Temp\go-build1247343387\b061\_pkg_.a
packagefile io=C:\Users\sanya\AppData\Local\Temp\go-build1247343387\b048\_pkg_.a
EOF
"C:\\msys64\\mingw64\\lib\\go\\pkg\\tool\\windows_amd64\\compile.exe" -o "$WORK\\b116\\_pkg_.a" -trimpath "$WORK\\b116=>" -p crypto/internal/rand -lang=go1.27 -std -complete -buildid zzMCC5V1ql0EdHJPcGIK/zzMCC5V1ql0EdHJPcGIK -goversion go1.27.0 -c=5 -nolocalimports -importcfg "$WORK\\b116\\importcfg" -pack "C:\\msys64\\mingw64\\lib\\go\\src\\crypto\\internal\\rand\\rand.go" "C:\\msys64\\mingw64\\lib\\go\\src\\crypto\\internal\\rand\\rand_fips140v1.26.go" "C:\\msys64\\mingw64\\lib\\go\\src\\crypto\\internal\\rand\\random_fips140v1.28.go"
go tool buildid -w "$WORK\\b147\\_pkg_.a" # internal
go tool buildid -w "$WORK\\b164\\_pkg_.a" # internal
go tool buildid -w "$WORK\\b084\\_pkg_.a" # internal
mkdir -p $WORK\b168\
mkdir -p $WORK\b130\
crypto/sha512
cat >C:\Users\sanya\AppData\Local\Temp\go-build1247343387\b130\importcfg << 'EOF' # internal
# import config
packagefile crypto=C:\Users\sanya\AppData\Local\Temp\go-build1247343387\b083\_pkg_.a
packagefile crypto/internal/boring=C:\Users\sanya\AppData\Local\Temp\go-build1247343387\b108\_pkg_.a
packagefile crypto/internal/fips140/sha512=C:\Users\sanya\AppData\Local\Temp\go-build1247343387\b099\_pkg_.a
packagefile hash=C:\Users\sanya\AppData\Local\Temp\go-build1247343387\b079\_pkg_.a
EOF
"C:\\msys64\\mingw64\\lib\\go\\pkg\\tool\\windows_amd64\\compile.exe" -o "$WORK\\b130\\_pkg_.a" -trimpath "$WORK\\b130=>" -p crypto/sha512 -lang=go1.27 -std -complete -buildid wAOIn_cD0B_-cEsku6Vo/wAOIn_cD0B_-cEsku6Vo -goversion go1.27.0 -c=8 -nolocalimports -importcfg "$WORK\\b130\\importcfg" -pack "C:\\msys64\\mingw64\\lib\\go\\src\\crypto\\sha512\\sha512.go"
cp "$WORK\\b164\\_pkg_.a" "C:\\Users\\sanya\\AppData\\Local\\go-build\\8e\\8e826d9759b603faf21bc653228e378399e436b82212ddbfe1d8c752fdf5a95d-d" # internal
mkdir -p $WORK\b141\
crypto/hmac
cp "$WORK\\b084\\_pkg_.a" "C:\\Users\\sanya\\AppData\\Local\\go-build\\96\\966170f931ee4bc33d9a294854d72f0692d1b792b884034466ff566a267ffd9a-d" # internal
mkdir -p $WORK\b145\
cat >C:\Users\sanya\AppData\Local\Temp\go-build1247343387\b141\importcfg << 'EOF' # internal
# import config
packagefile crypto/internal/boring=C:\Users\sanya\AppData\Local\Temp\go-build1247343387\b108\_pkg_.a
packagefile crypto/internal/fips140/hmac=C:\Users\sanya\AppData\Local\Temp\go-build1247343387\b091\_pkg_.a
packagefile crypto/internal/fips140hash=C:\Users\sanya\AppData\Local\Temp\go-build1247343387\b128\_pkg_.a
packagefile crypto/internal/fips140only=C:\Users\sanya\AppData\Local\Temp\go-build1247343387\b105\_pkg_.a
packagefile crypto/subtle=C:\Users\sanya\AppData\Local\Temp\go-build1247343387\b107\_pkg_.a
packagefile hash=C:\Users\sanya\AppData\Local\Temp\go-build1247343387\b079\_pkg_.a
EOF
crypto/sha256
"C:\\msys64\\mingw64\\lib\\go\\pkg\\tool\\windows_amd64\\compile.exe" -o "$WORK\\b141\\_pkg_.a" -trimpath "$WORK\\b141=>" -p crypto/hmac -lang=go1.27 -std -complete -buildid TvxtVYWVBWi5_wXEhxLa/TvxtVYWVBWi5_wXEhxLa -goversion go1.27.0 -c=6 -nolocalimports -importcfg "$WORK\\b141\\importcfg" -pack "C:\\msys64\\mingw64\\lib\\go\\src\\crypto\\hmac\\hmac.go"
cp "$WORK\\b147\\_pkg_.a" "C:\\Users\\sanya\\AppData\\Local\\go-build\\bf\\bfbf1c02c8b33c3546d68b28393a2ac6de25dc6e6b131bb364573523e9bd28ea-d" # internal
mkdir -p $WORK\b146\
cd C:\msys64\mingw64\lib\go\src\math\big
go tool pack r "$WORK\\b121\\_pkg_.a" "$WORK\\b121\\arith_amd64.o" # internal
vendor/golang.org/x/crypto/chacha20poly1305
go tool buildid -w "$WORK\\b121\\_pkg_.a" # internal
cat >C:\Users\sanya\AppData\Local\Temp\go-build1247343387\b145\importcfg << 'EOF' # internal
# import config
packagefile crypto=C:\Users\sanya\AppData\Local\Temp\go-build1247343387\b083\_pkg_.a
packagefile crypto/internal/boring=C:\Users\sanya\AppData\Local\Temp\go-build1247343387\b108\_pkg_.a
packagefile crypto/internal/fips140/sha256=C:\Users\sanya\AppData\Local\Temp\go-build1247343387\b092\_pkg_.a
packagefile hash=C:\Users\sanya\AppData\Local\Temp\go-build1247343387\b079\_pkg_.a
EOF
cd C:\Users\sanya\Desktop\Dzvinock
"C:\\msys64\\mingw64\\lib\\go\\pkg\\tool\\windows_amd64\\compile.exe" -o "$WORK\\b145\\_pkg_.a" -trimpath "$WORK\\b145=>" -p crypto/sha256 -lang=go1.27 -std -complete -buildid VLJr0U9IWgtFKyonbds9/VLJr0U9IWgtFKyonbds9 -goversion go1.27.0 -c=5 -nolocalimports -importcfg "$WORK\\b145\\importcfg" -pack "C:\\msys64\\mingw64\\lib\\go\\src\\crypto\\sha256\\sha256.go"
echo -n > $WORK\b146\go_asm.h # internal
cd C:\msys64\mingw64\lib\go\src\vendor\golang.org\x\crypto\chacha20poly1305
"C:\\msys64\\mingw64\\lib\\go\\pkg\\tool\\windows_amd64\\asm.exe" -p vendor/golang.org/x/crypto/chacha20poly1305 -trimpath "$WORK\\b146=>" -I "$WORK\\b146\\" -I "C:\\msys64\\mingw64\\lib\\go\\pkg\\include" -D GOOS_windows -D GOARCH_amd64 -std -D GOAMD64_v1 -gensymabis -o "$WORK\\b146\\symabis" "C:\\msys64\\mingw64\\lib\\go\\src\\vendor\\golang.org\\x\\crypto\\chacha20poly1305\\chacha20poly1305_amd64.s"
go tool buildid -w "$WORK\\b116\\_pkg_.a" # internal
go tool buildid -w "$WORK\\b124\\_pkg_.a" # internal
go tool buildid -w "$WORK\\b130\\_pkg_.a" # internal
cp "$WORK\\b116\\_pkg_.a" "C:\\Users\\sanya\\AppData\\Local\\go-build\\05\\05a4640c922244cbf3b0a0e7203121226202e6afae8e8196ed4ba4d16e3e31d0-d" # internal
mkdir -p $WORK\b111\
crypto/ecdh
cat >C:\Users\sanya\AppData\Local\Temp\go-build1247343387\b111\importcfg << 'EOF' # internal
# import config
packagefile bytes=C:\Users\sanya\AppData\Local\Temp\go-build1247343387\b069\_pkg_.a
packagefile crypto=C:\Users\sanya\AppData\Local\Temp\go-build1247343387\b083\_pkg_.a
packagefile crypto/internal/boring=C:\Users\sanya\AppData\Local\Temp\go-build1247343387\b108\_pkg_.a
packagefile crypto/internal/fips140/ecdh=C:\Users\sanya\AppData\Local\Temp\go-build1247343387\b112\_pkg_.a
packagefile crypto/internal/fips140/edwards25519/field=C:\Users\sanya\AppData\Local\Temp\go-build1247343387\b115\_pkg_.a
packagefile crypto/internal/fips140only=C:\Users\sanya\AppData\Local\Temp\go-build1247343387\b105\_pkg_.a
packagefile crypto/internal/rand=C:\Users\sanya\AppData\Local\Temp\go-build1247343387\b116\_pkg_.a
packagefile crypto/subtle=C:\Users\sanya\AppData\Local\Temp\go-build1247343387\b107\_pkg_.a
packagefile errors=C:\Users\sanya\AppData\Local\Temp\go-build1247343387\b003\_pkg_.a
packagefile io=C:\Users\sanya\AppData\Local\Temp\go-build1247343387\b048\_pkg_.a
EOF
cd C:\Users\sanya\Desktop\Dzvinock
"C:\\msys64\\mingw64\\lib\\go\\pkg\\tool\\windows_amd64\\compile.exe" -o "$WORK\\b111\\_pkg_.a" -trimpath "$WORK\\b111=>" -p crypto/ecdh -lang=go1.27 -std -complete -buildid vkSEoSa8mZdl3qxW4KhG/vkSEoSa8mZdl3qxW4KhG -goversion go1.27.0 -c=8 -nolocalimports -importcfg "$WORK\\b111\\importcfg" -pack "C:\\msys64\\mingw64\\lib\\go\\src\\crypto\\ecdh\\ecdh.go" "C:\\msys64\\mingw64\\lib\\go\\src\\crypto\\ecdh\\nist.go" "C:\\msys64\\mingw64\\lib\\go\\src\\crypto\\ecdh\\x25519.go"
go tool buildid -w "$WORK\\b158\\_pkg_.a" # internal
go tool buildid -w "$WORK\\b141\\_pkg_.a" # internal
cp "$WORK\\b130\\_pkg_.a" "C:\\Users\\sanya\\AppData\\Local\\go-build\\ca\\cab0857d6f805b3983397cd5acd676f4c932be3cc225b8615854104503df5dbc-d" # internal
mkdir -p $WORK\b159\
crypto/sha1
cp "$WORK\\b124\\_pkg_.a" "C:\\Users\\sanya\\AppData\\Local\\go-build\\a9\\a90b391234deef134930cb36336a749d8791177972c172d42743763e41478c33-d" # internal
net
echo -n > $WORK\b159\go_asm.h # internal
cd C:\msys64\mingw64\lib\go\src\crypto\sha1
"C:\\msys64\\mingw64\\lib\\go\\pkg\\tool\\windows_amd64\\asm.exe" -p crypto/sha1 -trimpath "$WORK\\b159=>" -I "$WORK\\b159\\" -I "C:\\msys64\\mingw64\\lib\\go\\pkg\\include" -D GOOS_windows -D GOARCH_amd64 -std -D GOAMD64_v1 -gensymabis -o "$WORK\\b159\\symabis" "C:\\msys64\\mingw64\\lib\\go\\src\\crypto\\sha1\\sha1block_amd64.s"
go tool buildid -w "$WORK\\b145\\_pkg_.a" # internal
cat >C:\Users\sanya\AppData\Local\Temp\go-build1247343387\b168\importcfg << 'EOF' # internal
# import config
importmap golang.org/x/net/dns/dnsmessage=vendor/golang.org/x/net/dns/dnsmessage
packagefile cmp=C:\Users\sanya\AppData\Local\Temp\go-build1247343387\b036\_pkg_.a
packagefile context=C:\Users\sanya\AppData\Local\Temp\go-build1247343387\b081\_pkg_.a
packagefile errors=C:\Users\sanya\AppData\Local\Temp\go-build1247343387\b003\_pkg_.a
packagefile vendor/golang.org/x/net/dns/dnsmessage=C:\Users\sanya\AppData\Local\Temp\go-build1247343387\b169\_pkg_.a
packagefile internal/bytealg=C:\Users\sanya\AppData\Local\Temp\go-build1247343387\b010\_pkg_.a
packagefile internal/godebug=C:\Users\sanya\AppData\Local\Temp\go-build1247343387\b061\_pkg_.a
packagefile internal/nettrace=C:\Users\sanya\AppData\Local\Temp\go-build1247343387\b170\_pkg_.a
packagefile internal/poll=C:\Users\sanya\AppData\Local\Temp\go-build1247343387\b063\_pkg_.a
packagefile internal/singleflight=C:\Users\sanya\AppData\Local\Temp\go-build1247343387\b171\_pkg_.a
packagefile internal/strconv=C:\Users\sanya\AppData\Local\Temp\go-build1247343387\b032\_pkg_.a
packagefile internal/stringslite=C:\Users\sanya\AppData\Local\Temp\go-build1247343387\b033\_pkg_.a
packagefile internal/syscall/windows=C:\Users\sanya\AppData\Local\Temp\go-build1247343387\b051\_pkg_.a
packagefile io=C:\Users\sanya\AppData\Local\Temp\go-build1247343387\b048\_pkg_.a
packagefile io/fs=C:\Users\sanya\AppData\Local\Temp\go-build1247343387\b057\_pkg_.a
packagefile net/netip=C:\Users\sanya\AppData\Local\Temp\go-build1247343387\b172\_pkg_.a
packagefile os=C:\Users\sanya\AppData\Local\Temp\go-build1247343387\b049\_pkg_.a
packagefile runtime=C:\Users\sanya\AppData\Local\Temp\go-build1247343387\b009\_pkg_.a
packagefile slices=C:\Users\sanya\AppData\Local\Temp\go-build1247343387\b047\_pkg_.a
packagefile sync=C:\Users\sanya\AppData\Local\Temp\go-build1247343387\b042\_pkg_.a
packagefile sync/atomic=C:\Users\sanya\AppData\Local\Temp\go-build1247343387\b044\_pkg_.a
packagefile syscall=C:\Users\sanya\AppData\Local\Temp\go-build1247343387\b055\_pkg_.a
packagefile time=C:\Users\sanya\AppData\Local\Temp\go-build1247343387\b059\_pkg_.a
EOF
cat >C:\Users\sanya\AppData\Local\Temp\go-build1247343387\b146\importcfg << 'EOF' # internal
# import config
importmap golang.org/x/crypto/chacha20=vendor/golang.org/x/crypto/chacha20
importmap golang.org/x/crypto/internal/alias=vendor/golang.org/x/crypto/internal/alias
importmap golang.org/x/crypto/internal/poly1305=vendor/golang.org/x/crypto/internal/poly1305
importmap golang.org/x/sys/cpu=vendor/golang.org/x/sys/cpu
packagefile crypto/cipher=C:\Users\sanya\AppData\Local\Temp\go-build1247343387\b085\_pkg_.a
packagefile crypto/fips140=C:\Users\sanya\AppData\Local\Temp\go-build1247343387\b106\_pkg_.a
packagefile encoding/binary=C:\Users\sanya\AppData\Local\Temp\go-build1247343387\b077\_pkg_.a
packagefile errors=C:\Users\sanya\AppData\Local\Temp\go-build1247343387\b003\_pkg_.a
packagefile vendor/golang.org/x/crypto/chacha20=C:\Users\sanya\AppData\Local\Temp\go-build1247343387\b147\_pkg_.a
packagefile vendor/golang.org/x/crypto/internal/alias=C:\Users\sanya\AppData\Local\Temp\go-build1247343387\b148\_pkg_.a
packagefile vendor/golang.org/x/crypto/internal/poly1305=C:\Users\sanya\AppData\Local\Temp\go-build1247343387\b149\_pkg_.a
packagefile vendor/golang.org/x/sys/cpu=C:\Users\sanya\AppData\Local\Temp\go-build1247343387\b150\_pkg_.a
EOF
cd C:\Users\sanya\Desktop\Dzvinock
"C:\\msys64\\mingw64\\lib\\go\\pkg\\tool\\windows_amd64\\compile.exe" -o "$WORK\\b168\\_pkg_.a" -trimpath "$WORK\\b168=>" -p net -lang=go1.27 -std -buildid 0-AddNBAx5JPfH1-Wtvq/0-AddNBAx5JPfH1-Wtvq -goversion go1.27.0 -c=8 -nolocalimports -importcfg "$WORK\\b168\\importcfg" -pack "C:\\msys64\\mingw64\\lib\\go\\src\\net\\addrselect.go" "C:\\msys64\\mingw64\\lib\\go\\src\\net\\conf.go" "C:\\msys64\\mingw64\\lib\\go\\src\\net\\dial.go" "C:\\msys64\\mingw64\\lib\\go\\src\\net\\dnsclient.go" "C:\\msys64\\mingw64\\lib\\go\\src\\net\\dnsclient_unix.go" "C:\\msys64\\mingw64\\lib\\go\\src\\net\\dnsconfig.go" "C:\\msys64\\mingw64\\lib\\go\\src\\net\\dnsconfig_windows.go" "C:\\msys64\\mingw64\\lib\\go\\src\\net\\error_posix.go" "C:\\msys64\\mingw64\\lib\\go\\src\\net\\error_windows.go" "C:\\msys64\\mingw64\\lib\\go\\src\\net\\fd_posix.go" "C:\\msys64\\mingw64\\lib\\go\\src\\net\\fd_windows.go" "C:\\msys64\\mingw64\\lib\\go\\src\\net\\file.go" "C:\\msys64\\mingw64\\lib\\go\\src\\net\\file_posix.go" "C:\\msys64\\mingw64\\lib\\go\\src\\net\\file_windows.go" "C:\\msys64\\mingw64\\lib\\go\\src\\net\\hook.go" "C:\\msys64\\mingw64\\lib\\go\\src\\net\\hook_windows.go" "C:\\msys64\\mingw64\\lib\\go\\src\\net\\hosts.go" "C:\\msys64\\mingw64\\lib\\go\\src\\net\\interface.go" "C:\\msys64\\mingw64\\lib\\go\\src\\net\\interface_windows.go" "C:\\msys64\\mingw64\\lib\\go\\src\\net\\ip.go" "C:\\msys64\\mingw64\\lib\\go\\src\\net\\iprawsock.go" "C:\\msys64\\mingw64\\lib\\go\\src\\net\\iprawsock_posix.go" "C:\\msys64\\mingw64\\lib\\go\\src\\net\\ipsock.go" "C:\\msys64\\mingw64\\lib\\go\\src\\net\\ipsock_posix.go" "C:\\msys64\\mingw64\\lib\\go\\src\\net\\lookup.go" "C:\\msys64\\mingw64\\lib\\go\\src\\net\\lookup_windows.go" "C:\\msys64\\mingw64\\lib\\go\\src\\net\\mac.go" "C:\\msys64\\mingw64\\lib\\go\\src\\net\\mptcpsock_stub.go" "C:\\msys64\\mingw64\\lib\\go\\src\\net\\net.go" "C:\\msys64\\mingw64\\lib\\go\\src\\net\\netcgo_off.go" "C:\\msys64\\mingw64\\lib\\go\\src\\net\\netgo_off.go" "C:\\msys64\\mingw64\\lib\\go\\src\\net\\nss.go" "C:\\msys64\\mingw64\\lib\\go\\src\\net\\parse.go" "C:\\msys64\\mingw64\\lib\\go\\src\\net\\pipe.go" "C:\\msys64\\mingw64\\lib\\go\\src\\net\\port.go" "C:\\msys64\\mingw64\\lib\\go\\src\\net\\rawconn.go" "C:\\msys64\\mingw64\\lib\\go\\src\\net\\sendfile.go" "C:\\msys64\\mingw64\\lib\\go\\src\\net\\sendfile_windows.go" "C:\\msys64\\mingw64\\lib\\go\\src\\net\\sock_posix.go" "C:\\msys64\\mingw64\\lib\\go\\src\\net\\sock_windows.go" "C:\\msys64\\mingw64\\lib\\go\\src\\net\\sockaddr_posix.go" "C:\\msys64\\mingw64\\lib\\go\\src\\net\\sockopt_posix.go" "C:\\msys64\\mingw64\\lib\\go\\src\\net\\sockopt_windows.go" "C:\\msys64\\mingw64\\lib\\go\\src\\net\\sockoptip4_posix_nonlinux.go" "C:\\msys64\\mingw64\\lib\\go\\src\\net\\sockoptip4_windows.go" "C:\\msys64\\mingw64\\lib\\go\\src\\net\\sockoptip6_posix.go" "C:\\msys64\\mingw64\\lib\\go\\src\\net\\splice_stub.go" "C:\\msys64\\mingw64\\lib\\go\\src\\net\\tcpsock.go" "C:\\msys64\\mingw64\\lib\\go\\src\\net\\tcpsock_posix.go" "C:\\msys64\\mingw64\\lib\\go\\src\\net\\tcpsock_windows.go" "C:\\msys64\\mingw64\\lib\\go\\src\\net\\tcpsockopt_posix.go" "C:\\msys64\\mingw64\\lib\\go\\src\\net\\tcpsockopt_windows.go" "C:\\msys64\\mingw64\\lib\\go\\src\\net\\udpsock.go" "C:\\msys64\\mingw64\\lib\\go\\src\\net\\udpsock_posix.go" "C:\\msys64\\mingw64\\lib\\go\\src\\net\\unixsock.go" "C:\\msys64\\mingw64\\lib\\go\\src\\net\\unixsock_posix.go" "C:\\msys64\\mingw64\\lib\\go\\src\\net\\unixsock_readmsg_other.go"
cp "$WORK\\b141\\_pkg_.a" "C:\\Users\\sanya\\AppData\\Local\\go-build\\29\\29c099f38c6c35ac77348ec399fe39f51f730f60cbfbd942c7272f029ab061c3-d" # internal
"C:\\msys64\\mingw64\\lib\\go\\pkg\\tool\\windows_amd64\\compile.exe" -o "$WORK\\b146\\_pkg_.a" -trimpath "$WORK\\b146=>" -p vendor/golang.org/x/crypto/chacha20poly1305 -lang=go1.27 -std -buildid 4dRDhcT6sD3N8TKFpZnP/4dRDhcT6sD3N8TKFpZnP -goversion go1.27.0 -symabis "$WORK\\b146\\symabis" -c=6 -nolocalimports -importcfg "$WORK\\b146\\importcfg" -pack -asmhdr "$WORK\\b146\\go_asm.h" "C:\\msys64\\mingw64\\lib\\go\\src\\vendor\\golang.org\\x\\crypto\\chacha20poly1305\\chacha20poly1305.go" "C:\\msys64\\mingw64\\lib\\go\\src\\vendor\\golang.org\\x\\crypto\\chacha20poly1305\\chacha20poly1305_amd64.go" "C:\\msys64\\mingw64\\lib\\go\\src\\vendor\\golang.org\\x\\crypto\\chacha20poly1305\\chacha20poly1305_generic.go" "C:\\msys64\\mingw64\\lib\\go\\src\\vendor\\golang.org\\x\\crypto\\chacha20poly1305\\fips140only_go1.26.go" "C:\\msys64\\mingw64\\lib\\go\\src\\vendor\\golang.org\\x\\crypto\\chacha20poly1305\\xchacha20poly1305.go"
mkdir -p $WORK\b174\
net/url
cp "$WORK\\b121\\_pkg_.a" "C:\\Users\\sanya\\AppData\\Local\\go-build\\1e\\1e201de11d94c7b9f221766cd39156e8378ffad5e9fc3e1a6e29fcf828239d6a-d" # internal
cp "$WORK\\b145\\_pkg_.a" "C:\\Users\\sanya\\AppData\\Local\\go-build\\f6\\f6ef5aa93db909a216227407ef284d108c98396e2541cad1ef7e45f0a188b8e7-d" # internal
mkdir -p $WORK\b123\
crypto/internal/boring/bbig
cp "$WORK\\b158\\_pkg_.a" "C:\\Users\\sanya\\AppData\\Local\\go-build\\b8\\b8883b3c3000855918725a23ec933a6ec4af9be54db458d6a90e78ecf819f6f7-d" # internal
mkdir -p $WORK\b132\
mkdir -p $WORK\b120\
cat >C:\Users\sanya\AppData\Local\Temp\go-build1247343387\b174\importcfg << 'EOF' # internal
# import config
packagefile bytes=C:\Users\sanya\AppData\Local\Temp\go-build1247343387\b069\_pkg_.a
packagefile errors=C:\Users\sanya\AppData\Local\Temp\go-build1247343387\b003\_pkg_.a
packagefile fmt=C:\Users\sanya\AppData\Local\Temp\go-build1247343387\b002\_pkg_.a
packagefile internal/godebug=C:\Users\sanya\AppData\Local\Temp\go-build1247343387\b061\_pkg_.a
packagefile net/netip=C:\Users\sanya\AppData\Local\Temp\go-build1247343387\b172\_pkg_.a
packagefile path=C:\Users\sanya\AppData\Local\Temp\go-build1247343387\b058\_pkg_.a
packagefile slices=C:\Users\sanya\AppData\Local\Temp\go-build1247343387\b047\_pkg_.a
packagefile strconv=C:\Users\sanya\AppData\Local\Temp\go-build1247343387\b040\_pkg_.a
packagefile strings=C:\Users\sanya\AppData\Local\Temp\go-build1247343387\b070\_pkg_.a
EOF
encoding/asn1
cat >C:\Users\sanya\AppData\Local\Temp\go-build1247343387\b123\importcfg << 'EOF' # internal
# import config
packagefile crypto/internal/boring=C:\Users\sanya\AppData\Local\Temp\go-build1247343387\b108\_pkg_.a
packagefile math/big=C:\Users\sanya\AppData\Local\Temp\go-build1247343387\b121\_pkg_.a
EOF
crypto/elliptic
"C:\\msys64\\mingw64\\lib\\go\\pkg\\tool\\windows_amd64\\compile.exe" -o "$WORK\\b174\\_pkg_.a" -trimpath "$WORK\\b174=>" -p net/url -lang=go1.27 -std -complete -buildid ZjtF_IdaTZF0F5DI_XuR/ZjtF_IdaTZF0F5DI_XuR -goversion go1.27.0 -c=5 -nolocalimports -importcfg "$WORK\\b174\\importcfg" -pack "C:\\msys64\\mingw64\\lib\\go\\src\\net\\url\\encoding_table.go" "C:\\msys64\\mingw64\\lib\\go\\src\\net\\url\\url.go"
"C:\\msys64\\mingw64\\lib\\go\\pkg\\tool\\windows_amd64\\compile.exe" -o "$WORK\\b123\\_pkg_.a" -trimpath "$WORK\\b123=>" -p crypto/internal/boring/bbig -lang=go1.27 -std -complete -buildid JJeYxeaQxgnrnHfUJTGQ/JJeYxeaQxgnrnHfUJTGQ -goversion go1.27.0 -c=4 -nolocalimports -importcfg "$WORK\\b123\\importcfg" -pack "C:\\msys64\\mingw64\\lib\\go\\src\\crypto\\internal\\boring\\bbig\\big.go"
cat >C:\Users\sanya\AppData\Local\Temp\go-build1247343387\b132\importcfg << 'EOF' # internal
# import config
packagefile bytes=C:\Users\sanya\AppData\Local\Temp\go-build1247343387\b069\_pkg_.a
packagefile errors=C:\Users\sanya\AppData\Local\Temp\go-build1247343387\b003\_pkg_.a
packagefile fmt=C:\Users\sanya\AppData\Local\Temp\go-build1247343387\b002\_pkg_.a
packagefile internal/saferio=C:\Users\sanya\AppData\Local\Temp\go-build1247343387\b133\_pkg_.a
packagefile math=C:\Users\sanya\AppData\Local\Temp\go-build1247343387\b039\_pkg_.a
packagefile math/big=C:\Users\sanya\AppData\Local\Temp\go-build1247343387\b121\_pkg_.a
packagefile reflect=C:\Users\sanya\AppData\Local\Temp\go-build1247343387\b037\_pkg_.a
packagefile runtime=C:\Users\sanya\AppData\Local\Temp\go-build1247343387\b009\_pkg_.a
packagefile slices=C:\Users\sanya\AppData\Local\Temp\go-build1247343387\b047\_pkg_.a
packagefile strconv=C:\Users\sanya\AppData\Local\Temp\go-build1247343387\b040\_pkg_.a
packagefile strings=C:\Users\sanya\AppData\Local\Temp\go-build1247343387\b070\_pkg_.a
packagefile time=C:\Users\sanya\AppData\Local\Temp\go-build1247343387\b059\_pkg_.a
packagefile unicode/utf16=C:\Users\sanya\AppData\Local\Temp\go-build1247343387\b056\_pkg_.a
packagefile unicode/utf8=C:\Users\sanya\AppData\Local\Temp\go-build1247343387\b041\_pkg_.a
EOF
"C:\\msys64\\mingw64\\lib\\go\\pkg\\tool\\windows_amd64\\compile.exe" -o "$WORK\\b132\\_pkg_.a" -trimpath "$WORK\\b132=>" -p encoding/asn1 -lang=go1.27 -std -complete -buildid PXAnQ_8YvtgFoZcvAT0B/PXAnQ_8YvtgFoZcvAT0B -goversion go1.27.0 -c=4 -nolocalimports -importcfg "$WORK\\b132\\importcfg" -pack "C:\\msys64\\mingw64\\lib\\go\\src\\encoding\\asn1\\asn1.go" "C:\\msys64\\mingw64\\lib\\go\\src\\encoding\\asn1\\common.go" "C:\\msys64\\mingw64\\lib\\go\\src\\encoding\\asn1\\marshal.go"
cat >C:\Users\sanya\AppData\Local\Temp\go-build1247343387\b120\importcfg << 'EOF' # internal
# import config
packagefile crypto/internal/fips140/nistec=C:\Users\sanya\AppData\Local\Temp\go-build1247343387\b113\_pkg_.a
packagefile errors=C:\Users\sanya\AppData\Local\Temp\go-build1247343387\b003\_pkg_.a
packagefile io=C:\Users\sanya\AppData\Local\Temp\go-build1247343387\b048\_pkg_.a
packagefile math/big=C:\Users\sanya\AppData\Local\Temp\go-build1247343387\b121\_pkg_.a
packagefile sync=C:\Users\sanya\AppData\Local\Temp\go-build1247343387\b042\_pkg_.a
EOF
"C:\\msys64\\mingw64\\lib\\go\\pkg\\tool\\windows_amd64\\compile.exe" -o "$WORK\\b120\\_pkg_.a" -trimpath "$WORK\\b120=>" -p crypto/elliptic -lang=go1.27 -std -complete -buildid ZrizI31wgDvrW6tHvprP/ZrizI31wgDvrW6tHvprP -goversion go1.27.0 -c=4 -nolocalimports -importcfg "$WORK\\b120\\importcfg" -pack "C:\\msys64\\mingw64\\lib\\go\\src\\crypto\\elliptic\\elliptic.go" "C:\\msys64\\mingw64\\lib\\go\\src\\crypto\\elliptic\\nistec.go" "C:\\msys64\\mingw64\\lib\\go\\src\\crypto\\elliptic\\params.go"
cat >C:\Users\sanya\AppData\Local\Temp\go-build1247343387\b159\importcfg << 'EOF' # internal
# import config
packagefile crypto=C:\Users\sanya\AppData\Local\Temp\go-build1247343387\b083\_pkg_.a
packagefile crypto/internal/boring=C:\Users\sanya\AppData\Local\Temp\go-build1247343387\b108\_pkg_.a
packagefile crypto/internal/fips140only=C:\Users\sanya\AppData\Local\Temp\go-build1247343387\b105\_pkg_.a
packagefile crypto/internal/impl=C:\Users\sanya\AppData\Local\Temp\go-build1247343387\b095\_pkg_.a
packagefile errors=C:\Users\sanya\AppData\Local\Temp\go-build1247343387\b003\_pkg_.a
packagefile hash=C:\Users\sanya\AppData\Local\Temp\go-build1247343387\b079\_pkg_.a
packagefile internal/byteorder=C:\Users\sanya\AppData\Local\Temp\go-build1247343387\b012\_pkg_.a
packagefile internal/cpu=C:\Users\sanya\AppData\Local\Temp\go-build1247343387\b011\_pkg_.a
packagefile math/bits=C:\Users\sanya\AppData\Local\Temp\go-build1247343387\b029\_pkg_.a
EOF
"C:\\msys64\\mingw64\\lib\\go\\pkg\\tool\\windows_amd64\\compile.exe" -o "$WORK\\b159\\_pkg_.a" -trimpath "$WORK\\b159=>" -p crypto/sha1 -lang=go1.27 -std -buildid FZ3FDXmXViASZ_H94dTa/FZ3FDXmXViASZ_H94dTa -goversion go1.27.0 -symabis "$WORK\\b159\\symabis" -c=4 -nolocalimports -importcfg "$WORK\\b159\\importcfg" -pack -asmhdr "$WORK\\b159\\go_asm.h" "C:\\msys64\\mingw64\\lib\\go\\src\\crypto\\sha1\\sha1.go" "C:\\msys64\\mingw64\\lib\\go\\src\\crypto\\sha1\\sha1block.go" "C:\\msys64\\mingw64\\lib\\go\\src\\crypto\\sha1\\sha1block_amd64.go"
go tool buildid -w "$WORK\\b111\\_pkg_.a" # internal
cd C:\msys64\mingw64\lib\go\src\vendor\golang.org\x\crypto\chacha20poly1305
"C:\\msys64\\mingw64\\lib\\go\\pkg\\tool\\windows_amd64\\asm.exe" -p vendor/golang.org/x/crypto/chacha20poly1305 -trimpath "$WORK\\b146=>" -I "$WORK\\b146\\" -I "C:\\msys64\\mingw64\\lib\\go\\pkg\\include" -D GOOS_windows -D GOARCH_amd64 -std -D GOAMD64_v1 -o "$WORK\\b146\\chacha20poly1305_amd64.o" "C:\\msys64\\mingw64\\lib\\go\\src\\vendor\\golang.org\\x\\crypto\\chacha20poly1305\\chacha20poly1305_amd64.s"
cp "$WORK\\b111\\_pkg_.a" "C:\\Users\\sanya\\AppData\\Local\\go-build\\47\\477404cb5736286717e5661981dd90f9683482656944ba420f16b114ebf62943-d" # internal
mkdir -p $WORK\b138\
crypto/rand
go tool buildid -w "$WORK\\b123\\_pkg_.a" # internal
cat >C:\Users\sanya\AppData\Local\Temp\go-build1247343387\b138\importcfg << 'EOF' # internal
# import config
packagefile crypto/internal/boring=C:\Users\sanya\AppData\Local\Temp\go-build1247343387\b108\_pkg_.a
packagefile crypto/internal/fips140/drbg=C:\Users\sanya\AppData\Local\Temp\go-build1247343387\b101\_pkg_.a
packagefile crypto/internal/fips140only=C:\Users\sanya\AppData\Local\Temp\go-build1247343387\b105\_pkg_.a
packagefile crypto/internal/rand=C:\Users\sanya\AppData\Local\Temp\go-build1247343387\b116\_pkg_.a
packagefile errors=C:\Users\sanya\AppData\Local\Temp\go-build1247343387\b003\_pkg_.a
packagefile io=C:\Users\sanya\AppData\Local\Temp\go-build1247343387\b048\_pkg_.a
packagefile math/big=C:\Users\sanya\AppData\Local\Temp\go-build1247343387\b121\_pkg_.a
EOF
cd C:\Users\sanya\Desktop\Dzvinock
"C:\\msys64\\mingw64\\lib\\go\\pkg\\tool\\windows_amd64\\compile.exe" -o "$WORK\\b138\\_pkg_.a" -trimpath "$WORK\\b138=>" -p crypto/rand -lang=go1.27 -std -complete -buildid rS1zkmPV5yPvr--Neai6/rS1zkmPV5yPvr--Neai6 -goversion go1.27.0 -c=7 -nolocalimports -importcfg "$WORK\\b138\\importcfg" -pack "C:\\msys64\\mingw64\\lib\\go\\src\\crypto\\rand\\rand.go" "C:\\msys64\\mingw64\\lib\\go\\src\\crypto\\rand\\text.go" "C:\\msys64\\mingw64\\lib\\go\\src\\crypto\\rand\\util.go"
cd C:\msys64\mingw64\lib\go\src\crypto\sha1
"C:\\msys64\\mingw64\\lib\\go\\pkg\\tool\\windows_amd64\\asm.exe" -p crypto/sha1 -trimpath "$WORK\\b159=>" -I "$WORK\\b159\\" -I "C:\\msys64\\mingw64\\lib\\go\\pkg\\include" -D GOOS_windows -D GOARCH_amd64 -std -D GOAMD64_v1 -o "$WORK\\b159\\sha1block_amd64.o" "C:\\msys64\\mingw64\\lib\\go\\src\\crypto\\sha1\\sha1block_amd64.s"
cp "$WORK\\b123\\_pkg_.a" "C:\\Users\\sanya\\AppData\\Local\\go-build\\c6\\c680734c34b628cfe00c6ccd2145a2a493562c2f40684cb17cdf8a776b15463d-d" # internal
mkdir -p $WORK\b162\
crypto/dsa
cat >C:\Users\sanya\AppData\Local\Temp\go-build1247343387\b162\importcfg << 'EOF' # internal
# import config
packagefile crypto/internal/fips140only=C:\Users\sanya\AppData\Local\Temp\go-build1247343387\b105\_pkg_.a
packagefile crypto/internal/rand=C:\Users\sanya\AppData\Local\Temp\go-build1247343387\b116\_pkg_.a
packagefile errors=C:\Users\sanya\AppData\Local\Temp\go-build1247343387\b003\_pkg_.a
packagefile io=C:\Users\sanya\AppData\Local\Temp\go-build1247343387\b048\_pkg_.a
packagefile math/big=C:\Users\sanya\AppData\Local\Temp\go-build1247343387\b121\_pkg_.a
EOF
cd C:\Users\sanya\Desktop\Dzvinock
"C:\\msys64\\mingw64\\lib\\go\\pkg\\tool\\windows_amd64\\compile.exe" -o "$WORK\\b162\\_pkg_.a" -trimpath "$WORK\\b162=>" -p crypto/dsa -lang=go1.27 -std -complete -buildid mH_YGD_NrM1lIOeFCw6A/mH_YGD_NrM1lIOeFCw6A -goversion go1.27.0 -c=6 -nolocalimports -importcfg "$WORK\\b162\\importcfg" -pack "C:\\msys64\\mingw64\\lib\\go\\src\\crypto\\dsa\\dsa.go"
cd C:\msys64\mingw64\lib\go\src\crypto\sha1
go tool pack r "$WORK\\b159\\_pkg_.a" "$WORK\\b159\\sha1block_amd64.o" # internal
go tool buildid -w "$WORK\\b120\\_pkg_.a" # internal
go tool buildid -w "$WORK\\b159\\_pkg_.a" # internal
go tool buildid -w "$WORK\\b138\\_pkg_.a" # internal
go tool buildid -w "$WORK\\b174\\_pkg_.a" # internal
cd C:\msys64\mingw64\lib\go\src\vendor\golang.org\x\crypto\chacha20poly1305
go tool pack r "$WORK\\b146\\_pkg_.a" "$WORK\\b146\\chacha20poly1305_amd64.o" # internal
go tool buildid -w "$WORK\\b146\\_pkg_.a" # internal
cp "$WORK\\b174\\_pkg_.a" "C:\\Users\\sanya\\AppData\\Local\\go-build\\de\\dedc9d2cdd93349364d27b4151da5e1646398b35b120b48495e7857b30e3f2f9-d" # internal
mkdir -p $WORK\b175\
path/filepath
go tool buildid -w "$WORK\\b162\\_pkg_.a" # internal
cp "$WORK\\b120\\_pkg_.a" "C:\\Users\\sanya\\AppData\\Local\\go-build\\7e\\7e51d08e3d3a8457878e2ba835d22353d9dc1f729a9f1b52037a6580c4bd144c-d" # internal
mkdir -p $WORK\b181\
vendor/golang.org/x/text/unicode/bidi
cp "$WORK\\b159\\_pkg_.a" "C:\\Users\\sanya\\AppData\\Local\\go-build\\a9\\a9b9933fb8fb05b3af482aa272b0da168d8de4022ae6f278821990bb2c697901-d" # internal
cp "$WORK\\b138\\_pkg_.a" "C:\\Users\\sanya\\AppData\\Local\\go-build\\08\\08d7d110d0969b02c19ad34a6332f2953255aedc46fb6d22f2ff14a88cdcb826-d" # internal
mkdir -p $WORK\b135\
mkdir -p $WORK\b182\
crypto/ed25519
cat >C:\Users\sanya\AppData\Local\Temp\go-build1247343387\b175\importcfg << 'EOF' # internal
# import config
packagefile errors=C:\Users\sanya\AppData\Local\Temp\go-build1247343387\b003\_pkg_.a
packagefile internal/bytealg=C:\Users\sanya\AppData\Local\Temp\go-build1247343387\b010\_pkg_.a
packagefile internal/filepathlite=C:\Users\sanya\AppData\Local\Temp\go-build1247343387\b050\_pkg_.a
packagefile io/fs=C:\Users\sanya\AppData\Local\Temp\go-build1247343387\b057\_pkg_.a
packagefile os=C:\Users\sanya\AppData\Local\Temp\go-build1247343387\b049\_pkg_.a
packagefile runtime=C:\Users\sanya\AppData\Local\Temp\go-build1247343387\b009\_pkg_.a
packagefile slices=C:\Users\sanya\AppData\Local\Temp\go-build1247343387\b047\_pkg_.a
packagefile strings=C:\Users\sanya\AppData\Local\Temp\go-build1247343387\b070\_pkg_.a
packagefile syscall=C:\Users\sanya\AppData\Local\Temp\go-build1247343387\b055\_pkg_.a
packagefile unicode/utf8=C:\Users\sanya\AppData\Local\Temp\go-build1247343387\b041\_pkg_.a
EOF
cp "$WORK\\b146\\_pkg_.a" "C:\\Users\\sanya\\AppData\\Local\\go-build\\0d\\0d09fc2e1e4464b1d02a6bcbb244a5e2134505f537317d43ee4a5892dc622ca5-d" # internal
mkdir -p $WORK\b142\
mkdir -p $WORK\b157\
cat >C:\Users\sanya\AppData\Local\Temp\go-build1247343387\b181\importcfg << 'EOF' # internal
# import config
packagefile bytes=C:\Users\sanya\AppData\Local\Temp\go-build1247343387\b069\_pkg_.a
packagefile container/list=C:\Users\sanya\AppData\Local\Temp\go-build1247343387\b080\_pkg_.a
packagefile fmt=C:\Users\sanya\AppData\Local\Temp\go-build1247343387\b002\_pkg_.a
packagefile log=C:\Users\sanya\AppData\Local\Temp\go-build1247343387\b072\_pkg_.a
packagefile sort=C:\Users\sanya\AppData\Local\Temp\go-build1247343387\b176\_pkg_.a
packagefile unicode/utf8=C:\Users\sanya\AppData\Local\Temp\go-build1247343387\b041\_pkg_.a
EOF
crypto/hpke
cd C:\Users\sanya\Desktop\Dzvinock
"C:\\msys64\\mingw64\\lib\\go\\pkg\\tool\\windows_amd64\\compile.exe" -o "$WORK\\b175\\_pkg_.a" -trimpath "$WORK\\b175=>" -p path/filepath -lang=go1.27 -std -complete -buildid bXPwE-9VJuwo96qnJqDz/bXPwE-9VJuwo96qnJqDz -goversion go1.27.0 -c=8 -nolocalimports -importcfg "$WORK\\b175\\importcfg" -pack "C:\\msys64\\mingw64\\lib\\go\\src\\path\\filepath\\match.go" "C:\\msys64\\mingw64\\lib\\go\\src\\path\\filepath\\path.go" "C:\\msys64\\mingw64\\lib\\go\\src\\path\\filepath\\path_windows.go" "C:\\msys64\\mingw64\\lib\\go\\src\\path\\filepath\\symlink.go" "C:\\msys64\\mingw64\\lib\\go\\src\\path\\filepath\\symlink_windows.go"
crypto/rsa
"C:\\msys64\\mingw64\\lib\\go\\pkg\\tool\\windows_amd64\\compile.exe" -o "$WORK\\b181\\_pkg_.a" -trimpath "$WORK\\b181=>" -p vendor/golang.org/x/text/unicode/bidi -lang=go1.27 -std -complete -buildid gMvBE1ZTPN7xpYhowauL/gMvBE1ZTPN7xpYhowauL -goversion go1.27.0 -c=6 -nolocalimports -importcfg "$WORK\\b181\\importcfg" -pack "C:\\msys64\\mingw64\\lib\\go\\src\\vendor\\golang.org\\x\\text\\unicode\\bidi\\bidi.go" "C:\\msys64\\mingw64\\lib\\go\\src\\vendor\\golang.org\\x\\text\\unicode\\bidi\\bracket.go" "C:\\msys64\\mingw64\\lib\\go\\src\\vendor\\golang.org\\x\\text\\unicode\\bidi\\core.go" "C:\\msys64\\mingw64\\lib\\go\\src\\vendor\\golang.org\\x\\text\\unicode\\bidi\\prop.go" "C:\\msys64\\mingw64\\lib\\go\\src\\vendor\\golang.org\\x\\text\\unicode\\bidi\\tables17.0.0.go" "C:\\msys64\\mingw64\\lib\\go\\src\\vendor\\golang.org\\x\\text\\unicode\\bidi\\trieval.go"
cat >C:\Users\sanya\AppData\Local\Temp\go-build1247343387\b135\importcfg << 'EOF' # internal
# import config
packagefile crypto=C:\Users\sanya\AppData\Local\Temp\go-build1247343387\b083\_pkg_.a
packagefile crypto/internal/fips140/ed25519=C:\Users\sanya\AppData\Local\Temp\go-build1247343387\b136\_pkg_.a
packagefile crypto/internal/fips140cache=C:\Users\sanya\AppData\Local\Temp\go-build1247343387\b126\_pkg_.a
packagefile crypto/internal/fips140only=C:\Users\sanya\AppData\Local\Temp\go-build1247343387\b105\_pkg_.a
packagefile crypto/internal/rand=C:\Users\sanya\AppData\Local\Temp\go-build1247343387\b116\_pkg_.a
packagefile crypto/rand=C:\Users\sanya\AppData\Local\Temp\go-build1247343387\b138\_pkg_.a
packagefile crypto/subtle=C:\Users\sanya\AppData\Local\Temp\go-build1247343387\b107\_pkg_.a
packagefile errors=C:\Users\sanya\AppData\Local\Temp\go-build1247343387\b003\_pkg_.a
packagefile internal/godebug=C:\Users\sanya\AppData\Local\Temp\go-build1247343387\b061\_pkg_.a
packagefile io=C:\Users\sanya\AppData\Local\Temp\go-build1247343387\b048\_pkg_.a
packagefile strconv=C:\Users\sanya\AppData\Local\Temp\go-build1247343387\b040\_pkg_.a
EOF
cat >C:\Users\sanya\AppData\Local\Temp\go-build1247343387\b142\importcfg << 'EOF' # internal
# import config
importmap golang.org/x/crypto/chacha20poly1305=vendor/golang.org/x/crypto/chacha20poly1305
packagefile bytes=C:\Users\sanya\AppData\Local\Temp\go-build1247343387\b069\_pkg_.a
packagefile crypto=C:\Users\sanya\AppData\Local\Temp\go-build1247343387\b083\_pkg_.a
packagefile crypto/cipher=C:\Users\sanya\AppData\Local\Temp\go-build1247343387\b085\_pkg_.a
packagefile crypto/ecdh=C:\Users\sanya\AppData\Local\Temp\go-build1247343387\b111\_pkg_.a
packagefile crypto/fips140=C:\Users\sanya\AppData\Local\Temp\go-build1247343387\b106\_pkg_.a
packagefile crypto/hkdf=C:\Users\sanya\AppData\Local\Temp\go-build1247343387\b139\_pkg_.a
packagefile crypto/internal/fips140/aes=C:\Users\sanya\AppData\Local\Temp\go-build1247343387\b086\_pkg_.a
packagefile crypto/internal/fips140/aes/gcm=C:\Users\sanya\AppData\Local\Temp\go-build1247343387\b100\_pkg_.a
packagefile crypto/internal/fips140/drbg=C:\Users\sanya\AppData\Local\Temp\go-build1247343387\b101\_pkg_.a
packagefile crypto/internal/rand=C:\Users\sanya\AppData\Local\Temp\go-build1247343387\b116\_pkg_.a
packagefile crypto/mlkem=C:\Users\sanya\AppData\Local\Temp\go-build1247343387\b143\_pkg_.a
packagefile crypto/sha256=C:\Users\sanya\AppData\Local\Temp\go-build1247343387\b145\_pkg_.a
packagefile crypto/sha3=C:\Users\sanya\AppData\Local\Temp\go-build1247343387\b129\_pkg_.a
packagefile crypto/sha512=C:\Users\sanya\AppData\Local\Temp\go-build1247343387\b130\_pkg_.a
packagefile errors=C:\Users\sanya\AppData\Local\Temp\go-build1247343387\b003\_pkg_.a
packagefile fmt=C:\Users\sanya\AppData\Local\Temp\go-build1247343387\b002\_pkg_.a
packagefile vendor/golang.org/x/crypto/chacha20poly1305=C:\Users\sanya\AppData\Local\Temp\go-build1247343387\b146\_pkg_.a
packagefile hash=C:\Users\sanya\AppData\Local\Temp\go-build1247343387\b079\_pkg_.a
packagefile internal/byteorder=C:\Users\sanya\AppData\Local\Temp\go-build1247343387\b012\_pkg_.a
packagefile slices=C:\Users\sanya\AppData\Local\Temp\go-build1247343387\b047\_pkg_.a
EOF
cp "$WORK\\b162\\_pkg_.a" "C:\\Users\\sanya\\AppData\\Local\\go-build\\91\\91645a060def8836069415f2ba7df7c1291c08513cd5d8befc39266c44ef681b-d" # internal
vendor/golang.org/x/text/unicode/norm
"C:\\msys64\\mingw64\\lib\\go\\pkg\\tool\\windows_amd64\\compile.exe" -o "$WORK\\b135\\_pkg_.a" -trimpath "$WORK\\b135=>" -p crypto/ed25519 -lang=go1.27 -std -complete -buildid BL2ILU-jbuQTkChUCXvv/BL2ILU-jbuQTkChUCXvv -goversion go1.27.0 -c=5 -nolocalimports -importcfg "$WORK\\b135\\importcfg" -pack "C:\\msys64\\mingw64\\lib\\go\\src\\crypto\\ed25519\\ed25519.go"
"C:\\msys64\\mingw64\\lib\\go\\pkg\\tool\\windows_amd64\\compile.exe" -o "$WORK\\b142\\_pkg_.a" -trimpath "$WORK\\b142=>" -p crypto/hpke -lang=go1.27 -std -complete -buildid bPeIOsBYpB-b6VkgLop2/bPeIOsBYpB-b6VkgLop2 -goversion go1.27.0 -c=4 -nolocalimports -importcfg "$WORK\\b142\\importcfg" -pack "C:\\msys64\\mingw64\\lib\\go\\src\\crypto\\hpke\\aead.go" "C:\\msys64\\mingw64\\lib\\go\\src\\crypto\\hpke\\aead_fips140v1.26.go" "C:\\msys64\\mingw64\\lib\\go\\src\\crypto\\hpke\\hpke.go" "C:\\msys64\\mingw64\\lib\\go\\src\\crypto\\hpke\\kdf.go" "C:\\msys64\\mingw64\\lib\\go\\src\\crypto\\hpke\\kem.go" "C:\\msys64\\mingw64\\lib\\go\\src\\crypto\\hpke\\pq.go"
go tool buildid -w "$WORK\\b132\\_pkg_.a" # internal
cat >C:\Users\sanya\AppData\Local\Temp\go-build1247343387\b157\importcfg << 'EOF' # internal
# import config
packagefile crypto=C:\Users\sanya\AppData\Local\Temp\go-build1247343387\b083\_pkg_.a
packagefile crypto/internal/boring=C:\Users\sanya\AppData\Local\Temp\go-build1247343387\b108\_pkg_.a
packagefile crypto/internal/boring/bbig=C:\Users\sanya\AppData\Local\Temp\go-build1247343387\b123\_pkg_.a
packagefile crypto/internal/fips140/bigmod=C:\Users\sanya\AppData\Local\Temp\go-build1247343387\b125\_pkg_.a
packagefile crypto/internal/fips140/rsa=C:\Users\sanya\AppData\Local\Temp\go-build1247343387\b158\_pkg_.a
packagefile crypto/internal/fips140hash=C:\Users\sanya\AppData\Local\Temp\go-build1247343387\b128\_pkg_.a
packagefile crypto/internal/fips140only=C:\Users\sanya\AppData\Local\Temp\go-build1247343387\b105\_pkg_.a
packagefile crypto/internal/rand=C:\Users\sanya\AppData\Local\Temp\go-build1247343387\b116\_pkg_.a
packagefile crypto/rand=C:\Users\sanya\AppData\Local\Temp\go-build1247343387\b138\_pkg_.a
packagefile crypto/subtle=C:\Users\sanya\AppData\Local\Temp\go-build1247343387\b107\_pkg_.a
packagefile errors=C:\Users\sanya\AppData\Local\Temp\go-build1247343387\b003\_pkg_.a
packagefile fmt=C:\Users\sanya\AppData\Local\Temp\go-build1247343387\b002\_pkg_.a
packagefile hash=C:\Users\sanya\AppData\Local\Temp\go-build1247343387\b079\_pkg_.a
packagefile internal/godebug=C:\Users\sanya\AppData\Local\Temp\go-build1247343387\b061\_pkg_.a
packagefile io=C:\Users\sanya\AppData\Local\Temp\go-build1247343387\b048\_pkg_.a
packagefile math=C:\Users\sanya\AppData\Local\Temp\go-build1247343387\b039\_pkg_.a
packagefile math/big=C:\Users\sanya\AppData\Local\Temp\go-build1247343387\b121\_pkg_.a
EOF
"C:\\msys64\\mingw64\\lib\\go\\pkg\\tool\\windows_amd64\\compile.exe" -o "$WORK\\b157\\_pkg_.a" -trimpath "$WORK\\b157=>" -p crypto/rsa -lang=go1.27 -std -complete -buildid bTQVdYc83gmeKB1x8dKr/bTQVdYc83gmeKB1x8dKr -goversion go1.27.0 -c=4 -nolocalimports -importcfg "$WORK\\b157\\importcfg" -pack "C:\\msys64\\mingw64\\lib\\go\\src\\crypto\\rsa\\fips.go" "C:\\msys64\\mingw64\\lib\\go\\src\\crypto\\rsa\\notboring.go" "C:\\msys64\\mingw64\\lib\\go\\src\\crypto\\rsa\\pkcs1v15.go" "C:\\msys64\\mingw64\\lib\\go\\src\\crypto\\rsa\\rsa.go"
cat >C:\Users\sanya\AppData\Local\Temp\go-build1247343387\b182\importcfg << 'EOF' # internal
# import config
importmap golang.org/x/text/transform=vendor/golang.org/x/text/transform
packagefile encoding/binary=C:\Users\sanya\AppData\Local\Temp\go-build1247343387\b077\_pkg_.a
packagefile fmt=C:\Users\sanya\AppData\Local\Temp\go-build1247343387\b002\_pkg_.a
packagefile vendor/golang.org/x/text/transform=C:\Users\sanya\AppData\Local\Temp\go-build1247343387\b180\_pkg_.a
packagefile io=C:\Users\sanya\AppData\Local\Temp\go-build1247343387\b048\_pkg_.a
packagefile sync=C:\Users\sanya\AppData\Local\Temp\go-build1247343387\b042\_pkg_.a
packagefile unicode/utf8=C:\Users\sanya\AppData\Local\Temp\go-build1247343387\b041\_pkg_.a
EOF
"C:\\msys64\\mingw64\\lib\\go\\pkg\\tool\\windows_amd64\\compile.exe" -o "$WORK\\b182\\_pkg_.a" -trimpath "$WORK\\b182=>" -p vendor/golang.org/x/text/unicode/norm -lang=go1.27 -std -complete -buildid kn805TllFi99vyyX5ieT/kn805TllFi99vyyX5ieT -goversion go1.27.0 -c=4 -nolocalimports -importcfg "$WORK\\b182\\importcfg" -pack "C:\\msys64\\mingw64\\lib\\go\\src\\vendor\\golang.org\\x\\text\\unicode\\norm\\composition.go" "C:\\msys64\\mingw64\\lib\\go\\src\\vendor\\golang.org\\x\\text\\unicode\\norm\\forminfo.go" "C:\\msys64\\mingw64\\lib\\go\\src\\vendor\\golang.org\\x\\text\\unicode\\norm\\input.go" "C:\\msys64\\mingw64\\lib\\go\\src\\vendor\\golang.org\\x\\text\\unicode\\norm\\iter.go" "C:\\msys64\\mingw64\\lib\\go\\src\\vendor\\golang.org\\x\\text\\unicode\\norm\\normalize.go" "C:\\msys64\\mingw64\\lib\\go\\src\\vendor\\golang.org\\x\\text\\unicode\\norm\\readwriter.go" "C:\\msys64\\mingw64\\lib\\go\\src\\vendor\\golang.org\\x\\text\\unicode\\norm\\tables17.0.0.go" "C:\\msys64\\mingw64\\lib\\go\\src\\vendor\\golang.org\\x\\text\\unicode\\norm\\transform.go" "C:\\msys64\\mingw64\\lib\\go\\src\\vendor\\golang.org\\x\\text\\unicode\\norm\\trie.go"
cp "$WORK\\b132\\_pkg_.a" "C:\\Users\\sanya\\AppData\\Local\\go-build\\04\\047849ece49b6480e15888b3786485a97c1afbfe5b4d9f5538d27e3f66e94122-d" # internal
mkdir -p $WORK\b131\
vendor/golang.org/x/crypto/cryptobyte
cat >C:\Users\sanya\AppData\Local\Temp\go-build1247343387\b131\importcfg << 'EOF' # internal
# import config
importmap golang.org/x/crypto/cryptobyte/asn1=vendor/golang.org/x/crypto/cryptobyte/asn1
packagefile encoding/asn1=C:\Users\sanya\AppData\Local\Temp\go-build1247343387\b132\_pkg_.a
packagefile errors=C:\Users\sanya\AppData\Local\Temp\go-build1247343387\b003\_pkg_.a
packagefile fmt=C:\Users\sanya\AppData\Local\Temp\go-build1247343387\b002\_pkg_.a
packagefile vendor/golang.org/x/crypto/cryptobyte/asn1=C:\Users\sanya\AppData\Local\Temp\go-build1247343387\b134\_pkg_.a
packagefile math/big=C:\Users\sanya\AppData\Local\Temp\go-build1247343387\b121\_pkg_.a
packagefile reflect=C:\Users\sanya\AppData\Local\Temp\go-build1247343387\b037\_pkg_.a
packagefile time=C:\Users\sanya\AppData\Local\Temp\go-build1247343387\b059\_pkg_.a
EOF
"C:\\msys64\\mingw64\\lib\\go\\pkg\\tool\\windows_amd64\\compile.exe" -o "$WORK\\b131\\_pkg_.a" -trimpath "$WORK\\b131=>" -p vendor/golang.org/x/crypto/cryptobyte -lang=go1.27 -std -complete -buildid AD_pLUN8veTD3juX7fRX/AD_pLUN8veTD3juX7fRX -goversion go1.27.0 -c=4 -nolocalimports -importcfg "$WORK\\b131\\importcfg" -pack "C:\\msys64\\mingw64\\lib\\go\\src\\vendor\\golang.org\\x\\crypto\\cryptobyte\\asn1.go" "C:\\msys64\\mingw64\\lib\\go\\src\\vendor\\golang.org\\x\\crypto\\cryptobyte\\builder.go" "C:\\msys64\\mingw64\\lib\\go\\src\\vendor\\golang.org\\x\\crypto\\cryptobyte\\string.go"
go tool buildid -w "$WORK\\b175\\_pkg_.a" # internal
cp "$WORK\\b175\\_pkg_.a" "C:\\Users\\sanya\\AppData\\Local\\go-build\\77\\776ebbf378755ab447344801f165065035999877bdc9a36f56cbe05d38325251-d" # internal
mkdir -p $WORK\b163\
crypto/x509/pkix
cat >C:\Users\sanya\AppData\Local\Temp\go-build1247343387\b163\importcfg << 'EOF' # internal
# import config
packagefile encoding/asn1=C:\Users\sanya\AppData\Local\Temp\go-build1247343387\b132\_pkg_.a
packagefile encoding/hex=C:\Users\sanya\AppData\Local\Temp\go-build1247343387\b164\_pkg_.a
packagefile fmt=C:\Users\sanya\AppData\Local\Temp\go-build1247343387\b002\_pkg_.a
packagefile math/big=C:\Users\sanya\AppData\Local\Temp\go-build1247343387\b121\_pkg_.a
packagefile strings=C:\Users\sanya\AppData\Local\Temp\go-build1247343387\b070\_pkg_.a
packagefile time=C:\Users\sanya\AppData\Local\Temp\go-build1247343387\b059\_pkg_.a
EOF
"C:\\msys64\\mingw64\\lib\\go\\pkg\\tool\\windows_amd64\\compile.exe" -o "$WORK\\b163\\_pkg_.a" -trimpath "$WORK\\b163=>" -p crypto/x509/pkix -lang=go1.27 -std -complete -buildid FmUV-zVdUh06uC7x_2WL/FmUV-zVdUh06uC7x_2WL -goversion go1.27.0 -c=6 -nolocalimports -importcfg "$WORK\\b163\\importcfg" -pack "C:\\msys64\\mingw64\\lib\\go\\src\\crypto\\x509\\pkix\\pkix.go"
go tool buildid -w "$WORK\\b157\\_pkg_.a" # internal
go tool buildid -w "$WORK\\b142\\_pkg_.a" # internal
cp "$WORK\\b157\\_pkg_.a" "C:\\Users\\sanya\\AppData\\Local\\go-build\\b1\\b1b4c1cb9b773ab347f9717dba827e9be88127b7c775f035fbe993e6fdf20116-d" # internal
mkdir -p $WORK\b185\
mime
cat >C:\Users\sanya\AppData\Local\Temp\go-build1247343387\b185\importcfg << 'EOF' # internal
# import config
packagefile bytes=C:\Users\sanya\AppData\Local\Temp\go-build1247343387\b069\_pkg_.a
packagefile encoding/base64=C:\Users\sanya\AppData\Local\Temp\go-build1247343387\b166\_pkg_.a
packagefile errors=C:\Users\sanya\AppData\Local\Temp\go-build1247343387\b003\_pkg_.a
packagefile fmt=C:\Users\sanya\AppData\Local\Temp\go-build1247343387\b002\_pkg_.a
packagefile internal/syscall/windows/registry=C:\Users\sanya\AppData\Local\Temp\go-build1247343387\b060\_pkg_.a
packagefile io=C:\Users\sanya\AppData\Local\Temp\go-build1247343387\b048\_pkg_.a
packagefile maps=C:\Users\sanya\AppData\Local\Temp\go-build1247343387\b167\_pkg_.a
packagefile slices=C:\Users\sanya\AppData\Local\Temp\go-build1247343387\b047\_pkg_.a
packagefile strings=C:\Users\sanya\AppData\Local\Temp\go-build1247343387\b070\_pkg_.a
packagefile sync=C:\Users\sanya\AppData\Local\Temp\go-build1247343387\b042\_pkg_.a
packagefile unicode=C:\Users\sanya\AppData\Local\Temp\go-build1247343387\b046\_pkg_.a
packagefile unicode/utf8=C:\Users\sanya\AppData\Local\Temp\go-build1247343387\b041\_pkg_.a
EOF
"C:\\msys64\\mingw64\\lib\\go\\pkg\\tool\\windows_amd64\\compile.exe" -o "$WORK\\b185\\_pkg_.a" -trimpath "$WORK\\b185=>" -p mime -lang=go1.27 -std -complete -buildid 7BKxrOa-briM-nqR99sI/7BKxrOa-briM-nqR99sI -goversion go1.27.0 -c=5 -nolocalimports -importcfg "$WORK\\b185\\importcfg" -pack "C:\\msys64\\mingw64\\lib\\go\\src\\mime\\encodedword.go" "C:\\msys64\\mingw64\\lib\\go\\src\\mime\\grammar.go" "C:\\msys64\\mingw64\\lib\\go\\src\\mime\\mediatype.go" "C:\\msys64\\mingw64\\lib\\go\\src\\mime\\type.go" "C:\\msys64\\mingw64\\lib\\go\\src\\mime\\type_windows.go"
cp "$WORK\\b142\\_pkg_.a" "C:\\Users\\sanya\\AppData\\Local\\go-build\\2f\\2fd1f2a16b0c72db0b6bd9da0986fe5bd29e22febd5ecef9f9f6fa60d2d9dc00-d" # internal
mkdir -p $WORK\b187\
mime/quotedprintable
cat >C:\Users\sanya\AppData\Local\Temp\go-build1247343387\b187\importcfg << 'EOF' # internal
# import config
packagefile bufio=C:\Users\sanya\AppData\Local\Temp\go-build1247343387\b068\_pkg_.a
packagefile bytes=C:\Users\sanya\AppData\Local\Temp\go-build1247343387\b069\_pkg_.a
packagefile fmt=C:\Users\sanya\AppData\Local\Temp\go-build1247343387\b002\_pkg_.a
packagefile io=C:\Users\sanya\AppData\Local\Temp\go-build1247343387\b048\_pkg_.a
EOF
"C:\\msys64\\mingw64\\lib\\go\\pkg\\tool\\windows_amd64\\compile.exe" -o "$WORK\\b187\\_pkg_.a" -trimpath "$WORK\\b187=>" -p mime/quotedprintable -lang=go1.27 -std -complete -buildid hsafhAG1LsZ3wOh3dSgx/hsafhAG1LsZ3wOh3dSgx -goversion go1.27.0 -c=5 -nolocalimports -importcfg "$WORK\\b187\\importcfg" -pack "C:\\msys64\\mingw64\\lib\\go\\src\\mime\\quotedprintable\\reader.go" "C:\\msys64\\mingw64\\lib\\go\\src\\mime\\quotedprintable\\writer.go"
go tool buildid -w "$WORK\\b181\\_pkg_.a" # internal
go tool buildid -w "$WORK\\b135\\_pkg_.a" # internal
cp "$WORK\\b181\\_pkg_.a" "C:\\Users\\sanya\\AppData\\Local\\go-build\\d7\\d71f395c522f6a75a95184d9ad21e6557040d821b23afaea3b04605c38a3707b-d" # internal
mkdir -p $WORK\b179\
vendor/golang.org/x/text/secure/bidirule
go tool buildid -w "$WORK\\b163\\_pkg_.a" # internal
cat >C:\Users\sanya\AppData\Local\Temp\go-build1247343387\b179\importcfg << 'EOF' # internal
# import config
importmap golang.org/x/text/transform=vendor/golang.org/x/text/transform
importmap golang.org/x/text/unicode/bidi=vendor/golang.org/x/text/unicode/bidi
packagefile errors=C:\Users\sanya\AppData\Local\Temp\go-build1247343387\b003\_pkg_.a
packagefile vendor/golang.org/x/text/transform=C:\Users\sanya\AppData\Local\Temp\go-build1247343387\b180\_pkg_.a
packagefile vendor/golang.org/x/text/unicode/bidi=C:\Users\sanya\AppData\Local\Temp\go-build1247343387\b181\_pkg_.a
packagefile unicode/utf8=C:\Users\sanya\AppData\Local\Temp\go-build1247343387\b041\_pkg_.a
EOF
"C:\\msys64\\mingw64\\lib\\go\\pkg\\tool\\windows_amd64\\compile.exe" -o "$WORK\\b179\\_pkg_.a" -trimpath "$WORK\\b179=>" -p vendor/golang.org/x/text/secure/bidirule -lang=go1.27 -std -complete -buildid TEhLbMYc9S1KV28anAH_/TEhLbMYc9S1KV28anAH_ -goversion go1.27.0 -c=7 -nolocalimports -importcfg "$WORK\\b179\\importcfg" -pack "C:\\msys64\\mingw64\\lib\\go\\src\\vendor\\golang.org\\x\\text\\secure\\bidirule\\bidirule.go"
go tool buildid -w "$WORK\\b131\\_pkg_.a" # internal
go tool buildid -w "$WORK\\b187\\_pkg_.a" # internal
cp "$WORK\\b135\\_pkg_.a" "C:\\Users\\sanya\\AppData\\Local\\go-build\\c0\\c01cc6eb44f093e5c6035831dda13a6c1b0955b9b43332bd693e9d8cc3de6f3b-d" # internal
mkdir -p $WORK\b189\
net/http/internal
cat >C:\Users\sanya\AppData\Local\Temp\go-build1247343387\b189\importcfg << 'EOF' # internal
# import config
packagefile bufio=C:\Users\sanya\AppData\Local\Temp\go-build1247343387\b068\_pkg_.a
packagefile bytes=C:\Users\sanya\AppData\Local\Temp\go-build1247343387\b069\_pkg_.a
packagefile encoding/binary=C:\Users\sanya\AppData\Local\Temp\go-build1247343387\b077\_pkg_.a
packagefile errors=C:\Users\sanya\AppData\Local\Temp\go-build1247343387\b003\_pkg_.a
packagefile fmt=C:\Users\sanya\AppData\Local\Temp\go-build1247343387\b002\_pkg_.a
packagefile io=C:\Users\sanya\AppData\Local\Temp\go-build1247343387\b048\_pkg_.a
EOF
"C:\\msys64\\mingw64\\lib\\go\\pkg\\tool\\windows_amd64\\compile.exe" -o "$WORK\\b189\\_pkg_.a" -trimpath "$WORK\\b189=>" -p net/http/internal -lang=go1.27 -std -complete -buildid qG9o30fNKGhG45x-aB5m/qG9o30fNKGhG45x-aB5m -goversion go1.27.0 -c=6 -nolocalimports -importcfg "$WORK\\b189\\importcfg" -pack "C:\\msys64\\mingw64\\lib\\go\\src\\net\\http\\internal\\chunked.go" "C:\\msys64\\mingw64\\lib\\go\\src\\net\\http\\internal\\common.go" "C:\\msys64\\mingw64\\lib\\go\\src\\net\\http\\internal\\sniff.go"
cp "$WORK\\b163\\_pkg_.a" "C:\\Users\\sanya\\AppData\\Local\\go-build\\f1\\f1cd32c5f2b467660756e8fb676f9f4c6e7003ec7b6786ab089170518009ebed-d" # internal
cp "$WORK\\b187\\_pkg_.a" "C:\\Users\\sanya\\AppData\\Local\\go-build\\3f\\3f1c4c0a59cf9d3103a07c0f380789c70d3f21081eeff7505a01e9202832f350-d" # internal
mkdir -p $WORK\b203\
mkdir -p $WORK\b192\
cp "$WORK\\b131\\_pkg_.a" "C:\\Users\\sanya\\AppData\\Local\\go-build\\b8\\b87c5b31ae54aa1eedfa8450dfb633ffb74a0c5b5efa9c576359d3931f6b42dd-d" # internal
mkdir -p $WORK\b119\
encoding/json/v2
cat >C:\Users\sanya\AppData\Local\Temp\go-build1247343387\b203\importcfg << 'EOF' # internal
# import config
packagefile bytes=C:\Users\sanya\AppData\Local\Temp\go-build1247343387\b069\_pkg_.a
packagefile cmp=C:\Users\sanya\AppData\Local\Temp\go-build1247343387\b036\_pkg_.a
packagefile encoding=C:\Users\sanya\AppData\Local\Temp\go-build1247343387\b197\_pkg_.a
packagefile encoding/base32=C:\Users\sanya\AppData\Local\Temp\go-build1247343387\b204\_pkg_.a
packagefile encoding/base64=C:\Users\sanya\AppData\Local\Temp\go-build1247343387\b166\_pkg_.a
packagefile encoding/binary=C:\Users\sanya\AppData\Local\Temp\go-build1247343387\b077\_pkg_.a
packagefile encoding/hex=C:\Users\sanya\AppData\Local\Temp\go-build1247343387\b164\_pkg_.a
packagefile encoding/json/internal=C:\Users\sanya\AppData\Local\Temp\go-build1247343387\b198\_pkg_.a
packagefile encoding/json/internal/jsonflags=C:\Users\sanya\AppData\Local\Temp\go-build1247343387\b199\_pkg_.a
packagefile encoding/json/internal/jsonopts=C:\Users\sanya\AppData\Local\Temp\go-build1247343387\b200\_pkg_.a
packagefile encoding/json/internal/jsonwire=C:\Users\sanya\AppData\Local\Temp\go-build1247343387\b201\_pkg_.a
packagefile encoding/json/jsontext=C:\Users\sanya\AppData\Local\Temp\go-build1247343387\b202\_pkg_.a
packagefile errors=C:\Users\sanya\AppData\Local\Temp\go-build1247343387\b003\_pkg_.a
packagefile fmt=C:\Users\sanya\AppData\Local\Temp\go-build1247343387\b002\_pkg_.a
packagefile io=C:\Users\sanya\AppData\Local\Temp\go-build1247343387\b048\_pkg_.a
packagefile math=C:\Users\sanya\AppData\Local\Temp\go-build1247343387\b039\_pkg_.a
packagefile math/bits=C:\Users\sanya\AppData\Local\Temp\go-build1247343387\b029\_pkg_.a
packagefile reflect=C:\Users\sanya\AppData\Local\Temp\go-build1247343387\b037\_pkg_.a
packagefile slices=C:\Users\sanya\AppData\Local\Temp\go-build1247343387\b047\_pkg_.a
packagefile strconv=C:\Users\sanya\AppData\Local\Temp\go-build1247343387\b040\_pkg_.a
packagefile strings=C:\Users\sanya\AppData\Local\Temp\go-build1247343387\b070\_pkg_.a
packagefile sync=C:\Users\sanya\AppData\Local\Temp\go-build1247343387\b042\_pkg_.a
packagefile time=C:\Users\sanya\AppData\Local\Temp\go-build1247343387\b059\_pkg_.a
packagefile unicode=C:\Users\sanya\AppData\Local\Temp\go-build1247343387\b046\_pkg_.a
packagefile unicode/utf8=C:\Users\sanya\AppData\Local\Temp\go-build1247343387\b041\_pkg_.a
EOF
"C:\\msys64\\mingw64\\lib\\go\\pkg\\tool\\windows_amd64\\compile.exe" -o "$WORK\\b203\\_pkg_.a" -trimpath "$WORK\\b203=>" -p encoding/json/v2 -lang=go1.27 -std -complete -buildid 0TSNuaViFm1Lh0cYY4yE/0TSNuaViFm1Lh0cYY4yE -goversion go1.27.0 -c=5 -nolocalimports -importcfg "$WORK\\b203\\importcfg" -pack "C:\\msys64\\mingw64\\lib\\go\\src\\encoding\\json\\v2\\arshal.go" "C:\\msys64\\mingw64\\lib\\go\\src\\encoding\\json\\v2\\arshal_any.go" "C:\\msys64\\mingw64\\lib\\go\\src\\encoding\\json\\v2\\arshal_default.go" "C:\\msys64\\mingw64\\lib\\go\\src\\encoding\\json\\v2\\arshal_embedded.go" "C:\\msys64\\mingw64\\lib\\go\\src\\encoding\\json\\v2\\arshal_funcs.go" "C:\\msys64\\mingw64\\lib\\go\\src\\encoding\\json\\v2\\arshal_methods.go" "C:\\msys64\\mingw64\\lib\\go\\src\\encoding\\json\\v2\\arshal_time.go" "C:\\msys64\\mingw64\\lib\\go\\src\\encoding\\json\\v2\\doc.go" "C:\\msys64\\mingw64\\lib\\go\\src\\encoding\\json\\v2\\errors.go" "C:\\msys64\\mingw64\\lib\\go\\src\\encoding\\json\\v2\\fields.go" "C:\\msys64\\mingw64\\lib\\go\\src\\encoding\\json\\v2\\fold.go" "C:\\msys64\\mingw64\\lib\\go\\src\\encoding\\json\\v2\\intern.go" "C:\\msys64\\mingw64\\lib\\go\\src\\encoding\\json\\v2\\options.go"
crypto/ecdsa
vendor/golang.org/x/net/http2/hpack
cat >C:\Users\sanya\AppData\Local\Temp\go-build1247343387\b192\importcfg << 'EOF' # internal
# import config
packagefile bytes=C:\Users\sanya\AppData\Local\Temp\go-build1247343387\b069\_pkg_.a
packagefile errors=C:\Users\sanya\AppData\Local\Temp\go-build1247343387\b003\_pkg_.a
packagefile fmt=C:\Users\sanya\AppData\Local\Temp\go-build1247343387\b002\_pkg_.a
packagefile io=C:\Users\sanya\AppData\Local\Temp\go-build1247343387\b048\_pkg_.a
packagefile sync=C:\Users\sanya\AppData\Local\Temp\go-build1247343387\b042\_pkg_.a
EOF
"C:\\msys64\\mingw64\\lib\\go\\pkg\\tool\\windows_amd64\\compile.exe" -o "$WORK\\b192\\_pkg_.a" -trimpath "$WORK\\b192=>" -p vendor/golang.org/x/net/http2/hpack -lang=go1.27 -std -complete -buildid EKUyDB0cWuzDwW1J36J2/EKUyDB0cWuzDwW1J36J2 -goversion go1.27.0 -c=4 -nolocalimports -importcfg "$WORK\\b192\\importcfg" -pack "C:\\msys64\\mingw64\\lib\\go\\src\\vendor\\golang.org\\x\\net\\http2\\hpack\\encode.go" "C:\\msys64\\mingw64\\lib\\go\\src\\vendor\\golang.org\\x\\net\\http2\\hpack\\hpack.go" "C:\\msys64\\mingw64\\lib\\go\\src\\vendor\\golang.org\\x\\net\\http2\\hpack\\huffman.go" "C:\\msys64\\mingw64\\lib\\go\\src\\vendor\\golang.org\\x\\net\\http2\\hpack\\static_table.go" "C:\\msys64\\mingw64\\lib\\go\\src\\vendor\\golang.org\\x\\net\\http2\\hpack\\tables.go"
cat >C:\Users\sanya\AppData\Local\Temp\go-build1247343387\b119\importcfg << 'EOF' # internal
# import config
importmap golang.org/x/crypto/cryptobyte=vendor/golang.org/x/crypto/cryptobyte
importmap golang.org/x/crypto/cryptobyte/asn1=vendor/golang.org/x/crypto/cryptobyte/asn1
packagefile crypto=C:\Users\sanya\AppData\Local\Temp\go-build1247343387\b083\_pkg_.a
packagefile crypto/ecdh=C:\Users\sanya\AppData\Local\Temp\go-build1247343387\b111\_pkg_.a
packagefile crypto/elliptic=C:\Users\sanya\AppData\Local\Temp\go-build1247343387\b120\_pkg_.a
packagefile crypto/internal/boring=C:\Users\sanya\AppData\Local\Temp\go-build1247343387\b108\_pkg_.a
packagefile crypto/internal/boring/bbig=C:\Users\sanya\AppData\Local\Temp\go-build1247343387\b123\_pkg_.a
packagefile crypto/internal/fips140/ecdsa=C:\Users\sanya\AppData\Local\Temp\go-build1247343387\b124\_pkg_.a
packagefile crypto/internal/fips140/nistec=C:\Users\sanya\AppData\Local\Temp\go-build1247343387\b113\_pkg_.a
packagefile crypto/internal/fips140cache=C:\Users\sanya\AppData\Local\Temp\go-build1247343387\b126\_pkg_.a
packagefile crypto/internal/fips140hash=C:\Users\sanya\AppData\Local\Temp\go-build1247343387\b128\_pkg_.a
packagefile crypto/internal/fips140only=C:\Users\sanya\AppData\Local\Temp\go-build1247343387\b105\_pkg_.a
packagefile crypto/internal/rand=C:\Users\sanya\AppData\Local\Temp\go-build1247343387\b116\_pkg_.a
packagefile crypto/sha512=C:\Users\sanya\AppData\Local\Temp\go-build1247343387\b130\_pkg_.a
packagefile crypto/subtle=C:\Users\sanya\AppData\Local\Temp\go-build1247343387\b107\_pkg_.a
packagefile errors=C:\Users\sanya\AppData\Local\Temp\go-build1247343387\b003\_pkg_.a
packagefile vendor/golang.org/x/crypto/cryptobyte=C:\Users\sanya\AppData\Local\Temp\go-build1247343387\b131\_pkg_.a
packagefile vendor/golang.org/x/crypto/cryptobyte/asn1=C:\Users\sanya\AppData\Local\Temp\go-build1247343387\b134\_pkg_.a
packagefile io=C:\Users\sanya\AppData\Local\Temp\go-build1247343387\b048\_pkg_.a
packagefile math/big=C:\Users\sanya\AppData\Local\Temp\go-build1247343387\b121\_pkg_.a
packagefile math/rand/v2=C:\Users\sanya\AppData\Local\Temp\go-build1247343387\b118\_pkg_.a
EOF
"C:\\msys64\\mingw64\\lib\\go\\pkg\\tool\\windows_amd64\\compile.exe" -o "$WORK\\b119\\_pkg_.a" -trimpath "$WORK\\b119=>" -p crypto/ecdsa -lang=go1.27 -std -complete -buildid X2YGWNV3pfkHyQ_3TNpZ/X2YGWNV3pfkHyQ_3TNpZ -goversion go1.27.0 -c=4 -nolocalimports -importcfg "$WORK\\b119\\importcfg" -pack "C:\\msys64\\mingw64\\lib\\go\\src\\crypto\\ecdsa\\ecdsa.go" "C:\\msys64\\mingw64\\lib\\go\\src\\crypto\\ecdsa\\ecdsa_legacy.go" "C:\\msys64\\mingw64\\lib\\go\\src\\crypto\\ecdsa\\notboring.go"
go tool buildid -w "$WORK\\b179\\_pkg_.a" # internal
go tool buildid -w "$WORK\\b189\\_pkg_.a" # internal
cp "$WORK\\b179\\_pkg_.a" "C:\\Users\\sanya\\AppData\\Local\\go-build\\5a\\5ab5a1f07fdbcb6c77a664ff2a550c19545052c3173914ec2ee738de873e6238-d" # internal
mkdir -p $WORK\b217\
github.com/fredbi/uri
cat >C:\Users\sanya\AppData\Local\Temp\go-build1247343387\b217\importcfg << 'EOF' # internal
# import config
packagefile errors=C:\Users\sanya\AppData\Local\Temp\go-build1247343387\b003\_pkg_.a
packagefile fmt=C:\Users\sanya\AppData\Local\Temp\go-build1247343387\b002\_pkg_.a
packagefile net/netip=C:\Users\sanya\AppData\Local\Temp\go-build1247343387\b172\_pkg_.a
packagefile net/url=C:\Users\sanya\AppData\Local\Temp\go-build1247343387\b174\_pkg_.a
packagefile strconv=C:\Users\sanya\AppData\Local\Temp\go-build1247343387\b040\_pkg_.a
packagefile strings=C:\Users\sanya\AppData\Local\Temp\go-build1247343387\b070\_pkg_.a
packagefile unicode=C:\Users\sanya\AppData\Local\Temp\go-build1247343387\b046\_pkg_.a
packagefile unicode/utf8=C:\Users\sanya\AppData\Local\Temp\go-build1247343387\b041\_pkg_.a
EOF
cp "$WORK\\b189\\_pkg_.a" "C:\\Users\\sanya\\AppData\\Local\\go-build\\c2\\c249bd34f6c2eccc133d89f3d5ebf0dc5619a4432d66521c8f4e654620f51f24-d" # internal
"C:\\msys64\\mingw64\\lib\\go\\pkg\\tool\\windows_amd64\\compile.exe" -o "$WORK\\b217\\_pkg_.a" -trimpath "$WORK\\b217=>" -p github.com/fredbi/uri -lang=go1.19 -complete -buildid T-czkrsY_Rh8blw3MGbk/T-czkrsY_Rh8blw3MGbk -goversion go1.27.0 -c=7 -nolocalimports -importcfg "$WORK\\b217\\importcfg" -pack "C:\\Users\\sanya\\go\\pkg\\mod\\github.com\\fredbi\\uri@v1.1.1\\builder.go" "C:\\Users\\sanya\\go\\pkg\\mod\\github.com\\fredbi\\uri@v1.1.1\\decode.go" "C:\\Users\\sanya\\go\\pkg\\mod\\github.com\\fredbi\\uri@v1.1.1\\default_ports.go" "C:\\Users\\sanya\\go\\pkg\\mod\\github.com\\fredbi\\uri@v1.1.1\\dns.go" "C:\\Users\\sanya\\go\\pkg\\mod\\github.com\\fredbi\\uri@v1.1.1\\errors.go" "C:\\Users\\sanya\\go\\pkg\\mod\\github.com\\fredbi\\uri@v1.1.1\\ip.go" "C:\\Users\\sanya\\go\\pkg\\mod\\github.com\\fredbi\\uri@v1.1.1\\post_go20.go" "C:\\Users\\sanya\\go\\pkg\\mod\\github.com\\fredbi\\uri@v1.1.1\\uri.go"
mkdir -p $WORK\b222\
encoding/xml
cat >C:\Users\sanya\AppData\Local\Temp\go-build1247343387\b222\importcfg << 'EOF' # internal
# import config
packagefile bufio=C:\Users\sanya\AppData\Local\Temp\go-build1247343387\b068\_pkg_.a
packagefile bytes=C:\Users\sanya\AppData\Local\Temp\go-build1247343387\b069\_pkg_.a
packagefile encoding=C:\Users\sanya\AppData\Local\Temp\go-build1247343387\b197\_pkg_.a
packagefile errors=C:\Users\sanya\AppData\Local\Temp\go-build1247343387\b003\_pkg_.a
packagefile fmt=C:\Users\sanya\AppData\Local\Temp\go-build1247343387\b002\_pkg_.a
packagefile io=C:\Users\sanya\AppData\Local\Temp\go-build1247343387\b048\_pkg_.a
packagefile reflect=C:\Users\sanya\AppData\Local\Temp\go-build1247343387\b037\_pkg_.a
packagefile runtime=C:\Users\sanya\AppData\Local\Temp\go-build1247343387\b009\_pkg_.a
packagefile strconv=C:\Users\sanya\AppData\Local\Temp\go-build1247343387\b040\_pkg_.a
packagefile strings=C:\Users\sanya\AppData\Local\Temp\go-build1247343387\b070\_pkg_.a
packagefile sync=C:\Users\sanya\AppData\Local\Temp\go-build1247343387\b042\_pkg_.a
packagefile unicode=C:\Users\sanya\AppData\Local\Temp\go-build1247343387\b046\_pkg_.a
packagefile unicode/utf8=C:\Users\sanya\AppData\Local\Temp\go-build1247343387\b041\_pkg_.a
EOF
"C:\\msys64\\mingw64\\lib\\go\\pkg\\tool\\windows_amd64\\compile.exe" -o "$WORK\\b222\\_pkg_.a" -trimpath "$WORK\\b222=>" -p encoding/xml -lang=go1.27 -std -complete -buildid ZtkoBtLhqXNKNzjxcRdX/ZtkoBtLhqXNKNzjxcRdX -goversion go1.27.0 -c=5 -nolocalimports -importcfg "$WORK\\b222\\importcfg" -pack "C:\\msys64\\mingw64\\lib\\go\\src\\encoding\\xml\\marshal.go" "C:\\msys64\\mingw64\\lib\\go\\src\\encoding\\xml\\read.go" "C:\\msys64\\mingw64\\lib\\go\\src\\encoding\\xml\\typeinfo.go" "C:\\msys64\\mingw64\\lib\\go\\src\\encoding\\xml\\xml.go"
go tool buildid -w "$WORK\\b185\\_pkg_.a" # internal
cp "$WORK\\b185\\_pkg_.a" "C:\\Users\\sanya\\AppData\\Local\\go-build\\26\\26dc6c630610508f750b543d25e85892c00771c5f9ac515879a20757a54b96d9-d" # internal
mkdir -p $WORK\b226\
golang.org/x/image/math/fixed
cat >C:\Users\sanya\AppData\Local\Temp\go-build1247343387\b226\importcfg << 'EOF' # internal
# import config
packagefile fmt=C:\Users\sanya\AppData\Local\Temp\go-build1247343387\b002\_pkg_.a
EOF
"C:\\msys64\\mingw64\\lib\\go\\pkg\\tool\\windows_amd64\\compile.exe" -o "$WORK\\b226\\_pkg_.a" -trimpath "$WORK\\b226=>" -p golang.org/x/image/math/fixed -lang=go1.18 -complete -buildid 8L5rhMem1W8ym1oxsK4A/8L5rhMem1W8ym1oxsK4A -goversion go1.27.0 -c=5 -nolocalimports -importcfg "$WORK\\b226\\importcfg" -pack "C:\\Users\\sanya\\go\\pkg\\mod\\golang.org\\x\\image@v0.24.0\\math\\fixed\\fixed.go"
go tool buildid -w "$WORK\\b182\\_pkg_.a" # internal
go tool buildid -w "$WORK\\b192\\_pkg_.a" # internal
cp "$WORK\\b182\\_pkg_.a" "C:\\Users\\sanya\\AppData\\Local\\go-build\\78\\78f8f4d18c87a3401458df09dcf7accdc382aa1d85fdf88e8d98c827d37df69d-d" # internal
mkdir -p $WORK\b178\
vendor/golang.org/x/net/idna
cat >C:\Users\sanya\AppData\Local\Temp\go-build1247343387\b178\importcfg << 'EOF' # internal
# import config
importmap golang.org/x/text/secure/bidirule=vendor/golang.org/x/text/secure/bidirule
importmap golang.org/x/text/unicode/bidi=vendor/golang.org/x/text/unicode/bidi
importmap golang.org/x/text/unicode/norm=vendor/golang.org/x/text/unicode/norm
packagefile fmt=C:\Users\sanya\AppData\Local\Temp\go-build1247343387\b002\_pkg_.a
packagefile vendor/golang.org/x/text/secure/bidirule=C:\Users\sanya\AppData\Local\Temp\go-build1247343387\b179\_pkg_.a
packagefile vendor/golang.org/x/text/unicode/bidi=C:\Users\sanya\AppData\Local\Temp\go-build1247343387\b181\_pkg_.a
packagefile vendor/golang.org/x/text/unicode/norm=C:\Users\sanya\AppData\Local\Temp\go-build1247343387\b182\_pkg_.a
packagefile math=C:\Users\sanya\AppData\Local\Temp\go-build1247343387\b039\_pkg_.a
packagefile strings=C:\Users\sanya\AppData\Local\Temp\go-build1247343387\b070\_pkg_.a
packagefile unicode=C:\Users\sanya\AppData\Local\Temp\go-build1247343387\b046\_pkg_.a
packagefile unicode/utf8=C:\Users\sanya\AppData\Local\Temp\go-build1247343387\b041\_pkg_.a
EOF
"C:\\msys64\\mingw64\\lib\\go\\pkg\\tool\\windows_amd64\\compile.exe" -o "$WORK\\b178\\_pkg_.a" -trimpath "$WORK\\b178=>" -p vendor/golang.org/x/net/idna -lang=go1.27 -std -complete -buildid 9ZlXU2qNV5FXT-EbbK5U/9ZlXU2qNV5FXT-EbbK5U -goversion go1.27.0 -c=5 -nolocalimports -importcfg "$WORK\\b178\\importcfg" -pack "C:\\msys64\\mingw64\\lib\\go\\src\\vendor\\golang.org\\x\\net\\idna\\idna.go" "C:\\msys64\\mingw64\\lib\\go\\src\\vendor\\golang.org\\x\\net\\idna\\punycode.go" "C:\\msys64\\mingw64\\lib\\go\\src\\vendor\\golang.org\\x\\net\\idna\\tables17.0.0.go" "C:\\msys64\\mingw64\\lib\\go\\src\\vendor\\golang.org\\x\\net\\idna\\trie.go" "C:\\msys64\\mingw64\\lib\\go\\src\\vendor\\golang.org\\x\\net\\idna\\trieval.go"
go tool buildid -w "$WORK\\b226\\_pkg_.a" # internal
cp "$WORK\\b192\\_pkg_.a" "C:\\Users\\sanya\\AppData\\Local\\go-build\\17\\17f7a4bb97259d70663cd14cc6353cf0c983d1ae82fd22f53a5c1dff736dc636-d" # internal
mkdir -p $WORK\b232\
golang.org/x/net/html
cat >C:\Users\sanya\AppData\Local\Temp\go-build1247343387\b232\importcfg << 'EOF' # internal
# import config
packagefile bufio=C:\Users\sanya\AppData\Local\Temp\go-build1247343387\b068\_pkg_.a
packagefile bytes=C:\Users\sanya\AppData\Local\Temp\go-build1247343387\b069\_pkg_.a
packagefile errors=C:\Users\sanya\AppData\Local\Temp\go-build1247343387\b003\_pkg_.a
packagefile fmt=C:\Users\sanya\AppData\Local\Temp\go-build1247343387\b002\_pkg_.a
packagefile golang.org/x/net/html/atom=C:\Users\sanya\AppData\Local\Temp\go-build1247343387\b233\_pkg_.a
packagefile io=C:\Users\sanya\AppData\Local\Temp\go-build1247343387\b048\_pkg_.a
packagefile iter=C:\Users\sanya\AppData\Local\Temp\go-build1247343387\b038\_pkg_.a
packagefile strconv=C:\Users\sanya\AppData\Local\Temp\go-build1247343387\b040\_pkg_.a
packagefile strings=C:\Users\sanya\AppData\Local\Temp\go-build1247343387\b070\_pkg_.a
packagefile unicode/utf8=C:\Users\sanya\AppData\Local\Temp\go-build1247343387\b041\_pkg_.a
EOF
"C:\\msys64\\mingw64\\lib\\go\\pkg\\tool\\windows_amd64\\compile.exe" -o "$WORK\\b232\\_pkg_.a" -trimpath "$WORK\\b232=>" -p golang.org/x/net/html -lang=go1.18 -complete -buildid RoAoWu3U6z7b9aluo49S/RoAoWu3U6z7b9aluo49S -goversion go1.27.0 -c=5 -nolocalimports -importcfg "$WORK\\b232\\importcfg" -pack "C:\\Users\\sanya\\go\\pkg\\mod\\golang.org\\x\\net@v0.35.0\\html\\const.go" "C:\\Users\\sanya\\go\\pkg\\mod\\golang.org\\x\\net@v0.35.0\\html\\doc.go" "C:\\Users\\sanya\\go\\pkg\\mod\\golang.org\\x\\net@v0.35.0\\html\\doctype.go" "C:\\Users\\sanya\\go\\pkg\\mod\\golang.org\\x\\net@v0.35.0\\html\\entity.go" "C:\\Users\\sanya\\go\\pkg\\mod\\golang.org\\x\\net@v0.35.0\\html\\escape.go" "C:\\Users\\sanya\\go\\pkg\\mod\\golang.org\\x\\net@v0.35.0\\html\\foreign.go" "C:\\Users\\sanya\\go\\pkg\\mod\\golang.org\\x\\net@v0.35.0\\html\\iter.go" "C:\\Users\\sanya\\go\\pkg\\mod\\golang.org\\x\\net@v0.35.0\\html\\node.go" "C:\\Users\\sanya\\go\\pkg\\mod\\golang.org\\x\\net@v0.35.0\\html\\parse.go" "C:\\Users\\sanya\\go\\pkg\\mod\\golang.org\\x\\net@v0.35.0\\html\\render.go" "C:\\Users\\sanya\\go\\pkg\\mod\\golang.org\\x\\net@v0.35.0\\html\\token.go"
go tool buildid -w "$WORK\\b217\\_pkg_.a" # internal
cp "$WORK\\b217\\_pkg_.a" "C:\\Users\\sanya\\AppData\\Local\\go-build\\3b\\3bb112570fd297c80c6cbc7f9ddb7bfe16d82aa36f5b9eb101382f626c93abf5-d" # internal
mkdir -p $WORK\b242\
golang.org/x/text/encoding/simplifiedchinese
cat >C:\Users\sanya\AppData\Local\Temp\go-build1247343387\b242\importcfg << 'EOF' # internal
# import config
packagefile golang.org/x/text/encoding=C:\Users\sanya\AppData\Local\Temp\go-build1247343387\b234\_pkg_.a
packagefile golang.org/x/text/encoding/internal=C:\Users\sanya\AppData\Local\Temp\go-build1247343387\b238\_pkg_.a
packagefile golang.org/x/text/encoding/internal/identifier=C:\Users\sanya\AppData\Local\Temp\go-build1247343387\b235\_pkg_.a
packagefile golang.org/x/text/transform=C:\Users\sanya\AppData\Local\Temp\go-build1247343387\b236\_pkg_.a
packagefile unicode/utf8=C:\Users\sanya\AppData\Local\Temp\go-build1247343387\b041\_pkg_.a
EOF
"C:\\msys64\\mingw64\\lib\\go\\pkg\\tool\\windows_amd64\\compile.exe" -o "$WORK\\b242\\_pkg_.a" -trimpath "$WORK\\b242=>" -p golang.org/x/text/encoding/simplifiedchinese -lang=go1.18 -complete -buildid Ij3m-0cTNSo8ks1TWUOB/Ij3m-0cTNSo8ks1TWUOB -goversion go1.27.0 -c=6 -nolocalimports -importcfg "$WORK\\b242\\importcfg" -pack "C:\\Users\\sanya\\go\\pkg\\mod\\golang.org\\x\\text@v0.22.0\\encoding\\simplifiedchinese\\all.go" "C:\\Users\\sanya\\go\\pkg\\mod\\golang.org\\x\\text@v0.22.0\\encoding\\simplifiedchinese\\gbk.go" "C:\\Users\\sanya\\go\\pkg\\mod\\golang.org\\x\\text@v0.22.0\\encoding\\simplifiedchinese\\hzgb2312.go" "C:\\Users\\sanya\\go\\pkg\\mod\\golang.org\\x\\text@v0.22.0\\encoding\\simplifiedchinese\\tables.go"
cp "$WORK\\b226\\_pkg_.a" "C:\\Users\\sanya\\AppData\\Local\\go-build\\ab\\ab175cbf7e9247d9ccff7f94de56b16231495acb1a4bfbac7e63c9489db67513-d" # internal
mkdir -p $WORK\b225\
github.com/srwiley/rasterx
cat >C:\Users\sanya\AppData\Local\Temp\go-build1247343387\b225\importcfg << 'EOF' # internal
# import config
packagefile fmt=C:\Users\sanya\AppData\Local\Temp\go-build1247343387\b002\_pkg_.a
packagefile golang.org/x/image/math/fixed=C:\Users\sanya\AppData\Local\Temp\go-build1247343387\b226\_pkg_.a
packagefile golang.org/x/image/vector=C:\Users\sanya\AppData\Local\Temp\go-build1247343387\b227\_pkg_.a
packagefile image=C:\Users\sanya\AppData\Local\Temp\go-build1247343387\b067\_pkg_.a
packagefile image/color=C:\Users\sanya\AppData\Local\Temp\go-build1247343387\b071\_pkg_.a
packagefile image/draw=C:\Users\sanya\AppData\Local\Temp\go-build1247343387\b228\_pkg_.a
packagefile math=C:\Users\sanya\AppData\Local\Temp\go-build1247343387\b039\_pkg_.a
packagefile sort=C:\Users\sanya\AppData\Local\Temp\go-build1247343387\b176\_pkg_.a
EOF
"C:\\msys64\\mingw64\\lib\\go\\pkg\\tool\\windows_amd64\\compile.exe" -o "$WORK\\b225\\_pkg_.a" -trimpath "$WORK\\b225=>" -p github.com/srwiley/rasterx -lang=go1.17 -complete -buildid bRlsrzac1O0NZWjn_Qjb/bRlsrzac1O0NZWjn_Qjb -goversion go1.27.0 -c=5 -nolocalimports -importcfg "$WORK\\b225\\importcfg" -pack "C:\\Users\\sanya\\go\\pkg\\mod\\github.com\\srwiley\\rasterx@v0.0.0-20220730225603-2ab79fcdd4ef\\dash.go" "C:\\Users\\sanya\\go\\pkg\\mod\\github.com\\srwiley\\rasterx@v0.0.0-20220730225603-2ab79fcdd4ef\\fill.go" "C:\\Users\\sanya\\go\\pkg\\mod\\github.com\\srwiley\\rasterx@v0.0.0-20220730225603-2ab79fcdd4ef\\geomx.go" "C:\\Users\\sanya\\go\\pkg\\mod\\github.com\\srwiley\\rasterx@v0.0.0-20220730225603-2ab79fcdd4ef\\gradient.go" "C:\\Users\\sanya\\go\\pkg\\mod\\github.com\\srwiley\\rasterx@v0.0.0-20220730225603-2ab79fcdd4ef\\matrix.go" "C:\\Users\\sanya\\go\\pkg\\mod\\github.com\\srwiley\\rasterx@v0.0.0-20220730225603-2ab79fcdd4ef\\scan.go" "C:\\Users\\sanya\\go\\pkg\\mod\\github.com\\srwiley\\rasterx@v0.0.0-20220730225603-2ab79fcdd4ef\\shapes.go" "C:\\Users\\sanya\\go\\pkg\\mod\\github.com\\srwiley\\rasterx@v0.0.0-20220730225603-2ab79fcdd4ef\\stroke.go"
go tool buildid -w "$WORK\\b225\\_pkg_.a" # internal
go tool buildid -w "$WORK\\b168\\_pkg_.a" # internal
cp "$WORK\\b225\\_pkg_.a" "C:\\Users\\sanya\\AppData\\Local\\go-build\\2b\\2b20b3eac9a393a364357526abdd90a2a36d482f2565eec749f8318b0997cfa9-d" # internal
mkdir -p $WORK\b243\
golang.org/x/text/encoding/traditionalchinese
cat >C:\Users\sanya\AppData\Local\Temp\go-build1247343387\b243\importcfg << 'EOF' # internal
# import config
packagefile golang.org/x/text/encoding=C:\Users\sanya\AppData\Local\Temp\go-build1247343387\b234\_pkg_.a
packagefile golang.org/x/text/encoding/internal=C:\Users\sanya\AppData\Local\Temp\go-build1247343387\b238\_pkg_.a
packagefile golang.org/x/text/encoding/internal/identifier=C:\Users\sanya\AppData\Local\Temp\go-build1247343387\b235\_pkg_.a
packagefile golang.org/x/text/transform=C:\Users\sanya\AppData\Local\Temp\go-build1247343387\b236\_pkg_.a
packagefile unicode/utf8=C:\Users\sanya\AppData\Local\Temp\go-build1247343387\b041\_pkg_.a
EOF
"C:\\msys64\\mingw64\\lib\\go\\pkg\\tool\\windows_amd64\\compile.exe" -o "$WORK\\b243\\_pkg_.a" -trimpath "$WORK\\b243=>" -p golang.org/x/text/encoding/traditionalchinese -lang=go1.18 -complete -buildid Lb5bucU2xTLWpUn34uzw/Lb5bucU2xTLWpUn34uzw -goversion go1.27.0 -c=7 -nolocalimports -importcfg "$WORK\\b243\\importcfg" -pack "C:\\Users\\sanya\\go\\pkg\\mod\\golang.org\\x\\text@v0.22.0\\encoding\\traditionalchinese\\big5.go" "C:\\Users\\sanya\\go\\pkg\\mod\\golang.org\\x\\text@v0.22.0\\encoding\\traditionalchinese\\tables.go"
go tool buildid -w "$WORK\\b178\\_pkg_.a" # internal
cp "$WORK\\b178\\_pkg_.a" "C:\\Users\\sanya\\AppData\\Local\\go-build\\81\\817c1685a7ccf8480c98d5250cc035ce87d9e7bec6cd1169af7f3fff5068c91e-d" # internal
mkdir -p $WORK\b244\
golang.org/x/text/encoding/unicode
cat >C:\Users\sanya\AppData\Local\Temp\go-build1247343387\b244\importcfg << 'EOF' # internal
# import config
packagefile bytes=C:\Users\sanya\AppData\Local\Temp\go-build1247343387\b069\_pkg_.a
packagefile errors=C:\Users\sanya\AppData\Local\Temp\go-build1247343387\b003\_pkg_.a
packagefile golang.org/x/text/encoding=C:\Users\sanya\AppData\Local\Temp\go-build1247343387\b234\_pkg_.a
packagefile golang.org/x/text/encoding/internal=C:\Users\sanya\AppData\Local\Temp\go-build1247343387\b238\_pkg_.a
packagefile golang.org/x/text/encoding/internal/identifier=C:\Users\sanya\AppData\Local\Temp\go-build1247343387\b235\_pkg_.a
packagefile golang.org/x/text/internal/utf8internal=C:\Users\sanya\AppData\Local\Temp\go-build1247343387\b245\_pkg_.a
packagefile golang.org/x/text/runes=C:\Users\sanya\AppData\Local\Temp\go-build1247343387\b246\_pkg_.a
packagefile golang.org/x/text/transform=C:\Users\sanya\AppData\Local\Temp\go-build1247343387\b236\_pkg_.a
packagefile unicode/utf16=C:\Users\sanya\AppData\Local\Temp\go-build1247343387\b056\_pkg_.a
packagefile unicode/utf8=C:\Users\sanya\AppData\Local\Temp\go-build1247343387\b041\_pkg_.a
EOF
"C:\\msys64\\mingw64\\lib\\go\\pkg\\tool\\windows_amd64\\compile.exe" -o "$WORK\\b244\\_pkg_.a" -trimpath "$WORK\\b244=>" -p golang.org/x/text/encoding/unicode -lang=go1.18 -complete -buildid plsvAA5o27AJ5DOgMa4f/plsvAA5o27AJ5DOgMa4f -goversion go1.27.0 -c=6 -nolocalimports -importcfg "$WORK\\b244\\importcfg" -pack "C:\\Users\\sanya\\go\\pkg\\mod\\golang.org\\x\\text@v0.22.0\\encoding\\unicode\\override.go" "C:\\Users\\sanya\\go\\pkg\\mod\\golang.org\\x\\text@v0.22.0\\encoding\\unicode\\unicode.go"
cp "$WORK\\b168\\_pkg_.a" "C:\\Users\\sanya\\AppData\\Local\\go-build\\02\\027eb7104cd1bf8ae9f73ea3031e6de09091cea7eb1285786759e4c8b39ca663-d" # internal
mkdir -p $WORK\b183\
net/textproto
cat >C:\Users\sanya\AppData\Local\Temp\go-build1247343387\b183\importcfg << 'EOF' # internal
# import config
packagefile bufio=C:\Users\sanya\AppData\Local\Temp\go-build1247343387\b068\_pkg_.a
packagefile bytes=C:\Users\sanya\AppData\Local\Temp\go-build1247343387\b069\_pkg_.a
packagefile errors=C:\Users\sanya\AppData\Local\Temp\go-build1247343387\b003\_pkg_.a
packagefile fmt=C:\Users\sanya\AppData\Local\Temp\go-build1247343387\b002\_pkg_.a
packagefile io=C:\Users\sanya\AppData\Local\Temp\go-build1247343387\b048\_pkg_.a
packagefile math=C:\Users\sanya\AppData\Local\Temp\go-build1247343387\b039\_pkg_.a
packagefile net=C:\Users\sanya\AppData\Local\Temp\go-build1247343387\b168\_pkg_.a
packagefile strconv=C:\Users\sanya\AppData\Local\Temp\go-build1247343387\b040\_pkg_.a
packagefile strings=C:\Users\sanya\AppData\Local\Temp\go-build1247343387\b070\_pkg_.a
packagefile sync=C:\Users\sanya\AppData\Local\Temp\go-build1247343387\b042\_pkg_.a
EOF
"C:\\msys64\\mingw64\\lib\\go\\pkg\\tool\\windows_amd64\\compile.exe" -o "$WORK\\b183\\_pkg_.a" -trimpath "$WORK\\b183=>" -p net/textproto -lang=go1.27 -std -complete -buildid Hs7tzprj9x9fU-Ut9269/Hs7tzprj9x9fU-Ut9269 -goversion go1.27.0 -c=5 -nolocalimports -importcfg "$WORK\\b183\\importcfg" -pack "C:\\msys64\\mingw64\\lib\\go\\src\\net\\textproto\\header.go" "C:\\msys64\\mingw64\\lib\\go\\src\\net\\textproto\\pipeline.go" "C:\\msys64\\mingw64\\lib\\go\\src\\net\\textproto\\reader.go" "C:\\msys64\\mingw64\\lib\\go\\src\\net\\textproto\\textproto.go" "C:\\msys64\\mingw64\\lib\\go\\src\\net\\textproto\\writer.go"
go tool buildid -w "$WORK\\b119\\_pkg_.a" # internal
go tool buildid -w "$WORK\\b244\\_pkg_.a" # internal
cp "$WORK\\b119\\_pkg_.a" "C:\\Users\\sanya\\AppData\\Local\\go-build\\eb\\ebb0b8be5b209a5671a780dc74484ebef476105bcd19ecc7950bb89e66523391-d" # internal
go tool buildid -w "$WORK\\b222\\_pkg_.a" # internal
mkdir -p $WORK\b161\
crypto/x509
cat >C:\Users\sanya\AppData\Local\Temp\go-build1247343387\b161\importcfg << 'EOF' # internal
# import config
importmap golang.org/x/crypto/cryptobyte=vendor/golang.org/x/crypto/cryptobyte
importmap golang.org/x/crypto/cryptobyte/asn1=vendor/golang.org/x/crypto/cryptobyte/asn1
packagefile bytes=C:\Users\sanya\AppData\Local\Temp\go-build1247343387\b069\_pkg_.a
packagefile crypto=C:\Users\sanya\AppData\Local\Temp\go-build1247343387\b083\_pkg_.a
packagefile crypto/aes=C:\Users\sanya\AppData\Local\Temp\go-build1247343387\b084\_pkg_.a
packagefile crypto/cipher=C:\Users\sanya\AppData\Local\Temp\go-build1247343387\b085\_pkg_.a
packagefile crypto/des=C:\Users\sanya\AppData\Local\Temp\go-build1247343387\b110\_pkg_.a
packagefile crypto/dsa=C:\Users\sanya\AppData\Local\Temp\go-build1247343387\b162\_pkg_.a
packagefile crypto/ecdh=C:\Users\sanya\AppData\Local\Temp\go-build1247343387\b111\_pkg_.a
packagefile crypto/ecdsa=C:\Users\sanya\AppData\Local\Temp\go-build1247343387\b119\_pkg_.a
packagefile crypto/ed25519=C:\Users\sanya\AppData\Local\Temp\go-build1247343387\b135\_pkg_.a
packagefile crypto/elliptic=C:\Users\sanya\AppData\Local\Temp\go-build1247343387\b120\_pkg_.a
packagefile crypto/fips140=C:\Users\sanya\AppData\Local\Temp\go-build1247343387\b106\_pkg_.a
packagefile crypto/md5=C:\Users\sanya\AppData\Local\Temp\go-build1247343387\b153\_pkg_.a
packagefile crypto/mldsa=C:\Users\sanya\AppData\Local\Temp\go-build1247343387\b154\_pkg_.a
packagefile crypto/rsa=C:\Users\sanya\AppData\Local\Temp\go-build1247343387\b157\_pkg_.a
packagefile crypto/sha1=C:\Users\sanya\AppData\Local\Temp\go-build1247343387\b159\_pkg_.a
packagefile crypto/sha256=C:\Users\sanya\AppData\Local\Temp\go-build1247343387\b145\_pkg_.a
packagefile crypto/sha512=C:\Users\sanya\AppData\Local\Temp\go-build1247343387\b130\_pkg_.a
packagefile crypto/x509/pkix=C:\Users\sanya\AppData\Local\Temp\go-build1247343387\b163\_pkg_.a
packagefile encoding/asn1=C:\Users\sanya\AppData\Local\Temp\go-build1247343387\b132\_pkg_.a
packagefile encoding/hex=C:\Users\sanya\AppData\Local\Temp\go-build1247343387\b164\_pkg_.a
packagefile encoding/pem=C:\Users\sanya\AppData\Local\Temp\go-build1247343387\b165\_pkg_.a
packagefile errors=C:\Users\sanya\AppData\Local\Temp\go-build1247343387\b003\_pkg_.a
packagefile fmt=C:\Users\sanya\AppData\Local\Temp\go-build1247343387\b002\_pkg_.a
packagefile vendor/golang.org/x/crypto/cryptobyte=C:\Users\sanya\AppData\Local\Temp\go-build1247343387\b131\_pkg_.a
packagefile vendor/golang.org/x/crypto/cryptobyte/asn1=C:\Users\sanya\AppData\Local\Temp\go-build1247343387\b134\_pkg_.a
packagefile internal/godebug=C:\Users\sanya\AppData\Local\Temp\go-build1247343387\b061\_pkg_.a
packagefile io=C:\Users\sanya\AppData\Local\Temp\go-build1247343387\b048\_pkg_.a
packagefile io/fs=C:\Users\sanya\AppData\Local\Temp\go-build1247343387\b057\_pkg_.a
packagefile iter=C:\Users\sanya\AppData\Local\Temp\go-build1247343387\b038\_pkg_.a
packagefile maps=C:\Users\sanya\AppData\Local\Temp\go-build1247343387\b167\_pkg_.a
packagefile math=C:\Users\sanya\AppData\Local\Temp\go-build1247343387\b039\_pkg_.a
packagefile math/big=C:\Users\sanya\AppData\Local\Temp\go-build1247343387\b121\_pkg_.a
packagefile math/bits=C:\Users\sanya\AppData\Local\Temp\go-build1247343387\b029\_pkg_.a
packagefile net=C:\Users\sanya\AppData\Local\Temp\go-build1247343387\b168\_pkg_.a
packagefile net/netip=C:\Users\sanya\AppData\Local\Temp\go-build1247343387\b172\_pkg_.a
packagefile net/url=C:\Users\sanya\AppData\Local\Temp\go-build1247343387\b174\_pkg_.a
packagefile os=C:\Users\sanya\AppData\Local\Temp\go-build1247343387\b049\_pkg_.a
packagefile path/filepath=C:\Users\sanya\AppData\Local\Temp\go-build1247343387\b175\_pkg_.a
packagefile runtime=C:\Users\sanya\AppData\Local\Temp\go-build1247343387\b009\_pkg_.a
packagefile slices=C:\Users\sanya\AppData\Local\Temp\go-build1247343387\b047\_pkg_.a
packagefile strconv=C:\Users\sanya\AppData\Local\Temp\go-build1247343387\b040\_pkg_.a
packagefile strings=C:\Users\sanya\AppData\Local\Temp\go-build1247343387\b070\_pkg_.a
packagefile sync=C:\Users\sanya\AppData\Local\Temp\go-build1247343387\b042\_pkg_.a
packagefile syscall=C:\Users\sanya\AppData\Local\Temp\go-build1247343387\b055\_pkg_.a
packagefile time=C:\Users\sanya\AppData\Local\Temp\go-build1247343387\b059\_pkg_.a
packagefile unicode=C:\Users\sanya\AppData\Local\Temp\go-build1247343387\b046\_pkg_.a
packagefile unicode/utf16=C:\Users\sanya\AppData\Local\Temp\go-build1247343387\b056\_pkg_.a
packagefile unicode/utf8=C:\Users\sanya\AppData\Local\Temp\go-build1247343387\b041\_pkg_.a
EOF
"C:\\msys64\\mingw64\\lib\\go\\pkg\\tool\\windows_amd64\\compile.exe" -o "$WORK\\b161\\_pkg_.a" -trimpath "$WORK\\b161=>" -p crypto/x509 -lang=go1.27 -std -complete -buildid h5tSRWfkM_bxKYYa35iQ/h5tSRWfkM_bxKYYa35iQ -goversion go1.27.0 -c=6 -nolocalimports -importcfg "$WORK\\b161\\importcfg" -pack "C:\\msys64\\mingw64\\lib\\go\\src\\crypto\\x509\\cert_pool.go" "C:\\msys64\\mingw64\\lib\\go\\src\\crypto\\x509\\constraints.go" "C:\\msys64\\mingw64\\lib\\go\\src\\crypto\\x509\\oid.go" "C:\\msys64\\mingw64\\lib\\go\\src\\crypto\\x509\\parser.go" "C:\\msys64\\mingw64\\lib\\go\\src\\crypto\\x509\\pem_decrypt.go" "C:\\msys64\\mingw64\\lib\\go\\src\\crypto\\x509\\pkcs1.go" "C:\\msys64\\mingw64\\lib\\go\\src\\crypto\\x509\\pkcs8.go" "C:\\msys64\\mingw64\\lib\\go\\src\\crypto\\x509\\root.go" "C:\\msys64\\mingw64\\lib\\go\\src\\crypto\\x509\\root_windows.go" "C:\\msys64\\mingw64\\lib\\go\\src\\crypto\\x509\\sec1.go" "C:\\msys64\\mingw64\\lib\\go\\src\\crypto\\x509\\verify.go" "C:\\msys64\\mingw64\\lib\\go\\src\\crypto\\x509\\x509.go" "C:\\msys64\\mingw64\\lib\\go\\src\\crypto\\x509\\x509_string.go"
cp "$WORK\\b244\\_pkg_.a" "C:\\Users\\sanya\\AppData\\Local\\go-build\\5f\\5fe6c4fa5ef8c0108aa9e22ded68dc1f41df8c7ba0fd6d03260500f0cd6527fb-d" # internal
mkdir -p $WORK\b184\
vendor/golang.org/x/net/http/httpproxy
cat >C:\Users\sanya\AppData\Local\Temp\go-build1247343387\b184\importcfg << 'EOF' # internal
# import config
importmap golang.org/x/net/idna=vendor/golang.org/x/net/idna
packagefile errors=C:\Users\sanya\AppData\Local\Temp\go-build1247343387\b003\_pkg_.a
packagefile fmt=C:\Users\sanya\AppData\Local\Temp\go-build1247343387\b002\_pkg_.a
packagefile vendor/golang.org/x/net/idna=C:\Users\sanya\AppData\Local\Temp\go-build1247343387\b178\_pkg_.a
packagefile net=C:\Users\sanya\AppData\Local\Temp\go-build1247343387\b168\_pkg_.a
packagefile net/netip=C:\Users\sanya\AppData\Local\Temp\go-build1247343387\b172\_pkg_.a
packagefile net/url=C:\Users\sanya\AppData\Local\Temp\go-build1247343387\b174\_pkg_.a
packagefile os=C:\Users\sanya\AppData\Local\Temp\go-build1247343387\b049\_pkg_.a
packagefile strings=C:\Users\sanya\AppData\Local\Temp\go-build1247343387\b070\_pkg_.a
packagefile unicode/utf8=C:\Users\sanya\AppData\Local\Temp\go-build1247343387\b041\_pkg_.a
EOF
"C:\\msys64\\mingw64\\lib\\go\\pkg\\tool\\windows_amd64\\compile.exe" -o "$WORK\\b184\\_pkg_.a" -trimpath "$WORK\\b184=>" -p vendor/golang.org/x/net/http/httpproxy -lang=go1.27 -std -complete -buildid Xjb3kgkWtv-ION4alkU9/Xjb3kgkWtv-ION4alkU9 -goversion go1.27.0 -c=5 -nolocalimports -importcfg "$WORK\\b184\\importcfg" -pack "C:\\msys64\\mingw64\\lib\\go\\src\\vendor\\golang.org\\x\\net\\http\\httpproxy\\proxy.go"
go tool buildid -w "$WORK\\b232\\_pkg_.a" # internal
cp "$WORK\\b222\\_pkg_.a" "C:\\Users\\sanya\\AppData\\Local\\go-build\\a4\\a40c2a36773a4282fc7142c0d295acd4da3a4ca492ceb11640617c82b92b3cdd-d" # internal
mkdir -p $WORK\b213\
golang.org/x/sys/windows
cat >C:\Users\sanya\AppData\Local\Temp\go-build1247343387\b213\importcfg << 'EOF' # internal
# import config
packagefile bytes=C:\Users\sanya\AppData\Local\Temp\go-build1247343387\b069\_pkg_.a
packagefile encoding/binary=C:\Users\sanya\AppData\Local\Temp\go-build1247343387\b077\_pkg_.a
packagefile errors=C:\Users\sanya\AppData\Local\Temp\go-build1247343387\b003\_pkg_.a
packagefile fmt=C:\Users\sanya\AppData\Local\Temp\go-build1247343387\b002\_pkg_.a
packagefile net=C:\Users\sanya\AppData\Local\Temp\go-build1247343387\b168\_pkg_.a
packagefile runtime=C:\Users\sanya\AppData\Local\Temp\go-build1247343387\b009\_pkg_.a
packagefile strings=C:\Users\sanya\AppData\Local\Temp\go-build1247343387\b070\_pkg_.a
packagefile sync=C:\Users\sanya\AppData\Local\Temp\go-build1247343387\b042\_pkg_.a
packagefile sync/atomic=C:\Users\sanya\AppData\Local\Temp\go-build1247343387\b044\_pkg_.a
packagefile syscall=C:\Users\sanya\AppData\Local\Temp\go-build1247343387\b055\_pkg_.a
packagefile time=C:\Users\sanya\AppData\Local\Temp\go-build1247343387\b059\_pkg_.a
packagefile unicode/utf16=C:\Users\sanya\AppData\Local\Temp\go-build1247343387\b056\_pkg_.a
EOF
"C:\\msys64\\mingw64\\lib\\go\\pkg\\tool\\windows_amd64\\compile.exe" -o "$WORK\\b213\\_pkg_.a" -trimpath "$WORK\\b213=>" -p golang.org/x/sys/windows -lang=go1.18 -complete -buildid 2pDPnWj1eeQIDZkVXEFz/2pDPnWj1eeQIDZkVXEFz -goversion go1.27.0 -c=5 -nolocalimports -importcfg "$WORK\\b213\\importcfg" -pack "C:\\Users\\sanya\\go\\pkg\\mod\\golang.org\\x\\sys@v0.30.0\\windows\\aliases.go" "C:\\Users\\sanya\\go\\pkg\\mod\\golang.org\\x\\sys@v0.30.0\\windows\\dll_windows.go" "C:\\Users\\sanya\\go\\pkg\\mod\\golang.org\\x\\sys@v0.30.0\\windows\\env_windows.go" "C:\\Users\\sanya\\go\\pkg\\mod\\golang.org\\x\\sys@v0.30.0\\windows\\eventlog.go" "C:\\Users\\sanya\\go\\pkg\\mod\\golang.org\\x\\sys@v0.30.0\\windows\\exec_windows.go" "C:\\Users\\sanya\\go\\pkg\\mod\\golang.org\\x\\sys@v0.30.0\\windows\\memory_windows.go" "C:\\Users\\sanya\\go\\pkg\\mod\\golang.org\\x\\sys@v0.30.0\\windows\\race0.go" "C:\\Users\\sanya\\go\\pkg\\mod\\golang.org\\x\\sys@v0.30.0\\windows\\security_windows.go" "C:\\Users\\sanya\\go\\pkg\\mod\\golang.org\\x\\sys@v0.30.0\\windows\\service.go" "C:\\Users\\sanya\\go\\pkg\\mod\\golang.org\\x\\sys@v0.30.0\\windows\\setupapi_windows.go" "C:\\Users\\sanya\\go\\pkg\\mod\\golang.org\\x\\sys@v0.30.0\\windows\\str.go" "C:\\Users\\sanya\\go\\pkg\\mod\\golang.org\\x\\sys@v0.30.0\\windows\\syscall.go" "C:\\Users\\sanya\\go\\pkg\\mod\\golang.org\\x\\sys@v0.30.0\\windows\\syscall_windows.go" "C:\\Users\\sanya\\go\\pkg\\mod\\golang.org\\x\\sys@v0.30.0\\windows\\types_windows.go" "C:\\Users\\sanya\\go\\pkg\\mod\\golang.org\\x\\sys@v0.30.0\\windows\\types_windows_amd64.go" "C:\\Users\\sanya\\go\\pkg\\mod\\golang.org\\x\\sys@v0.30.0\\windows\\zerrors_windows.go" "C:\\Users\\sanya\\go\\pkg\\mod\\golang.org\\x\\sys@v0.30.0\\windows\\zknownfolderids_windows.go" "C:\\Users\\sanya\\go\\pkg\\mod\\golang.org\\x\\sys@v0.30.0\\windows\\zsyscall_windows.go"
go tool buildid -w "$WORK\\b183\\_pkg_.a" # internal
go tool buildid -w "$WORK\\b184\\_pkg_.a" # internal
cp "$WORK\\b183\\_pkg_.a" "C:\\Users\\sanya\\AppData\\Local\\go-build\\49\\491c0af30aa9ca2eca1f355dc1a7c37fa445e7648194f763e020e2cb4a86facc-d" # internal
mkdir -p $WORK\b177\
vendor/golang.org/x/net/http/httpguts
cat >C:\Users\sanya\AppData\Local\Temp\go-build1247343387\b177\importcfg << 'EOF' # internal
# import config
importmap golang.org/x/net/idna=vendor/golang.org/x/net/idna
packagefile vendor/golang.org/x/net/idna=C:\Users\sanya\AppData\Local\Temp\go-build1247343387\b178\_pkg_.a
packagefile net=C:\Users\sanya\AppData\Local\Temp\go-build1247343387\b168\_pkg_.a
packagefile net/textproto=C:\Users\sanya\AppData\Local\Temp\go-build1247343387\b183\_pkg_.a
packagefile strings=C:\Users\sanya\AppData\Local\Temp\go-build1247343387\b070\_pkg_.a
packagefile unicode/utf8=C:\Users\sanya\AppData\Local\Temp\go-build1247343387\b041\_pkg_.a
EOF
"C:\\msys64\\mingw64\\lib\\go\\pkg\\tool\\windows_amd64\\compile.exe" -o "$WORK\\b177\\_pkg_.a" -trimpath "$WORK\\b177=>" -p vendor/golang.org/x/net/http/httpguts -lang=go1.27 -std -complete -buildid zTPwSsrN0EhUsIsCsFBR/zTPwSsrN0EhUsIsCsFBR -goversion go1.27.0 -c=5 -nolocalimports -importcfg "$WORK\\b177\\importcfg" -pack "C:\\msys64\\mingw64\\lib\\go\\src\\vendor\\golang.org\\x\\net\\http\\httpguts\\guts.go" "C:\\msys64\\mingw64\\lib\\go\\src\\vendor\\golang.org\\x\\net\\http\\httpguts\\httplex.go"
cp "$WORK\\b184\\_pkg_.a" "C:\\Users\\sanya\\AppData\\Local\\go-build\\5f\\5fbfc0f734a493f3fe3fb9d3b86b8eb6b393190d37536239d0842528afa31527-d" # internal
mkdir -p $WORK\b186\
mime/multipart
cat >C:\Users\sanya\AppData\Local\Temp\go-build1247343387\b186\importcfg << 'EOF' # internal
# import config
packagefile bufio=C:\Users\sanya\AppData\Local\Temp\go-build1247343387\b068\_pkg_.a
packagefile bytes=C:\Users\sanya\AppData\Local\Temp\go-build1247343387\b069\_pkg_.a
packagefile crypto/rand=C:\Users\sanya\AppData\Local\Temp\go-build1247343387\b138\_pkg_.a
packagefile errors=C:\Users\sanya\AppData\Local\Temp\go-build1247343387\b003\_pkg_.a
packagefile fmt=C:\Users\sanya\AppData\Local\Temp\go-build1247343387\b002\_pkg_.a
packagefile internal/godebug=C:\Users\sanya\AppData\Local\Temp\go-build1247343387\b061\_pkg_.a
packagefile io=C:\Users\sanya\AppData\Local\Temp\go-build1247343387\b048\_pkg_.a
packagefile maps=C:\Users\sanya\AppData\Local\Temp\go-build1247343387\b167\_pkg_.a
packagefile math=C:\Users\sanya\AppData\Local\Temp\go-build1247343387\b039\_pkg_.a
packagefile mime=C:\Users\sanya\AppData\Local\Temp\go-build1247343387\b185\_pkg_.a
packagefile mime/quotedprintable=C:\Users\sanya\AppData\Local\Temp\go-build1247343387\b187\_pkg_.a
packagefile net/textproto=C:\Users\sanya\AppData\Local\Temp\go-build1247343387\b183\_pkg_.a
packagefile os=C:\Users\sanya\AppData\Local\Temp\go-build1247343387\b049\_pkg_.a
packagefile path/filepath=C:\Users\sanya\AppData\Local\Temp\go-build1247343387\b175\_pkg_.a
packagefile slices=C:\Users\sanya\AppData\Local\Temp\go-build1247343387\b047\_pkg_.a
packagefile strconv=C:\Users\sanya\AppData\Local\Temp\go-build1247343387\b040\_pkg_.a
packagefile strings=C:\Users\sanya\AppData\Local\Temp\go-build1247343387\b070\_pkg_.a
EOF
"C:\\msys64\\mingw64\\lib\\go\\pkg\\tool\\windows_amd64\\compile.exe" -o "$WORK\\b186\\_pkg_.a" -trimpath "$WORK\\b186=>" -p mime/multipart -lang=go1.27 -std -complete -buildid ufKFnhOyWYw3Rc1lNDUx/ufKFnhOyWYw3Rc1lNDUx -goversion go1.27.0 -c=5 -nolocalimports -importcfg "$WORK\\b186\\importcfg" -pack "C:\\msys64\\mingw64\\lib\\go\\src\\mime\\multipart\\formdata.go" "C:\\msys64\\mingw64\\lib\\go\\src\\mime\\multipart\\multipart.go" "C:\\msys64\\mingw64\\lib\\go\\src\\mime\\multipart\\readmimeheader.go" "C:\\msys64\\mingw64\\lib\\go\\src\\mime\\multipart\\writer.go"
cp "$WORK\\b232\\_pkg_.a" "C:\\Users\\sanya\\AppData\\Local\\go-build\\e4\\e4fb580bd0233d3826870a4e0e446225c64ed6c44a295b50d9fd9edd9789ab6a-d" # internal
mkdir -p $WORK\b248\
golang.org/x/text/internal/language
cat >C:\Users\sanya\AppData\Local\Temp\go-build1247343387\b248\importcfg << 'EOF' # internal
# import config
packagefile bytes=C:\Users\sanya\AppData\Local\Temp\go-build1247343387\b069\_pkg_.a
packagefile errors=C:\Users\sanya\AppData\Local\Temp\go-build1247343387\b003\_pkg_.a
packagefile fmt=C:\Users\sanya\AppData\Local\Temp\go-build1247343387\b002\_pkg_.a
packagefile golang.org/x/text/internal/tag=C:\Users\sanya\AppData\Local\Temp\go-build1247343387\b249\_pkg_.a
packagefile sort=C:\Users\sanya\AppData\Local\Temp\go-build1247343387\b176\_pkg_.a
packagefile strconv=C:\Users\sanya\AppData\Local\Temp\go-build1247343387\b040\_pkg_.a
packagefile strings=C:\Users\sanya\AppData\Local\Temp\go-build1247343387\b070\_pkg_.a
EOF
"C:\\msys64\\mingw64\\lib\\go\\pkg\\tool\\windows_amd64\\compile.exe" -o "$WORK\\b248\\_pkg_.a" -trimpath "$WORK\\b248=>" -p golang.org/x/text/internal/language -lang=go1.18 -complete -buildid JYjejcUNXXlfTryqQeWB/JYjejcUNXXlfTryqQeWB -goversion go1.27.0 -c=4 -nolocalimports -importcfg "$WORK\\b248\\importcfg" -pack "C:\\Users\\sanya\\go\\pkg\\mod\\golang.org\\x\\text@v0.22.0\\internal\\language\\common.go" "C:\\Users\\sanya\\go\\pkg\\mod\\golang.org\\x\\text@v0.22.0\\internal\\language\\compact.go" "C:\\Users\\sanya\\go\\pkg\\mod\\golang.org\\x\\text@v0.22.0\\internal\\language\\compose.go" "C:\\Users\\sanya\\go\\pkg\\mod\\golang.org\\x\\text@v0.22.0\\internal\\language\\coverage.go" "C:\\Users\\sanya\\go\\pkg\\mod\\golang.org\\x\\text@v0.22.0\\internal\\language\\language.go" "C:\\Users\\sanya\\go\\pkg\\mod\\golang.org\\x\\text@v0.22.0\\internal\\language\\lookup.go" "C:\\Users\\sanya\\go\\pkg\\mod\\golang.org\\x\\text@v0.22.0\\internal\\language\\match.go" "C:\\Users\\sanya\\go\\pkg\\mod\\golang.org\\x\\text@v0.22.0\\internal\\language\\parse.go" "C:\\Users\\sanya\\go\\pkg\\mod\\golang.org\\x\\text@v0.22.0\\internal\\language\\tables.go" "C:\\Users\\sanya\\go\\pkg\\mod\\golang.org\\x\\text@v0.22.0\\internal\\language\\tags.go"
go tool buildid -w "$WORK\\b242\\_pkg_.a" # internal
cp "$WORK\\b242\\_pkg_.a" "C:\\Users\\sanya\\AppData\\Local\\go-build\\a9\\a952d43bb5d81cc7cc0379f046d22c89c27152cc843998f152d9869d88ec6fa3-d" # internal
mkdir -p $WORK\b255\
compress/zlib
cat >C:\Users\sanya\AppData\Local\Temp\go-build1247343387\b255\importcfg << 'EOF' # internal
# import config
packagefile bufio=C:\Users\sanya\AppData\Local\Temp\go-build1247343387\b068\_pkg_.a
packagefile compress/flate=C:\Users\sanya\AppData\Local\Temp\go-build1247343387\b075\_pkg_.a
packagefile encoding/binary=C:\Users\sanya\AppData\Local\Temp\go-build1247343387\b077\_pkg_.a
packagefile errors=C:\Users\sanya\AppData\Local\Temp\go-build1247343387\b003\_pkg_.a
packagefile fmt=C:\Users\sanya\AppData\Local\Temp\go-build1247343387\b002\_pkg_.a
packagefile hash=C:\Users\sanya\AppData\Local\Temp\go-build1247343387\b079\_pkg_.a
packagefile hash/adler32=C:\Users\sanya\AppData\Local\Temp\go-build1247343387\b256\_pkg_.a
packagefile io=C:\Users\sanya\AppData\Local\Temp\go-build1247343387\b048\_pkg_.a
EOF
"C:\\msys64\\mingw64\\lib\\go\\pkg\\tool\\windows_amd64\\compile.exe" -o "$WORK\\b255\\_pkg_.a" -trimpath "$WORK\\b255=>" -p compress/zlib -lang=go1.27 -std -complete -buildid bH7hrkXwPKC2srd82XWE/bH7hrkXwPKC2srd82XWE -goversion go1.27.0 -c=5 -nolocalimports -importcfg "$WORK\\b255\\importcfg" -pack "C:\\msys64\\mingw64\\lib\\go\\src\\compress\\zlib\\reader.go" "C:\\msys64\\mingw64\\lib\\go\\src\\compress\\zlib\\writer.go"
go tool buildid -w "$WORK\\b177\\_pkg_.a" # internal
cp "$WORK\\b177\\_pkg_.a" "C:\\Users\\sanya\\AppData\\Local\\go-build\\07\\07cb393fdc60fd3a23b14106b668568c130348150eac71ff2a6880bd3777c1ec-d" # internal
mkdir -p $WORK\b270\
text/template/parse
cat >C:\Users\sanya\AppData\Local\Temp\go-build1247343387\b270\importcfg << 'EOF' # internal
# import config
packagefile bytes=C:\Users\sanya\AppData\Local\Temp\go-build1247343387\b069\_pkg_.a
packagefile fmt=C:\Users\sanya\AppData\Local\Temp\go-build1247343387\b002\_pkg_.a
packagefile runtime=C:\Users\sanya\AppData\Local\Temp\go-build1247343387\b009\_pkg_.a
packagefile strconv=C:\Users\sanya\AppData\Local\Temp\go-build1247343387\b040\_pkg_.a
packagefile strings=C:\Users\sanya\AppData\Local\Temp\go-build1247343387\b070\_pkg_.a
packagefile unicode=C:\Users\sanya\AppData\Local\Temp\go-build1247343387\b046\_pkg_.a
packagefile unicode/utf8=C:\Users\sanya\AppData\Local\Temp\go-build1247343387\b041\_pkg_.a
EOF
"C:\\msys64\\mingw64\\lib\\go\\pkg\\tool\\windows_amd64\\compile.exe" -o "$WORK\\b270\\_pkg_.a" -trimpath "$WORK\\b270=>" -p text/template/parse -lang=go1.27 -std -complete -buildid P89zyhU08ugkKBaJ55vM/P89zyhU08ugkKBaJ55vM -goversion go1.27.0 -c=5 -nolocalimports -importcfg "$WORK\\b270\\importcfg" -pack "C:\\msys64\\mingw64\\lib\\go\\src\\text\\template\\parse\\lex.go" "C:\\msys64\\mingw64\\lib\\go\\src\\text\\template\\parse\\node.go" "C:\\msys64\\mingw64\\lib\\go\\src\\text\\template\\parse\\parse.go"
go tool buildid -w "$WORK\\b203\\_pkg_.a" # internal
go tool buildid -w "$WORK\\b255\\_pkg_.a" # internal
cp "$WORK\\b203\\_pkg_.a" "C:\\Users\\sanya\\AppData\\Local\\go-build\\89\\89efee662b3ca2decb3461b90397762b5676f56bb761fd04ccfc1c4b7a11b011-d" # internal
mkdir -p $WORK\b196\
encoding/json
cat >C:\Users\sanya\AppData\Local\Temp\go-build1247343387\b196\importcfg << 'EOF' # internal
# import config
packagefile bytes=C:\Users\sanya\AppData\Local\Temp\go-build1247343387\b069\_pkg_.a
packagefile cmp=C:\Users\sanya\AppData\Local\Temp\go-build1247343387\b036\_pkg_.a
packagefile encoding=C:\Users\sanya\AppData\Local\Temp\go-build1247343387\b197\_pkg_.a
packagefile encoding/json/internal=C:\Users\sanya\AppData\Local\Temp\go-build1247343387\b198\_pkg_.a
packagefile encoding/json/internal/jsonflags=C:\Users\sanya\AppData\Local\Temp\go-build1247343387\b199\_pkg_.a
packagefile encoding/json/internal/jsonopts=C:\Users\sanya\AppData\Local\Temp\go-build1247343387\b200\_pkg_.a
packagefile encoding/json/internal/jsonwire=C:\Users\sanya\AppData\Local\Temp\go-build1247343387\b201\_pkg_.a
packagefile encoding/json/jsontext=C:\Users\sanya\AppData\Local\Temp\go-build1247343387\b202\_pkg_.a
packagefile encoding/json/v2=C:\Users\sanya\AppData\Local\Temp\go-build1247343387\b203\_pkg_.a
packagefile errors=C:\Users\sanya\AppData\Local\Temp\go-build1247343387\b003\_pkg_.a
packagefile fmt=C:\Users\sanya\AppData\Local\Temp\go-build1247343387\b002\_pkg_.a
packagefile io=C:\Users\sanya\AppData\Local\Temp\go-build1247343387\b048\_pkg_.a
packagefile reflect=C:\Users\sanya\AppData\Local\Temp\go-build1247343387\b037\_pkg_.a
packagefile strconv=C:\Users\sanya\AppData\Local\Temp\go-build1247343387\b040\_pkg_.a
packagefile strings=C:\Users\sanya\AppData\Local\Temp\go-build1247343387\b070\_pkg_.a
EOF
"C:\\msys64\\mingw64\\lib\\go\\pkg\\tool\\windows_amd64\\compile.exe" -o "$WORK\\b196\\_pkg_.a" -trimpath "$WORK\\b196=>" -p encoding/json -lang=go1.27 -std -complete -buildid t3oRNKqBevIafKnCrjba/t3oRNKqBevIafKnCrjba -goversion go1.27.0 -c=6 -nolocalimports -importcfg "$WORK\\b196\\importcfg" -pack "C:\\msys64\\mingw64\\lib\\go\\src\\encoding\\json\\v2_decode.go" "C:\\msys64\\mingw64\\lib\\go\\src\\encoding\\json\\v2_encode.go" "C:\\msys64\\mingw64\\lib\\go\\src\\encoding\\json\\v2_indent.go" "C:\\msys64\\mingw64\\lib\\go\\src\\encoding\\json\\v2_inject.go" "C:\\msys64\\mingw64\\lib\\go\\src\\encoding\\json\\v2_options.go" "C:\\msys64\\mingw64\\lib\\go\\src\\encoding\\json\\v2_scanner.go" "C:\\msys64\\mingw64\\lib\\go\\src\\encoding\\json\\v2_stream.go"
go tool buildid -w "$WORK\\b186\\_pkg_.a" # internal
go tool buildid -w "$WORK\\b243\\_pkg_.a" # internal
cp "$WORK\\b186\\_pkg_.a" "C:\\Users\\sanya\\AppData\\Local\\go-build\\70\\704822dfef24c2c08a160219c1f99ed620212e24553d3707dea7a5bb78eedf67-d" # internal
mkdir -p $WORK\b279\
github.com/go-text/typesetting/language
cat >C:\Users\sanya\AppData\Local\Temp\go-build1247343387\b279\importcfg << 'EOF' # internal
# import config
packagefile encoding/binary=C:\Users\sanya\AppData\Local\Temp\go-build1247343387\b077\_pkg_.a
packagefile fmt=C:\Users\sanya\AppData\Local\Temp\go-build1247343387\b002\_pkg_.a
packagefile os=C:\Users\sanya\AppData\Local\Temp\go-build1247343387\b049\_pkg_.a
packagefile sort=C:\Users\sanya\AppData\Local\Temp\go-build1247343387\b176\_pkg_.a
packagefile strings=C:\Users\sanya\AppData\Local\Temp\go-build1247343387\b070\_pkg_.a
EOF
"C:\\msys64\\mingw64\\lib\\go\\pkg\\tool\\windows_amd64\\compile.exe" -o "$WORK\\b279\\_pkg_.a" -trimpath "$WORK\\b279=>" -p github.com/go-text/typesetting/language -lang=go1.19 -complete -buildid Hc0-BprCIe2ZJMlDAw_P/Hc0-BprCIe2ZJMlDAw_P -goversion go1.27.0 -c=7 -nolocalimports -importcfg "$WORK\\b279\\importcfg" -pack "C:\\Users\\sanya\\go\\pkg\\mod\\github.com\\go-text\\typesetting@v0.3.4\\language\\language.go" "C:\\Users\\sanya\\go\\pkg\\mod\\github.com\\go-text\\typesetting@v0.3.4\\language\\language_table_gen.go" "C:\\Users\\sanya\\go\\pkg\\mod\\github.com\\go-text\\typesetting@v0.3.4\\language\\scripts.go" "C:\\Users\\sanya\\go\\pkg\\mod\\github.com\\go-text\\typesetting@v0.3.4\\language\\scripts_table.go"
cp "$WORK\\b243\\_pkg_.a" "C:\\Users\\sanya\\AppData\\Local\\go-build\\8a\\8a67092db60a3cc61f41bdbe59a1f45be29105bf6dcd359172ec9894775e43da-d" # internal
mkdir -p $WORK\b282\
golang.org/x/image/tiff/lzw
cat >C:\Users\sanya\AppData\Local\Temp\go-build1247343387\b282\importcfg << 'EOF' # internal
# import config
packagefile bufio=C:\Users\sanya\AppData\Local\Temp\go-build1247343387\b068\_pkg_.a
packagefile errors=C:\Users\sanya\AppData\Local\Temp\go-build1247343387\b003\_pkg_.a
packagefile fmt=C:\Users\sanya\AppData\Local\Temp\go-build1247343387\b002\_pkg_.a
packagefile io=C:\Users\sanya\AppData\Local\Temp\go-build1247343387\b048\_pkg_.a
EOF
"C:\\msys64\\mingw64\\lib\\go\\pkg\\tool\\windows_amd64\\compile.exe" -o "$WORK\\b282\\_pkg_.a" -trimpath "$WORK\\b282=>" -p golang.org/x/image/tiff/lzw -lang=go1.18 -complete -buildid LvuaGuwNj7-FoJN8iWqX/LvuaGuwNj7-FoJN8iWqX -goversion go1.27.0 -c=5 -nolocalimports -importcfg "$WORK\\b282\\importcfg" -pack "C:\\Users\\sanya\\go\\pkg\\mod\\golang.org\\x\\image@v0.24.0\\tiff\\lzw\\reader.go"
cp "$WORK\\b255\\_pkg_.a" "C:\\Users\\sanya\\AppData\\Local\\go-build\\e6\\e6a3583643601e29d3127727f00094db8d024e95766ddf675180bc2171855fe6-d" # internal
mkdir -p $WORK\b254\
image/png
cat >C:\Users\sanya\AppData\Local\Temp\go-build1247343387\b254\importcfg << 'EOF' # internal
# import config
packagefile bufio=C:\Users\sanya\AppData\Local\Temp\go-build1247343387\b068\_pkg_.a
packagefile compress/zlib=C:\Users\sanya\AppData\Local\Temp\go-build1247343387\b255\_pkg_.a
packagefile encoding/binary=C:\Users\sanya\AppData\Local\Temp\go-build1247343387\b077\_pkg_.a
packagefile fmt=C:\Users\sanya\AppData\Local\Temp\go-build1247343387\b002\_pkg_.a
packagefile hash=C:\Users\sanya\AppData\Local\Temp\go-build1247343387\b079\_pkg_.a
packagefile hash/crc32=C:\Users\sanya\AppData\Local\Temp\go-build1247343387\b078\_pkg_.a
packagefile image=C:\Users\sanya\AppData\Local\Temp\go-build1247343387\b067\_pkg_.a
packagefile image/color=C:\Users\sanya\AppData\Local\Temp\go-build1247343387\b071\_pkg_.a
packagefile io=C:\Users\sanya\AppData\Local\Temp\go-build1247343387\b048\_pkg_.a
packagefile strconv=C:\Users\sanya\AppData\Local\Temp\go-build1247343387\b040\_pkg_.a
EOF
"C:\\msys64\\mingw64\\lib\\go\\pkg\\tool\\windows_amd64\\compile.exe" -o "$WORK\\b254\\_pkg_.a" -trimpath "$WORK\\b254=>" -p image/png -lang=go1.27 -std -complete -buildid G3bB4OD0A3_Vz9sXL4zA/G3bB4OD0A3_Vz9sXL4zA -goversion go1.27.0 -c=5 -nolocalimports -importcfg "$WORK\\b254\\importcfg" -pack "C:\\msys64\\mingw64\\lib\\go\\src\\image\\png\\paeth.go" "C:\\msys64\\mingw64\\lib\\go\\src\\image\\png\\reader.go" "C:\\msys64\\mingw64\\lib\\go\\src\\image\\png\\writer.go"
go tool buildid -w "$WORK\\b282\\_pkg_.a" # internal
cp "$WORK\\b282\\_pkg_.a" "C:\\Users\\sanya\\AppData\\Local\\go-build\\30\\30488897466942bed0c5836453d9c65bc595da3ef09ca84d460d249495182b9c-d" # internal
mkdir -p $WORK\b277\
github.com/go-text/typesetting/font/opentype
cat >C:\Users\sanya\AppData\Local\Temp\go-build1247343387\b277\importcfg << 'EOF' # internal
# import config
packagefile compress/zlib=C:\Users\sanya\AppData\Local\Temp\go-build1247343387\b255\_pkg_.a
packagefile encoding/binary=C:\Users\sanya\AppData\Local\Temp\go-build1247343387\b077\_pkg_.a
packagefile errors=C:\Users\sanya\AppData\Local\Temp\go-build1247343387\b003\_pkg_.a
packagefile fmt=C:\Users\sanya\AppData\Local\Temp\go-build1247343387\b002\_pkg_.a
packagefile io=C:\Users\sanya\AppData\Local\Temp\go-build1247343387\b048\_pkg_.a
packagefile math=C:\Users\sanya\AppData\Local\Temp\go-build1247343387\b039\_pkg_.a
packagefile sort=C:\Users\sanya\AppData\Local\Temp\go-build1247343387\b176\_pkg_.a
EOF
"C:\\msys64\\mingw64\\lib\\go\\pkg\\tool\\windows_amd64\\compile.exe" -o "$WORK\\b277\\_pkg_.a" -trimpath "$WORK\\b277=>" -p github.com/go-text/typesetting/font/opentype -lang=go1.19 -complete -buildid ooM-lOzo9mWREM-lgqSd/ooM-lOzo9mWREM-lgqSd -goversion go1.27.0 -c=5 -nolocalimports -importcfg "$WORK\\b277\\importcfg" -pack "C:\\Users\\sanya\\go\\pkg\\mod\\github.com\\go-text\\typesetting@v0.3.4\\font\\opentype\\opentype.go" "C:\\Users\\sanya\\go\\pkg\\mod\\github.com\\go-text\\typesetting@v0.3.4\\font\\opentype\\reader.go" "C:\\Users\\sanya\\go\\pkg\\mod\\github.com\\go-text\\typesetting@v0.3.4\\font\\opentype\\reader_otf.go" "C:\\Users\\sanya\\go\\pkg\\mod\\github.com\\go-text\\typesetting@v0.3.4\\font\\opentype\\reader_woff.go" "C:\\Users\\sanya\\go\\pkg\\mod\\github.com\\go-text\\typesetting@v0.3.4\\font\\opentype\\writer.go"
go tool buildid -w "$WORK\\b248\\_pkg_.a" # internal
go tool buildid -w "$WORK\\b279\\_pkg_.a" # internal
cp "$WORK\\b248\\_pkg_.a" "C:\\Users\\sanya\\AppData\\Local\\go-build\\81\\81149e8f28a4d71c350ffd23fa07f9cd50ba5b32e08c7e5b063a05832df9962c-d" # internal
mkdir -p $WORK\b250\
golang.org/x/text/internal/language/compact
cat >C:\Users\sanya\AppData\Local\Temp\go-build1247343387\b250\importcfg << 'EOF' # internal
# import config
packagefile golang.org/x/text/internal/language=C:\Users\sanya\AppData\Local\Temp\go-build1247343387\b248\_pkg_.a
packagefile sort=C:\Users\sanya\AppData\Local\Temp\go-build1247343387\b176\_pkg_.a
packagefile strings=C:\Users\sanya\AppData\Local\Temp\go-build1247343387\b070\_pkg_.a
EOF
"C:\\msys64\\mingw64\\lib\\go\\pkg\\tool\\windows_amd64\\compile.exe" -o "$WORK\\b250\\_pkg_.a" -trimpath "$WORK\\b250=>" -p golang.org/x/text/internal/language/compact -lang=go1.18 -complete -buildid wYrSC4skN3RtntjJufG9/wYrSC4skN3RtntjJufG9 -goversion go1.27.0 -c=6 -nolocalimports -importcfg "$WORK\\b250\\importcfg" -pack "C:\\Users\\sanya\\go\\pkg\\mod\\golang.org\\x\\text@v0.22.0\\internal\\language\\compact\\compact.go" "C:\\Users\\sanya\\go\\pkg\\mod\\golang.org\\x\\text@v0.22.0\\internal\\language\\compact\\language.go" "C:\\Users\\sanya\\go\\pkg\\mod\\golang.org\\x\\text@v0.22.0\\internal\\language\\compact\\parents.go" "C:\\Users\\sanya\\go\\pkg\\mod\\golang.org\\x\\text@v0.22.0\\internal\\language\\compact\\tables.go" "C:\\Users\\sanya\\go\\pkg\\mod\\golang.org\\x\\text@v0.22.0\\internal\\language\\compact\\tags.go"
cp "$WORK\\b279\\_pkg_.a" "C:\\Users\\sanya\\AppData\\Local\\go-build\\17\\1717cec4e5e085fbc9e65660cf13f24c7404204f562a0a6c3fe738ee7a824d64-d" # internal
mkdir -p $WORK\b280\
golang.org/x/image/tiff
cat >C:\Users\sanya\AppData\Local\Temp\go-build1247343387\b280\importcfg << 'EOF' # internal
# import config
packagefile bufio=C:\Users\sanya\AppData\Local\Temp\go-build1247343387\b068\_pkg_.a
packagefile bytes=C:\Users\sanya\AppData\Local\Temp\go-build1247343387\b069\_pkg_.a
packagefile compress/zlib=C:\Users\sanya\AppData\Local\Temp\go-build1247343387\b255\_pkg_.a
packagefile encoding/binary=C:\Users\sanya\AppData\Local\Temp\go-build1247343387\b077\_pkg_.a
packagefile errors=C:\Users\sanya\AppData\Local\Temp\go-build1247343387\b003\_pkg_.a
packagefile fmt=C:\Users\sanya\AppData\Local\Temp\go-build1247343387\b002\_pkg_.a
packagefile golang.org/x/image/ccitt=C:\Users\sanya\AppData\Local\Temp\go-build1247343387\b281\_pkg_.a
packagefile golang.org/x/image/tiff/lzw=C:\Users\sanya\AppData\Local\Temp\go-build1247343387\b282\_pkg_.a
packagefile image=C:\Users\sanya\AppData\Local\Temp\go-build1247343387\b067\_pkg_.a
packagefile image/color=C:\Users\sanya\AppData\Local\Temp\go-build1247343387\b071\_pkg_.a
packagefile io=C:\Users\sanya\AppData\Local\Temp\go-build1247343387\b048\_pkg_.a
packagefile math=C:\Users\sanya\AppData\Local\Temp\go-build1247343387\b039\_pkg_.a
packagefile sort=C:\Users\sanya\AppData\Local\Temp\go-build1247343387\b176\_pkg_.a
EOF
"C:\\msys64\\mingw64\\lib\\go\\pkg\\tool\\windows_amd64\\compile.exe" -o "$WORK\\b280\\_pkg_.a" -trimpath "$WORK\\b280=>" -p golang.org/x/image/tiff -lang=go1.18 -complete -buildid HzA0a0KBDu5t8yCKKgr4/HzA0a0KBDu5t8yCKKgr4 -goversion go1.27.0 -c=5 -nolocalimports -importcfg "$WORK\\b280\\importcfg" -pack "C:\\Users\\sanya\\go\\pkg\\mod\\golang.org\\x\\image@v0.24.0\\tiff\\buffer.go" "C:\\Users\\sanya\\go\\pkg\\mod\\golang.org\\x\\image@v0.24.0\\tiff\\compress.go" "C:\\Users\\sanya\\go\\pkg\\mod\\golang.org\\x\\image@v0.24.0\\tiff\\consts.go" "C:\\Users\\sanya\\go\\pkg\\mod\\golang.org\\x\\image@v0.24.0\\tiff\\reader.go" "C:\\Users\\sanya\\go\\pkg\\mod\\golang.org\\x\\image@v0.24.0\\tiff\\writer.go"
go tool buildid -w "$WORK\\b277\\_pkg_.a" # internal
go tool buildid -w "$WORK\\b196\\_pkg_.a" # internal
go tool buildid -w "$WORK\\b254\\_pkg_.a" # internal
cp "$WORK\\b277\\_pkg_.a" "C:\\Users\\sanya\\AppData\\Local\\go-build\\76\\768f2fa4744ba5df9dc9832bfcf4908dbf347fa4cc5b6638bfe32ec1dd0976e3-d" # internal
mkdir -p $WORK\b276\
github.com/go-text/typesetting/font/cff/interpreter
cp "$WORK\\b196\\_pkg_.a" "C:\\Users\\sanya\\AppData\\Local\\go-build\\3c\\3cd955387b72e443b65e50b091d29dd07019a77a8ca4a854e344ceb8d5f2e89e-d" # internal
go tool buildid -w "$WORK\\b270\\_pkg_.a" # internal
mkdir -p $WORK\b278\
go tool buildid -w "$WORK\\b250\\_pkg_.a" # internal
github.com/go-text/typesetting/font/opentype/tables
cat >C:\Users\sanya\AppData\Local\Temp\go-build1247343387\b276\importcfg << 'EOF' # internal
# import config
packagefile encoding/binary=C:\Users\sanya\AppData\Local\Temp\go-build1247343387\b077\_pkg_.a
packagefile errors=C:\Users\sanya\AppData\Local\Temp\go-build1247343387\b003\_pkg_.a
packagefile fmt=C:\Users\sanya\AppData\Local\Temp\go-build1247343387\b002\_pkg_.a
packagefile github.com/go-text/typesetting/font/opentype=C:\Users\sanya\AppData\Local\Temp\go-build1247343387\b277\_pkg_.a
packagefile math=C:\Users\sanya\AppData\Local\Temp\go-build1247343387\b039\_pkg_.a
packagefile strconv=C:\Users\sanya\AppData\Local\Temp\go-build1247343387\b040\_pkg_.a
EOF
"C:\\msys64\\mingw64\\lib\\go\\pkg\\tool\\windows_amd64\\compile.exe" -o "$WORK\\b276\\_pkg_.a" -trimpath "$WORK\\b276=>" -p github.com/go-text/typesetting/font/cff/interpreter -lang=go1.19 -complete -buildid yr9Daw-_Y45f-1zlndIo/yr9Daw-_Y45f-1zlndIo -goversion go1.27.0 -c=8 -nolocalimports -importcfg "$WORK\\b276\\importcfg" -pack "C:\\Users\\sanya\\go\\pkg\\mod\\github.com\\go-text\\typesetting@v0.3.4\\font\\cff\\interpreter\\charstrings.go" "C:\\Users\\sanya\\go\\pkg\\mod\\github.com\\go-text\\typesetting@v0.3.4\\font\\cff\\interpreter\\interpreter.go"
cat >C:\Users\sanya\AppData\Local\Temp\go-build1247343387\b278\importcfg << 'EOF' # internal
# import config
packagefile encoding/binary=C:\Users\sanya\AppData\Local\Temp\go-build1247343387\b077\_pkg_.a
packagefile errors=C:\Users\sanya\AppData\Local\Temp\go-build1247343387\b003\_pkg_.a
packagefile fmt=C:\Users\sanya\AppData\Local\Temp\go-build1247343387\b002\_pkg_.a
packagefile github.com/go-text/typesetting/font/opentype=C:\Users\sanya\AppData\Local\Temp\go-build1247343387\b277\_pkg_.a
packagefile github.com/go-text/typesetting/language=C:\Users\sanya\AppData\Local\Temp\go-build1247343387\b279\_pkg_.a
packagefile math=C:\Users\sanya\AppData\Local\Temp\go-build1247343387\b039\_pkg_.a
packagefile math/bits=C:\Users\sanya\AppData\Local\Temp\go-build1247343387\b029\_pkg_.a
packagefile sort=C:\Users\sanya\AppData\Local\Temp\go-build1247343387\b176\_pkg_.a
packagefile unicode/utf16=C:\Users\sanya\AppData\Local\Temp\go-build1247343387\b056\_pkg_.a
EOF
go tool buildid -w "$WORK\\b280\\_pkg_.a" # internal
"C:\\msys64\\mingw64\\lib\\go\\pkg\\tool\\windows_amd64\\compile.exe" -o "$WORK\\b278\\_pkg_.a" -trimpath "$WORK\\b278=>" -p github.com/go-text/typesetting/font/opentype/tables -lang=go1.19 -complete -buildid wAx05loKBOSTyNB8wtBe/wAx05loKBOSTyNB8wtBe -goversion go1.27.0 -c=6 -nolocalimports -importcfg "$WORK\\b278\\importcfg" -pack "C:\\Users\\sanya\\go\\pkg\\mod\\github.com\\go-text\\typesetting@v0.3.4\\font\\opentype\\tables\\aat_ankr_gen.go" "C:\\Users\\sanya\\go\\pkg\\mod\\github.com\\go-text\\typesetting@v0.3.4\\font\\opentype\\tables\\aat_ankr_src.go" "C:\\Users\\sanya\\go\\pkg\\mod\\github.com\\go-text\\typesetting@v0.3.4\\font\\opentype\\tables\\aat_common.go" "C:\\Users\\sanya\\go\\pkg\\mod\\github.com\\go-text\\typesetting@v0.3.4\\font\\opentype\\tables\\aat_feat_gen.go" "C:\\Users\\sanya\\go\\pkg\\mod\\github.com\\go-text\\typesetting@v0.3.4\\font\\opentype\\tables\\aat_feat_src.go" "C:\\Users\\sanya\\go\\pkg\\mod\\github.com\\go-text\\typesetting@v0.3.4\\font\\opentype\\tables\\aat_kerx_gen.go" "C:\\Users\\sanya\\go\\pkg\\mod\\github.com\\go-text\\typesetting@v0.3.4\\font\\opentype\\tables\\aat_kerx_src.go" "C:\\Users\\sanya\\go\\pkg\\mod\\github.com\\go-text\\typesetting@v0.3.4\\font\\opentype\\tables\\aat_ltag_gen.go" "C:\\Users\\sanya\\go\\pkg\\mod\\github.com\\go-text\\typesetting@v0.3.4\\font\\opentype\\tables\\aat_ltag_src.go" "C:\\Users\\sanya\\go\\pkg\\mod\\github.com\\go-text\\typesetting@v0.3.4\\font\\opentype\\tables\\aat_mortx_gen.go" "C:\\Users\\sanya\\go\\pkg\\mod\\github.com\\go-text\\typesetting@v0.3.4\\font\\opentype\\tables\\aat_mortx_src.go" "C:\\Users\\sanya\\go\\pkg\\mod\\github.com\\go-text\\typesetting@v0.3.4\\font\\opentype\\tables\\aat_properties.go" "C:\\Users\\sanya\\go\\pkg\\mod\\github.com\\go-text\\typesetting@v0.3.4\\font\\opentype\\tables\\aat_trak_gen.go" "C:\\Users\\sanya\\go\\pkg\\mod\\github.com\\go-text\\typesetting@v0.3.4\\font\\opentype\\tables\\aat_trak_src.go" "C:\\Users\\sanya\\go\\pkg\\mod\\github.com\\go-text\\typesetting@v0.3.4\\font\\opentype\\tables\\cmap_gen.go" "C:\\Users\\sanya\\go\\pkg\\mod\\github.com\\go-text\\typesetting@v0.3.4\\font\\opentype\\tables\\cmap_src.go" "C:\\Users\\sanya\\go\\pkg\\mod\\github.com\\go-text\\typesetting@v0.3.4\\font\\opentype\\tables\\glyphs.go" "C:\\Users\\sanya\\go\\pkg\\mod\\github.com\\go-text\\typesetting@v0.3.4\\font\\opentype\\tables\\glyphs_bitmap_gen.go" "C:\\Users\\sanya\\go\\pkg\\mod\\github.com\\go-text\\typesetting@v0.3.4\\font\\opentype\\tables\\glyphs_bitmap_src.go" "C:\\Users\\sanya\\go\\pkg\\mod\\github.com\\go-text\\typesetting@v0.3.4\\font\\opentype\\tables\\glyphs_colr_gen.go" "C:\\Users\\sanya\\go\\pkg\\mod\\github.com\\go-text\\typesetting@v0.3.4\\font\\opentype\\tables\\glyphs_colr_src.go" "C:\\Users\\sanya\\go\\pkg\\mod\\github.com\\go-text\\typesetting@v0.3.4\\font\\opentype\\tables\\glyphs_cpal_gen.go" "C:\\Users\\sanya\\go\\pkg\\mod\\github.com\\go-text\\typesetting@v0.3.4\\font\\opentype\\tables\\glyphs_cpal_src.go" "C:\\Users\\sanya\\go\\pkg\\mod\\github.com\\go-text\\typesetting@v0.3.4\\font\\opentype\\tables\\glyphs_glyf_gen.go" "C:\\Users\\sanya\\go\\pkg\\mod\\github.com\\go-text\\typesetting@v0.3.4\\font\\opentype\\tables\\glyphs_glyf_src.go" "C:\\Users\\sanya\\go\\pkg\\mod\\github.com\\go-text\\typesetting@v0.3.4\\font\\opentype\\tables\\glyphs_misc_gen.go" "C:\\Users\\sanya\\go\\pkg\\mod\\github.com\\go-text\\typesetting@v0.3.4\\font\\opentype\\tables\\glyphs_misc_src.go" "C:\\Users\\sanya\\go\\pkg\\mod\\github.com\\go-text\\typesetting@v0.3.4\\font\\opentype\\tables\\glyphs_sbix_gen.go" "C:\\Users\\sanya\\go\\pkg\\mod\\github.com\\go-text\\typesetting@v0.3.4\\font\\opentype\\tables\\glyphs_sbix_src.go" "C:\\Users\\sanya\\go\\pkg\\mod\\github.com\\go-text\\typesetting@v0.3.4\\font\\opentype\\tables\\head_gen.go" "C:\\Users\\sanya\\go\\pkg\\mod\\github.com\\go-text\\typesetting@v0.3.4\\font\\opentype\\tables\\head_src.go" "C:\\Users\\sanya\\go\\pkg\\mod\\github.com\\go-text\\typesetting@v0.3.4\\font\\opentype\\tables\\hhea_vhea_gen.go" "C:\\Users\\sanya\\go\\pkg\\mod\\github.com\\go-text\\typesetting@v0.3.4\\font\\opentype\\tables\\hhea_vhea_src.go" "C:\\Users\\sanya\\go\\pkg\\mod\\github.com\\go-text\\typesetting@v0.3.4\\font\\opentype\\tables\\hmtx_vmtx_gen.go" "C:\\Users\\sanya\\go\\pkg\\mod\\github.com\\go-text\\typesetting@v0.3.4\\font\\opentype\\tables\\hmtx_vmtx_src.go" "C:\\Users\\sanya\\go\\pkg\\mod\\github.com\\go-text\\typesetting@v0.3.4\\font\\opentype\\tables\\kern.go" "C:\\Users\\sanya\\go\\pkg\\mod\\github.com\\go-text\\typesetting@v0.3.4\\font\\opentype\\tables\\kern_gen.go" "C:\\Users\\sanya\\go\\pkg\\mod\\github.com\\go-text\\typesetting@v0.3.4\\font\\opentype\\tables\\kern_src.go" "C:\\Users\\sanya\\go\\pkg\\mod\\github.com\\go-text\\typesetting@v0.3.4\\font\\opentype\\tables\\maxp_gen.go" "C:\\Users\\sanya\\go\\pkg\\mod\\github.com\\go-text\\typesetting@v0.3.4\\font\\opentype\\tables\\maxp_src.go" "C:\\Users\\sanya\\go\\pkg\\mod\\github.com\\go-text\\typesetting@v0.3.4\\font\\opentype\\tables\\name_gen.go" "C:\\Users\\sanya\\go\\pkg\\mod\\github.com\\go-text\\typesetting@v0.3.4\\font\\opentype\\tables\\name_src.go" "C:\\Users\\sanya\\go\\pkg\\mod\\github.com\\go-text\\typesetting@v0.3.4\\font\\opentype\\tables\\os2_gen.go" "C:\\Users\\sanya\\go\\pkg\\mod\\github.com\\go-text\\typesetting@v0.3.4\\font\\opentype\\tables\\os2_src.go" "C:\\Users\\sanya\\go\\pkg\\mod\\github.com\\go-text\\typesetting@v0.3.4\\font\\opentype\\tables\\ot_gdef_gen.go" "C:\\Users\\sanya\\go\\pkg\\mod\\github.com\\go-text\\typesetting@v0.3.4\\font\\opentype\\tables\\ot_gdef_src.go" "C:\\Users\\sanya\\go\\pkg\\mod\\github.com\\go-text\\typesetting@v0.3.4\\font\\opentype\\tables\\ot_gpos_gen.go" "C:\\Users\\sanya\\go\\pkg\\mod\\github.com\\go-text\\typesetting@v0.3.4\\font\\opentype\\tables\\ot_gpos_src.go" "C:\\Users\\sanya\\go\\pkg\\mod\\github.com\\go-text\\typesetting@v0.3.4\\font\\opentype\\tables\\ot_gsub_gen.go" "C:\\Users\\sanya\\go\\pkg\\mod\\github.com\\go-text\\typesetting@v0.3.4\\font\\opentype\\tables\\ot_gsub_src.go" "C:\\Users\\sanya\\go\\pkg\\mod\\github.com\\go-text\\typesetting@v0.3.4\\font\\opentype\\tables\\ot_layout.go" "C:\\Users\\sanya\\go\\pkg\\mod\\github.com\\go-text\\typesetting@v0.3.4\\font\\opentype\\tables\\ot_layout_gen.go" "C:\\Users\\sanya\\go\\pkg\\mod\\github.com\\go-text\\typesetting@v0.3.4\\font\\opentype\\tables\\ot_layout_src.go" "C:\\Users\\sanya\\go\\pkg\\mod\\github.com\\go-text\\typesetting@v0.3.4\\font\\opentype\\tables\\ot_properties.go" "C:\\Users\\sanya\\go\\pkg\\mod\\github.com\\go-text\\typesetting@v0.3.4\\font\\opentype\\tables\\post_gen.go" "C:\\Users\\sanya\\go\\pkg\\mod\\github.com\\go-text\\typesetting@v0.3.4\\font\\opentype\\tables\\post_src.go" "C:\\Users\\sanya\\go\\pkg\\mod\\github.com\\go-text\\typesetting@v0.3.4\\font\\opentype\\tables\\tables.go" "C:\\Users\\sanya\\go\\pkg\\mod\\github.com\\go-text\\typesetting@v0.3.4\\font\\opentype\\tables\\xvar_gen.go" "C:\\Users\\sanya\\go\\pkg\\mod\\github.com\\go-text\\typesetting@v0.3.4\\font\\opentype\\tables\\xvar_src.go"
cp "$WORK\\b254\\_pkg_.a" "C:\\Users\\sanya\\AppData\\Local\\go-build\\a2\\a2989c3584a0ce2f2f945a13aaf3178bb8d9514b634dd796d85b0ea9f6fc192d-d" # internal
mkdir -p $WORK\b286\
cp "$WORK\\b250\\_pkg_.a" "C:\\Users\\sanya\\AppData\\Local\\go-build\\c3\\c381fbc03229a4699e8379209dc514b8cd94693f214a1f9419bddccd6889c919-d" # internal
github.com/go-text/typesetting/internal/unicodedata
mkdir -p $WORK\b247\
golang.org/x/text/language
cp "$WORK\\b270\\_pkg_.a" "C:\\Users\\sanya\\AppData\\Local\\go-build\\07\\072c035c524f42713a05b9e739509b0f746e23dc825639f37065df9f51519667-d" # internal
mkdir -p $WORK\b269\
text/template
cat >C:\Users\sanya\AppData\Local\Temp\go-build1247343387\b286\importcfg << 'EOF' # internal
# import config
packagefile github.com/go-text/typesetting/language=C:\Users\sanya\AppData\Local\Temp\go-build1247343387\b279\_pkg_.a
packagefile sort=C:\Users\sanya\AppData\Local\Temp\go-build1247343387\b176\_pkg_.a
packagefile unicode=C:\Users\sanya\AppData\Local\Temp\go-build1247343387\b046\_pkg_.a
EOF
"C:\\msys64\\mingw64\\lib\\go\\pkg\\tool\\windows_amd64\\compile.exe" -o "$WORK\\b286\\_pkg_.a" -trimpath "$WORK\\b286=>" -p github.com/go-text/typesetting/internal/unicodedata -lang=go1.19 -complete -buildid wpkq9wnMj81ve5a508kf/wpkq9wnMj81ve5a508kf -goversion go1.27.0 -c=5 -nolocalimports -importcfg "$WORK\\b286\\importcfg" -pack "C:\\Users\\sanya\\go\\pkg\\mod\\github.com\\go-text\\typesetting@v0.3.4\\internal\\unicodedata\\combining_classes.go" "C:\\Users\\sanya\\go\\pkg\\mod\\github.com\\go-text\\typesetting@v0.3.4\\internal\\unicodedata\\decomposition.go" "C:\\Users\\sanya\\go\\pkg\\mod\\github.com\\go-text\\typesetting@v0.3.4\\internal\\unicodedata\\east_asian_width.go" "C:\\Users\\sanya\\go\\pkg\\mod\\github.com\\go-text\\typesetting@v0.3.4\\internal\\unicodedata\\emojis.go" "C:\\Users\\sanya\\go\\pkg\\mod\\github.com\\go-text\\typesetting@v0.3.4\\internal\\unicodedata\\general_category.go" "C:\\Users\\sanya\\go\\pkg\\mod\\github.com\\go-text\\typesetting@v0.3.4\\internal\\unicodedata\\grapheme_break.go" "C:\\Users\\sanya\\go\\pkg\\mod\\github.com\\go-text\\typesetting@v0.3.4\\internal\\unicodedata\\indic_conjunct_break.go" "C:\\Users\\sanya\\go\\pkg\\mod\\github.com\\go-text\\typesetting@v0.3.4\\internal\\unicodedata\\line_break.go" "C:\\Users\\sanya\\go\\pkg\\mod\\github.com\\go-text\\typesetting@v0.3.4\\internal\\unicodedata\\mirroring.go" "C:\\Users\\sanya\\go\\pkg\\mod\\github.com\\go-text\\typesetting@v0.3.4\\internal\\unicodedata\\unicode.go" "C:\\Users\\sanya\\go\\pkg\\mod\\github.com\\go-text\\typesetting@v0.3.4\\internal\\unicodedata\\vertical_orientation.go" "C:\\Users\\sanya\\go\\pkg\\mod\\github.com\\go-text\\typesetting@v0.3.4\\internal\\unicodedata\\word_break.go"
cat >C:\Users\sanya\AppData\Local\Temp\go-build1247343387\b247\importcfg << 'EOF' # internal
# import config
packagefile errors=C:\Users\sanya\AppData\Local\Temp\go-build1247343387\b003\_pkg_.a
packagefile fmt=C:\Users\sanya\AppData\Local\Temp\go-build1247343387\b002\_pkg_.a
packagefile golang.org/x/text/internal/language=C:\Users\sanya\AppData\Local\Temp\go-build1247343387\b248\_pkg_.a
packagefile golang.org/x/text/internal/language/compact=C:\Users\sanya\AppData\Local\Temp\go-build1247343387\b250\_pkg_.a
packagefile sort=C:\Users\sanya\AppData\Local\Temp\go-build1247343387\b176\_pkg_.a
packagefile strconv=C:\Users\sanya\AppData\Local\Temp\go-build1247343387\b040\_pkg_.a
packagefile strings=C:\Users\sanya\AppData\Local\Temp\go-build1247343387\b070\_pkg_.a
EOF
cat >C:\Users\sanya\AppData\Local\Temp\go-build1247343387\b269\importcfg << 'EOF' # internal
# import config
packagefile errors=C:\Users\sanya\AppData\Local\Temp\go-build1247343387\b003\_pkg_.a
packagefile fmt=C:\Users\sanya\AppData\Local\Temp\go-build1247343387\b002\_pkg_.a
packagefile internal/fmtsort=C:\Users\sanya\AppData\Local\Temp\go-build1247343387\b035\_pkg_.a
packagefile io=C:\Users\sanya\AppData\Local\Temp\go-build1247343387\b048\_pkg_.a
packagefile io/fs=C:\Users\sanya\AppData\Local\Temp\go-build1247343387\b057\_pkg_.a
packagefile maps=C:\Users\sanya\AppData\Local\Temp\go-build1247343387\b167\_pkg_.a
packagefile net/url=C:\Users\sanya\AppData\Local\Temp\go-build1247343387\b174\_pkg_.a
packagefile os=C:\Users\sanya\AppData\Local\Temp\go-build1247343387\b049\_pkg_.a
packagefile path=C:\Users\sanya\AppData\Local\Temp\go-build1247343387\b058\_pkg_.a
packagefile path/filepath=C:\Users\sanya\AppData\Local\Temp\go-build1247343387\b175\_pkg_.a
packagefile reflect=C:\Users\sanya\AppData\Local\Temp\go-build1247343387\b037\_pkg_.a
packagefile runtime=C:\Users\sanya\AppData\Local\Temp\go-build1247343387\b009\_pkg_.a
packagefile strings=C:\Users\sanya\AppData\Local\Temp\go-build1247343387\b070\_pkg_.a
packagefile sync=C:\Users\sanya\AppData\Local\Temp\go-build1247343387\b042\_pkg_.a
packagefile text/template/parse=C:\Users\sanya\AppData\Local\Temp\go-build1247343387\b270\_pkg_.a
packagefile unicode=C:\Users\sanya\AppData\Local\Temp\go-build1247343387\b046\_pkg_.a
packagefile unicode/utf8=C:\Users\sanya\AppData\Local\Temp\go-build1247343387\b041\_pkg_.a
EOF
"C:\\msys64\\mingw64\\lib\\go\\pkg\\tool\\windows_amd64\\compile.exe" -o "$WORK\\b247\\_pkg_.a" -trimpath "$WORK\\b247=>" -p golang.org/x/text/language -lang=go1.18 -complete -buildid bukbRkNlc5hiDGZbCWsE/bukbRkNlc5hiDGZbCWsE -goversion go1.27.0 -c=5 -nolocalimports -importcfg "$WORK\\b247\\importcfg" -pack "C:\\Users\\sanya\\go\\pkg\\mod\\golang.org\\x\\text@v0.22.0\\language\\coverage.go" "C:\\Users\\sanya\\go\\pkg\\mod\\golang.org\\x\\text@v0.22.0\\language\\doc.go" "C:\\Users\\sanya\\go\\pkg\\mod\\golang.org\\x\\text@v0.22.0\\language\\language.go" "C:\\Users\\sanya\\go\\pkg\\mod\\golang.org\\x\\text@v0.22.0\\language\\match.go" "C:\\Users\\sanya\\go\\pkg\\mod\\golang.org\\x\\text@v0.22.0\\language\\parse.go" "C:\\Users\\sanya\\go\\pkg\\mod\\golang.org\\x\\text@v0.22.0\\language\\tables.go" "C:\\Users\\sanya\\go\\pkg\\mod\\golang.org\\x\\text@v0.22.0\\language\\tags.go"
"C:\\msys64\\mingw64\\lib\\go\\pkg\\tool\\windows_amd64\\compile.exe" -o "$WORK\\b269\\_pkg_.a" -trimpath "$WORK\\b269=>" -p text/template -lang=go1.27 -std -complete -buildid N9esUXNJHnlpWCzEYsHK/N9esUXNJHnlpWCzEYsHK -goversion go1.27.0 -c=4 -nolocalimports -importcfg "$WORK\\b269\\importcfg" -pack "C:\\msys64\\mingw64\\lib\\go\\src\\text\\template\\doc.go" "C:\\msys64\\mingw64\\lib\\go\\src\\text\\template\\exec.go" "C:\\msys64\\mingw64\\lib\\go\\src\\text\\template\\funcs.go" "C:\\msys64\\mingw64\\lib\\go\\src\\text\\template\\helper.go" "C:\\msys64\\mingw64\\lib\\go\\src\\text\\template\\option.go" "C:\\msys64\\mingw64\\lib\\go\\src\\text\\template\\template.go"
cp "$WORK\\b280\\_pkg_.a" "C:\\Users\\sanya\\AppData\\Local\\go-build\\b9\\b9d3fa4ed607c8a6d9cec311bd10803af6b88984178a1f399ddc22d0da2e702c-d" # internal
mkdir -p $WORK\b288\
golang.org/x/text/unicode/bidi
cat >C:\Users\sanya\AppData\Local\Temp\go-build1247343387\b288\importcfg << 'EOF' # internal
# import config
packagefile bytes=C:\Users\sanya\AppData\Local\Temp\go-build1247343387\b069\_pkg_.a
packagefile container/list=C:\Users\sanya\AppData\Local\Temp\go-build1247343387\b080\_pkg_.a
packagefile fmt=C:\Users\sanya\AppData\Local\Temp\go-build1247343387\b002\_pkg_.a
packagefile log=C:\Users\sanya\AppData\Local\Temp\go-build1247343387\b072\_pkg_.a
packagefile sort=C:\Users\sanya\AppData\Local\Temp\go-build1247343387\b176\_pkg_.a
packagefile unicode/utf8=C:\Users\sanya\AppData\Local\Temp\go-build1247343387\b041\_pkg_.a
EOF
"C:\\msys64\\mingw64\\lib\\go\\pkg\\tool\\windows_amd64\\compile.exe" -o "$WORK\\b288\\_pkg_.a" -trimpath "$WORK\\b288=>" -p golang.org/x/text/unicode/bidi -lang=go1.18 -complete -buildid dxcQk1E3h6pTy99eZg4p/dxcQk1E3h6pTy99eZg4p -goversion go1.27.0 -c=4 -nolocalimports -importcfg "$WORK\\b288\\importcfg" -pack "C:\\Users\\sanya\\go\\pkg\\mod\\golang.org\\x\\text@v0.22.0\\unicode\\bidi\\bidi.go" "C:\\Users\\sanya\\go\\pkg\\mod\\golang.org\\x\\text@v0.22.0\\unicode\\bidi\\bracket.go" "C:\\Users\\sanya\\go\\pkg\\mod\\golang.org\\x\\text@v0.22.0\\unicode\\bidi\\core.go" "C:\\Users\\sanya\\go\\pkg\\mod\\golang.org\\x\\text@v0.22.0\\unicode\\bidi\\prop.go" "C:\\Users\\sanya\\go\\pkg\\mod\\golang.org\\x\\text@v0.22.0\\unicode\\bidi\\tables15.0.0.go" "C:\\Users\\sanya\\go\\pkg\\mod\\golang.org\\x\\text@v0.22.0\\unicode\\bidi\\trieval.go"
go tool buildid -w "$WORK\\b161\\_pkg_.a" # internal
go tool buildid -w "$WORK\\b276\\_pkg_.a" # internal
cp "$WORK\\b161\\_pkg_.a" "C:\\Users\\sanya\\AppData\\Local\\go-build\\d5\\d5d3b6b160e591681db3fc650b86ceefec977f4d0bfc7c2eb074cd2c9026a819-d" # internal
cp "$WORK\\b276\\_pkg_.a" "C:\\Users\\sanya\\AppData\\Local\\go-build\\cc\\cc91b6250749c37acd38594540b39f882d9d5c821cfc4ba53dd883f4d3f65d47-d" # internal
mkdir -p $WORK\b290\
io/ioutil
cat >C:\Users\sanya\AppData\Local\Temp\go-build1247343387\b290\importcfg << 'EOF' # internal
# import config
packagefile io=C:\Users\sanya\AppData\Local\Temp\go-build1247343387\b048\_pkg_.a
packagefile io/fs=C:\Users\sanya\AppData\Local\Temp\go-build1247343387\b057\_pkg_.a
packagefile os=C:\Users\sanya\AppData\Local\Temp\go-build1247343387\b049\_pkg_.a
packagefile slices=C:\Users\sanya\AppData\Local\Temp\go-build1247343387\b047\_pkg_.a
packagefile strings=C:\Users\sanya\AppData\Local\Temp\go-build1247343387\b070\_pkg_.a
EOF
"C:\\msys64\\mingw64\\lib\\go\\pkg\\tool\\windows_amd64\\compile.exe" -o "$WORK\\b290\\_pkg_.a" -trimpath "$WORK\\b290=>" -p io/ioutil -lang=go1.27 -std -complete -buildid 6eyJ6y3gX9qY3RF-JVZC/6eyJ6y3gX9qY3RF-JVZC -goversion go1.27.0 -c=7 -nolocalimports -importcfg "$WORK\\b290\\importcfg" -pack "C:\\msys64\\mingw64\\lib\\go\\src\\io\\ioutil\\ioutil.go" "C:\\msys64\\mingw64\\lib\\go\\src\\io\\ioutil\\tempfile.go"
mkdir -p $WORK\b082\
crypto/tls
cat >C:\Users\sanya\AppData\Local\Temp\go-build1247343387\b082\importcfg << 'EOF' # internal
# import config
importmap golang.org/x/crypto/chacha20poly1305=vendor/golang.org/x/crypto/chacha20poly1305
importmap golang.org/x/crypto/cryptobyte=vendor/golang.org/x/crypto/cryptobyte
packagefile bytes=C:\Users\sanya\AppData\Local\Temp\go-build1247343387\b069\_pkg_.a
packagefile container/list=C:\Users\sanya\AppData\Local\Temp\go-build1247343387\b080\_pkg_.a
packagefile context=C:\Users\sanya\AppData\Local\Temp\go-build1247343387\b081\_pkg_.a
packagefile crypto=C:\Users\sanya\AppData\Local\Temp\go-build1247343387\b083\_pkg_.a
packagefile crypto/aes=C:\Users\sanya\AppData\Local\Temp\go-build1247343387\b084\_pkg_.a
packagefile crypto/cipher=C:\Users\sanya\AppData\Local\Temp\go-build1247343387\b085\_pkg_.a
packagefile crypto/des=C:\Users\sanya\AppData\Local\Temp\go-build1247343387\b110\_pkg_.a
packagefile crypto/ecdh=C:\Users\sanya\AppData\Local\Temp\go-build1247343387\b111\_pkg_.a
packagefile crypto/ecdsa=C:\Users\sanya\AppData\Local\Temp\go-build1247343387\b119\_pkg_.a
packagefile crypto/ed25519=C:\Users\sanya\AppData\Local\Temp\go-build1247343387\b135\_pkg_.a
packagefile crypto/elliptic=C:\Users\sanya\AppData\Local\Temp\go-build1247343387\b120\_pkg_.a
packagefile crypto/fips140=C:\Users\sanya\AppData\Local\Temp\go-build1247343387\b106\_pkg_.a
packagefile crypto/hkdf=C:\Users\sanya\AppData\Local\Temp\go-build1247343387\b139\_pkg_.a
packagefile crypto/hmac=C:\Users\sanya\AppData\Local\Temp\go-build1247343387\b141\_pkg_.a
packagefile crypto/hpke=C:\Users\sanya\AppData\Local\Temp\go-build1247343387\b142\_pkg_.a
packagefile crypto/internal/boring=C:\Users\sanya\AppData\Local\Temp\go-build1247343387\b108\_pkg_.a
packagefile crypto/internal/fips140/aes=C:\Users\sanya\AppData\Local\Temp\go-build1247343387\b086\_pkg_.a
packagefile crypto/internal/fips140/aes/gcm=C:\Users\sanya\AppData\Local\Temp\go-build1247343387\b100\_pkg_.a
packagefile crypto/internal/fips140/tls12=C:\Users\sanya\AppData\Local\Temp\go-build1247343387\b151\_pkg_.a
packagefile crypto/internal/fips140/tls13=C:\Users\sanya\AppData\Local\Temp\go-build1247343387\b152\_pkg_.a
packagefile crypto/md5=C:\Users\sanya\AppData\Local\Temp\go-build1247343387\b153\_pkg_.a
packagefile crypto/mldsa=C:\Users\sanya\AppData\Local\Temp\go-build1247343387\b154\_pkg_.a
packagefile crypto/mlkem=C:\Users\sanya\AppData\Local\Temp\go-build1247343387\b143\_pkg_.a
packagefile crypto/rand=C:\Users\sanya\AppData\Local\Temp\go-build1247343387\b138\_pkg_.a
packagefile crypto/rc4=C:\Users\sanya\AppData\Local\Temp\go-build1247343387\b156\_pkg_.a
packagefile crypto/rsa=C:\Users\sanya\AppData\Local\Temp\go-build1247343387\b157\_pkg_.a
packagefile crypto/sha1=C:\Users\sanya\AppData\Local\Temp\go-build1247343387\b159\_pkg_.a
packagefile crypto/sha256=C:\Users\sanya\AppData\Local\Temp\go-build1247343387\b145\_pkg_.a
packagefile crypto/sha512=C:\Users\sanya\AppData\Local\Temp\go-build1247343387\b130\_pkg_.a
packagefile crypto/subtle=C:\Users\sanya\AppData\Local\Temp\go-build1247343387\b107\_pkg_.a
packagefile crypto/tls/internal/fips140tls=C:\Users\sanya\AppData\Local\Temp\go-build1247343387\b160\_pkg_.a
packagefile crypto/x509=C:\Users\sanya\AppData\Local\Temp\go-build1247343387\b161\_pkg_.a
packagefile encoding/pem=C:\Users\sanya\AppData\Local\Temp\go-build1247343387\b165\_pkg_.a
packagefile errors=C:\Users\sanya\AppData\Local\Temp\go-build1247343387\b003\_pkg_.a
packagefile fmt=C:\Users\sanya\AppData\Local\Temp\go-build1247343387\b002\_pkg_.a
packagefile vendor/golang.org/x/crypto/chacha20poly1305=C:\Users\sanya\AppData\Local\Temp\go-build1247343387\b146\_pkg_.a
packagefile vendor/golang.org/x/crypto/cryptobyte=C:\Users\sanya\AppData\Local\Temp\go-build1247343387\b131\_pkg_.a
packagefile hash=C:\Users\sanya\AppData\Local\Temp\go-build1247343387\b079\_pkg_.a
packagefile internal/byteorder=C:\Users\sanya\AppData\Local\Temp\go-build1247343387\b012\_pkg_.a
packagefile internal/cpu=C:\Users\sanya\AppData\Local\Temp\go-build1247343387\b011\_pkg_.a
packagefile internal/godebug=C:\Users\sanya\AppData\Local\Temp\go-build1247343387\b061\_pkg_.a
packagefile io=C:\Users\sanya\AppData\Local\Temp\go-build1247343387\b048\_pkg_.a
packagefile net=C:\Users\sanya\AppData\Local\Temp\go-build1247343387\b168\_pkg_.a
packagefile os=C:\Users\sanya\AppData\Local\Temp\go-build1247343387\b049\_pkg_.a
packagefile runtime=C:\Users\sanya\AppData\Local\Temp\go-build1247343387\b009\_pkg_.a
packagefile slices=C:\Users\sanya\AppData\Local\Temp\go-build1247343387\b047\_pkg_.a
packagefile sort=C:\Users\sanya\AppData\Local\Temp\go-build1247343387\b176\_pkg_.a
packagefile strconv=C:\Users\sanya\AppData\Local\Temp\go-build1247343387\b040\_pkg_.a
packagefile strings=C:\Users\sanya\AppData\Local\Temp\go-build1247343387\b070\_pkg_.a
packagefile sync=C:\Users\sanya\AppData\Local\Temp\go-build1247343387\b042\_pkg_.a
packagefile sync/atomic=C:\Users\sanya\AppData\Local\Temp\go-build1247343387\b044\_pkg_.a
packagefile time=C:\Users\sanya\AppData\Local\Temp\go-build1247343387\b059\_pkg_.a
packagefile weak=C:\Users\sanya\AppData\Local\Temp\go-build1247343387\b127\_pkg_.a
EOF
"C:\\msys64\\mingw64\\lib\\go\\pkg\\tool\\windows_amd64\\compile.exe" -o "$WORK\\b082\\_pkg_.a" -trimpath "$WORK\\b082=>" -p crypto/tls -lang=go1.27 -std -complete -buildid H1U6kj50A-Yv8ebcnz72/H1U6kj50A-Yv8ebcnz72 -goversion go1.27.0 -c=6 -nolocalimports -importcfg "$WORK\\b082\\importcfg" -pack "C:\\msys64\\mingw64\\lib\\go\\src\\crypto\\tls\\alert.go" "C:\\msys64\\mingw64\\lib\\go\\src\\crypto\\tls\\auth.go" "C:\\msys64\\mingw64\\lib\\go\\src\\crypto\\tls\\cache.go" "C:\\msys64\\mingw64\\lib\\go\\src\\crypto\\tls\\cipher_suites.go" "C:\\msys64\\mingw64\\lib\\go\\src\\crypto\\tls\\common.go" "C:\\msys64\\mingw64\\lib\\go\\src\\crypto\\tls\\common_string.go" "C:\\msys64\\mingw64\\lib\\go\\src\\crypto\\tls\\conn.go" "C:\\msys64\\mingw64\\lib\\go\\src\\crypto\\tls\\defaults.go" "C:\\msys64\\mingw64\\lib\\go\\src\\crypto\\tls\\defaults_fips140.go" "C:\\msys64\\mingw64\\lib\\go\\src\\crypto\\tls\\ech.go" "C:\\msys64\\mingw64\\lib\\go\\src\\crypto\\tls\\handshake_client.go" "C:\\msys64\\mingw64\\lib\\go\\src\\crypto\\tls\\handshake_client_tls13.go" "C:\\msys64\\mingw64\\lib\\go\\src\\crypto\\tls\\handshake_messages.go" "C:\\msys64\\mingw64\\lib\\go\\src\\crypto\\tls\\handshake_server.go" "C:\\msys64\\mingw64\\lib\\go\\src\\crypto\\tls\\handshake_server_tls13.go" "C:\\msys64\\mingw64\\lib\\go\\src\\crypto\\tls\\key_agreement.go" "C:\\msys64\\mingw64\\lib\\go\\src\\crypto\\tls\\key_schedule.go" "C:\\msys64\\mingw64\\lib\\go\\src\\crypto\\tls\\prf.go" "C:\\msys64\\mingw64\\lib\\go\\src\\crypto\\tls\\quic.go" "C:\\msys64\\mingw64\\lib\\go\\src\\crypto\\tls\\ticket.go" "C:\\msys64\\mingw64\\lib\\go\\src\\crypto\\tls\\tls.go"
go tool buildid -w "$WORK\\b247\\_pkg_.a" # internal
go tool buildid -w "$WORK\\b286\\_pkg_.a" # internal
cp "$WORK\\b247\\_pkg_.a" "C:\\Users\\sanya\\AppData\\Local\\go-build\\b2\\b2929b38f6ab63f74bddab619f646c31d97934c0a2a553e9ee08b33b37d5bab7-d" # internal
mkdir -p $WORK\b239\
golang.org/x/text/encoding/htmlindex
cat >C:\Users\sanya\AppData\Local\Temp\go-build1247343387\b239\importcfg << 'EOF' # internal
# import config
packagefile errors=C:\Users\sanya\AppData\Local\Temp\go-build1247343387\b003\_pkg_.a
packagefile golang.org/x/text/encoding=C:\Users\sanya\AppData\Local\Temp\go-build1247343387\b234\_pkg_.a
packagefile golang.org/x/text/encoding/charmap=C:\Users\sanya\AppData\Local\Temp\go-build1247343387\b237\_pkg_.a
packagefile golang.org/x/text/encoding/internal/identifier=C:\Users\sanya\AppData\Local\Temp\go-build1247343387\b235\_pkg_.a
packagefile golang.org/x/text/encoding/japanese=C:\Users\sanya\AppData\Local\Temp\go-build1247343387\b240\_pkg_.a
packagefile golang.org/x/text/encoding/korean=C:\Users\sanya\AppData\Local\Temp\go-build1247343387\b241\_pkg_.a
packagefile golang.org/x/text/encoding/simplifiedchinese=C:\Users\sanya\AppData\Local\Temp\go-build1247343387\b242\_pkg_.a
packagefile golang.org/x/text/encoding/traditionalchinese=C:\Users\sanya\AppData\Local\Temp\go-build1247343387\b243\_pkg_.a
packagefile golang.org/x/text/encoding/unicode=C:\Users\sanya\AppData\Local\Temp\go-build1247343387\b244\_pkg_.a
packagefile golang.org/x/text/language=C:\Users\sanya\AppData\Local\Temp\go-build1247343387\b247\_pkg_.a
packagefile strings=C:\Users\sanya\AppData\Local\Temp\go-build1247343387\b070\_pkg_.a
packagefile sync=C:\Users\sanya\AppData\Local\Temp\go-build1247343387\b042\_pkg_.a
EOF
"C:\\msys64\\mingw64\\lib\\go\\pkg\\tool\\windows_amd64\\compile.exe" -o "$WORK\\b239\\_pkg_.a" -trimpath "$WORK\\b239=>" -p golang.org/x/text/encoding/htmlindex -lang=go1.18 -complete -buildid SJfoV0gJZq44iumOVPFW/SJfoV0gJZq44iumOVPFW -goversion go1.27.0 -c=6 -nolocalimports -importcfg "$WORK\\b239\\importcfg" -pack "C:\\Users\\sanya\\go\\pkg\\mod\\golang.org\\x\\text@v0.22.0\\encoding\\htmlindex\\htmlindex.go" "C:\\Users\\sanya\\go\\pkg\\mod\\golang.org\\x\\text@v0.22.0\\encoding\\htmlindex\\map.go" "C:\\Users\\sanya\\go\\pkg\\mod\\golang.org\\x\\text@v0.22.0\\encoding\\htmlindex\\tables.go"
go tool buildid -w "$WORK\\b290\\_pkg_.a" # internal
cp "$WORK\\b286\\_pkg_.a" "C:\\Users\\sanya\\AppData\\Local\\go-build\\c4\\c4bf61937a0034e8f391d15985f9d145b08c2ecaaec49c3c15e27f84949e2cc6-d" # internal
mkdir -p $WORK\b272\
github.com/nicksnyder/go-i18n/v2/internal/plural
cat >C:\Users\sanya\AppData\Local\Temp\go-build1247343387\b272\importcfg << 'EOF' # internal
# import config
packagefile fmt=C:\Users\sanya\AppData\Local\Temp\go-build1247343387\b002\_pkg_.a
packagefile golang.org/x/text/language=C:\Users\sanya\AppData\Local\Temp\go-build1247343387\b247\_pkg_.a
packagefile strconv=C:\Users\sanya\AppData\Local\Temp\go-build1247343387\b040\_pkg_.a
packagefile strings=C:\Users\sanya\AppData\Local\Temp\go-build1247343387\b070\_pkg_.a
EOF
"C:\\msys64\\mingw64\\lib\\go\\pkg\\tool\\windows_amd64\\compile.exe" -o "$WORK\\b272\\_pkg_.a" -trimpath "$WORK\\b272=>" -p github.com/nicksnyder/go-i18n/v2/internal/plural -lang=go1.18 -complete -buildid P6Sf0iLAD5VMWkYKpQxc/P6Sf0iLAD5VMWkYKpQxc -goversion go1.27.0 -c=6 -nolocalimports -importcfg "$WORK\\b272\\importcfg" -pack "C:\\Users\\sanya\\go\\pkg\\mod\\github.com\\nicksnyder\\go-i18n\\v2@v2.5.1\\internal\\plural\\doc.go" "C:\\Users\\sanya\\go\\pkg\\mod\\github.com\\nicksnyder\\go-i18n\\v2@v2.5.1\\internal\\plural\\form.go" "C:\\Users\\sanya\\go\\pkg\\mod\\github.com\\nicksnyder\\go-i18n\\v2@v2.5.1\\internal\\plural\\operands.go" "C:\\Users\\sanya\\go\\pkg\\mod\\github.com\\nicksnyder\\go-i18n\\v2@v2.5.1\\internal\\plural\\rule.go" "C:\\Users\\sanya\\go\\pkg\\mod\\github.com\\nicksnyder\\go-i18n\\v2@v2.5.1\\internal\\plural\\rule_gen.go" "C:\\Users\\sanya\\go\\pkg\\mod\\github.com\\nicksnyder\\go-i18n\\v2@v2.5.1\\internal\\plural\\rules.go"
cp "$WORK\\b290\\_pkg_.a" "C:\\Users\\sanya\\AppData\\Local\\go-build\\f4\\f493d94bcf75961d1f9bf9ed064bd7948b64ae3c6b33c46f1ab684dd52a02817-d" # internal
mkdir -p $WORK\b287\
github.com/go-text/typesetting/segmenter
cat >C:\Users\sanya\AppData\Local\Temp\go-build1247343387\b287\importcfg << 'EOF' # internal
# import config
packagefile github.com/go-text/typesetting/internal/unicodedata=C:\Users\sanya\AppData\Local\Temp\go-build1247343387\b286\_pkg_.a
EOF
"C:\\msys64\\mingw64\\lib\\go\\pkg\\tool\\windows_amd64\\compile.exe" -o "$WORK\\b287\\_pkg_.a" -trimpath "$WORK\\b287=>" -p github.com/go-text/typesetting/segmenter -lang=go1.19 -complete -buildid imtHsxo0e7mg_7CKnFMp/imtHsxo0e7mg_7CKnFMp -goversion go1.27.0 -c=5 -nolocalimports -importcfg "$WORK\\b287\\importcfg" -pack "C:\\Users\\sanya\\go\\pkg\\mod\\github.com\\go-text\\typesetting@v0.3.4\\segmenter\\segmenter.go" "C:\\Users\\sanya\\go\\pkg\\mod\\github.com\\go-text\\typesetting@v0.3.4\\segmenter\\unicode14_rules.go" "C:\\Users\\sanya\\go\\pkg\\mod\\github.com\\go-text\\typesetting@v0.3.4\\segmenter\\unicode29_rules.go"
go tool buildid -w "$WORK\\b239\\_pkg_.a" # internal
cp "$WORK\\b239\\_pkg_.a" "C:\\Users\\sanya\\AppData\\Local\\go-build\\9e\\9efcc140a44c5541ea8f446e7381f8d39bec30aeaba3fbd9b70bfe2bbf1b1770-d" # internal
mkdir -p $WORK\b231\
golang.org/x/net/html/charset
cat >C:\Users\sanya\AppData\Local\Temp\go-build1247343387\b231\importcfg << 'EOF' # internal
# import config
packagefile bytes=C:\Users\sanya\AppData\Local\Temp\go-build1247343387\b069\_pkg_.a
packagefile fmt=C:\Users\sanya\AppData\Local\Temp\go-build1247343387\b002\_pkg_.a
packagefile golang.org/x/net/html=C:\Users\sanya\AppData\Local\Temp\go-build1247343387\b232\_pkg_.a
packagefile golang.org/x/text/encoding=C:\Users\sanya\AppData\Local\Temp\go-build1247343387\b234\_pkg_.a
packagefile golang.org/x/text/encoding/charmap=C:\Users\sanya\AppData\Local\Temp\go-build1247343387\b237\_pkg_.a
packagefile golang.org/x/text/encoding/htmlindex=C:\Users\sanya\AppData\Local\Temp\go-build1247343387\b239\_pkg_.a
packagefile golang.org/x/text/transform=C:\Users\sanya\AppData\Local\Temp\go-build1247343387\b236\_pkg_.a
packagefile io=C:\Users\sanya\AppData\Local\Temp\go-build1247343387\b048\_pkg_.a
packagefile mime=C:\Users\sanya\AppData\Local\Temp\go-build1247343387\b185\_pkg_.a
packagefile strings=C:\Users\sanya\AppData\Local\Temp\go-build1247343387\b070\_pkg_.a
packagefile unicode/utf8=C:\Users\sanya\AppData\Local\Temp\go-build1247343387\b041\_pkg_.a
EOF
"C:\\msys64\\mingw64\\lib\\go\\pkg\\tool\\windows_amd64\\compile.exe" -o "$WORK\\b231\\_pkg_.a" -trimpath "$WORK\\b231=>" -p golang.org/x/net/html/charset -lang=go1.18 -complete -buildid 6NeHU_1sh513J1uYIPMl/6NeHU_1sh513J1uYIPMl -goversion go1.27.0 -c=6 -nolocalimports -importcfg "$WORK\\b231\\importcfg" -pack "C:\\Users\\sanya\\go\\pkg\\mod\\golang.org\\x\\net@v0.35.0\\html\\charset\\charset.go"
go tool buildid -w "$WORK\\b288\\_pkg_.a" # internal
cp "$WORK\\b288\\_pkg_.a" "C:\\Users\\sanya\\AppData\\Local\\go-build\\81\\8142a198e8e67cb66814d2c555fb20b076c905a1b9cbf39fa00d192a87910177-d" # internal
mkdir -p $WORK\b294\
hash/maphash
cat >C:\Users\sanya\AppData\Local\Temp\go-build1247343387\b294\importcfg << 'EOF' # internal
# import config
packagefile hash=C:\Users\sanya\AppData\Local\Temp\go-build1247343387\b079\_pkg_.a
packagefile internal/abi=C:\Users\sanya\AppData\Local\Temp\go-build1247343387\b005\_pkg_.a
packagefile internal/runtime/maps=C:\Users\sanya\AppData\Local\Temp\go-build1247343387\b024\_pkg_.a
EOF
"C:\\msys64\\mingw64\\lib\\go\\pkg\\tool\\windows_amd64\\compile.exe" -o "$WORK\\b294\\_pkg_.a" -trimpath "$WORK\\b294=>" -p hash/maphash -lang=go1.27 -std -complete -buildid TLaCg-w1soMmLx2vVyQN/TLaCg-w1soMmLx2vVyQN -goversion go1.27.0 -c=5 -nolocalimports -importcfg "$WORK\\b294\\importcfg" -pack "C:\\msys64\\mingw64\\lib\\go\\src\\hash\\maphash\\hasher.go" "C:\\msys64\\mingw64\\lib\\go\\src\\hash\\maphash\\maphash.go"
go tool buildid -w "$WORK\\b269\\_pkg_.a" # internal
cp "$WORK\\b269\\_pkg_.a" "C:\\Users\\sanya\\AppData\\Local\\go-build\\bc\\bc28ac16ba5bd6d56ea6bfa67e630373dec13e7217064d9c30a49f080b9f8a03-d" # internal
mkdir -p $WORK\b268\
github.com/nicksnyder/go-i18n/v2/i18n/template
cat >C:\Users\sanya\AppData\Local\Temp\go-build1247343387\b268\importcfg << 'EOF' # internal
# import config
packagefile bytes=C:\Users\sanya\AppData\Local\Temp\go-build1247343387\b069\_pkg_.a
packagefile strings=C:\Users\sanya\AppData\Local\Temp\go-build1247343387\b070\_pkg_.a
packagefile text/template=C:\Users\sanya\AppData\Local\Temp\go-build1247343387\b269\_pkg_.a
EOF
"C:\\msys64\\mingw64\\lib\\go\\pkg\\tool\\windows_amd64\\compile.exe" -o "$WORK\\b268\\_pkg_.a" -trimpath "$WORK\\b268=>" -p github.com/nicksnyder/go-i18n/v2/i18n/template -lang=go1.18 -complete -buildid bS2MDC-anGbiUr_NFjEJ/bS2MDC-anGbiUr_NFjEJ -goversion go1.27.0 -c=4 -nolocalimports -importcfg "$WORK\\b268\\importcfg" -pack "C:\\Users\\sanya\\go\\pkg\\mod\\github.com\\nicksnyder\\go-i18n\\v2@v2.5.1\\i18n\\template\\identity_parser.go" "C:\\Users\\sanya\\go\\pkg\\mod\\github.com\\nicksnyder\\go-i18n\\v2@v2.5.1\\i18n\\template\\parser.go" "C:\\Users\\sanya\\go\\pkg\\mod\\github.com\\nicksnyder\\go-i18n\\v2@v2.5.1\\i18n\\template\\text_parser.go"
go tool buildid -w "$WORK\\b287\\_pkg_.a" # internal
go tool buildid -w "$WORK\\b231\\_pkg_.a" # internal
go tool buildid -w "$WORK\\b294\\_pkg_.a" # internal
cp "$WORK\\b287\\_pkg_.a" "C:\\Users\\sanya\\AppData\\Local\\go-build\\80\\8062cc0aac6a19d5bf73458360b94de62aaf2c5677a343d84824fcbb372720d0-d" # internal
mkdir -p $WORK\b295\
os/user
cat >C:\Users\sanya\AppData\Local\Temp\go-build1247343387\b295\importcfg << 'EOF' # internal
# import config
packagefile errors=C:\Users\sanya\AppData\Local\Temp\go-build1247343387\b003\_pkg_.a
packagefile fmt=C:\Users\sanya\AppData\Local\Temp\go-build1247343387\b002\_pkg_.a
packagefile internal/syscall/windows=C:\Users\sanya\AppData\Local\Temp\go-build1247343387\b051\_pkg_.a
packagefile internal/syscall/windows/registry=C:\Users\sanya\AppData\Local\Temp\go-build1247343387\b060\_pkg_.a
packagefile runtime=C:\Users\sanya\AppData\Local\Temp\go-build1247343387\b009\_pkg_.a
packagefile strconv=C:\Users\sanya\AppData\Local\Temp\go-build1247343387\b040\_pkg_.a
packagefile sync=C:\Users\sanya\AppData\Local\Temp\go-build1247343387\b042\_pkg_.a
packagefile syscall=C:\Users\sanya\AppData\Local\Temp\go-build1247343387\b055\_pkg_.a
EOF
"C:\\msys64\\mingw64\\lib\\go\\pkg\\tool\\windows_amd64\\compile.exe" -o "$WORK\\b295\\_pkg_.a" -trimpath "$WORK\\b295=>" -p os/user -lang=go1.27 -std -complete -buildid tdfuoB67yBUa8RhJM4he/tdfuoB67yBUa8RhJM4he -goversion go1.27.0 -c=6 -nolocalimports -importcfg "$WORK\\b295\\importcfg" -pack "C:\\msys64\\mingw64\\lib\\go\\src\\os\\user\\lookup.go" "C:\\msys64\\mingw64\\lib\\go\\src\\os\\user\\lookup_windows.go" "C:\\msys64\\mingw64\\lib\\go\\src\\os\\user\\user.go"
cp "$WORK\\b231\\_pkg_.a" "C:\\Users\\sanya\\AppData\\Local\\go-build\\78\\78b109e3d815474ea5fef9836463b225f792fd51e357c2a3661a5f6eb150fbca-d" # internal
mkdir -p $WORK\b224\
github.com/fyne-io/oksvg
cat >C:\Users\sanya\AppData\Local\Temp\go-build1247343387\b224\importcfg << 'EOF' # internal
# import config
packagefile bytes=C:\Users\sanya\AppData\Local\Temp\go-build1247343387\b069\_pkg_.a
packagefile encoding/xml=C:\Users\sanya\AppData\Local\Temp\go-build1247343387\b222\_pkg_.a
packagefile errors=C:\Users\sanya\AppData\Local\Temp\go-build1247343387\b003\_pkg_.a
packagefile fmt=C:\Users\sanya\AppData\Local\Temp\go-build1247343387\b002\_pkg_.a
packagefile github.com/srwiley/rasterx=C:\Users\sanya\AppData\Local\Temp\go-build1247343387\b225\_pkg_.a
packagefile golang.org/x/image/colornames=C:\Users\sanya\AppData\Local\Temp\go-build1247343387\b230\_pkg_.a
packagefile golang.org/x/image/math/fixed=C:\Users\sanya\AppData\Local\Temp\go-build1247343387\b226\_pkg_.a
packagefile golang.org/x/net/html/charset=C:\Users\sanya\AppData\Local\Temp\go-build1247343387\b231\_pkg_.a
packagefile image/color=C:\Users\sanya\AppData\Local\Temp\go-build1247343387\b071\_pkg_.a
packagefile io=C:\Users\sanya\AppData\Local\Temp\go-build1247343387\b048\_pkg_.a
packagefile log=C:\Users\sanya\AppData\Local\Temp\go-build1247343387\b072\_pkg_.a
packagefile math=C:\Users\sanya\AppData\Local\Temp\go-build1247343387\b039\_pkg_.a
packagefile os=C:\Users\sanya\AppData\Local\Temp\go-build1247343387\b049\_pkg_.a
packagefile strconv=C:\Users\sanya\AppData\Local\Temp\go-build1247343387\b040\_pkg_.a
packagefile strings=C:\Users\sanya\AppData\Local\Temp\go-build1247343387\b070\_pkg_.a
packagefile unicode=C:\Users\sanya\AppData\Local\Temp\go-build1247343387\b046\_pkg_.a
EOF
"C:\\msys64\\mingw64\\lib\\go\\pkg\\tool\\windows_amd64\\compile.exe" -o "$WORK\\b224\\_pkg_.a" -trimpath "$WORK\\b224=>" -p github.com/fyne-io/oksvg -lang=go1.19 -complete -buildid KJSh6Fq793NG9na-XNFX/KJSh6Fq793NG9na-XNFX -goversion go1.27.0 -c=5 -nolocalimports -importcfg "$WORK\\b224\\importcfg" -pack "C:\\Users\\sanya\\go\\pkg\\mod\\github.com\\fyne-io\\oksvg@v0.2.0\\definitions.go" "C:\\Users\\sanya\\go\\pkg\\mod\\github.com\\fyne-io\\oksvg@v0.2.0\\draw.go" "C:\\Users\\sanya\\go\\pkg\\mod\\github.com\\fyne-io\\oksvg@v0.2.0\\icon_cursor.go" "C:\\Users\\sanya\\go\\pkg\\mod\\github.com\\fyne-io\\oksvg@v0.2.0\\path_cursor.go" "C:\\Users\\sanya\\go\\pkg\\mod\\github.com\\fyne-io\\oksvg@v0.2.0\\path_style.go" "C:\\Users\\sanya\\go\\pkg\\mod\\github.com\\fyne-io\\oksvg@v0.2.0\\public.go" "C:\\Users\\sanya\\go\\pkg\\mod\\github.com\\fyne-io\\oksvg@v0.2.0\\svg_icon.go" "C:\\Users\\sanya\\go\\pkg\\mod\\github.com\\fyne-io\\oksvg@v0.2.0\\svg_path.go" "C:\\Users\\sanya\\go\\pkg\\mod\\github.com\\fyne-io\\oksvg@v0.2.0\\utils.go"
cp "$WORK\\b294\\_pkg_.a" "C:\\Users\\sanya\\AppData\\Local\\go-build\\1e\\1efaa0da64a12a6b40f6ca7203e7487fbd812e652d504bc9190a44f247e51157-d" # internal
mkdir -p $WORK\b289\
github.com/srwiley/oksvg
cat >C:\Users\sanya\AppData\Local\Temp\go-build1247343387\b289\importcfg << 'EOF' # internal
# import config
packagefile bytes=C:\Users\sanya\AppData\Local\Temp\go-build1247343387\b069\_pkg_.a
packagefile encoding/xml=C:\Users\sanya\AppData\Local\Temp\go-build1247343387\b222\_pkg_.a
packagefile errors=C:\Users\sanya\AppData\Local\Temp\go-build1247343387\b003\_pkg_.a
packagefile fmt=C:\Users\sanya\AppData\Local\Temp\go-build1247343387\b002\_pkg_.a
packagefile github.com/srwiley/rasterx=C:\Users\sanya\AppData\Local\Temp\go-build1247343387\b225\_pkg_.a
packagefile golang.org/x/image/colornames=C:\Users\sanya\AppData\Local\Temp\go-build1247343387\b230\_pkg_.a
packagefile golang.org/x/image/math/fixed=C:\Users\sanya\AppData\Local\Temp\go-build1247343387\b226\_pkg_.a
packagefile golang.org/x/net/html/charset=C:\Users\sanya\AppData\Local\Temp\go-build1247343387\b231\_pkg_.a
packagefile image/color=C:\Users\sanya\AppData\Local\Temp\go-build1247343387\b071\_pkg_.a
packagefile io=C:\Users\sanya\AppData\Local\Temp\go-build1247343387\b048\_pkg_.a
packagefile io/ioutil=C:\Users\sanya\AppData\Local\Temp\go-build1247343387\b290\_pkg_.a
packagefile log=C:\Users\sanya\AppData\Local\Temp\go-build1247343387\b072\_pkg_.a
packagefile math=C:\Users\sanya\AppData\Local\Temp\go-build1247343387\b039\_pkg_.a
packagefile os=C:\Users\sanya\AppData\Local\Temp\go-build1247343387\b049\_pkg_.a
packagefile strconv=C:\Users\sanya\AppData\Local\Temp\go-build1247343387\b040\_pkg_.a
packagefile strings=C:\Users\sanya\AppData\Local\Temp\go-build1247343387\b070\_pkg_.a
packagefile unicode=C:\Users\sanya\AppData\Local\Temp\go-build1247343387\b046\_pkg_.a
EOF
"C:\\msys64\\mingw64\\lib\\go\\pkg\\tool\\windows_amd64\\compile.exe" -o "$WORK\\b289\\_pkg_.a" -trimpath "$WORK\\b289=>" -p github.com/srwiley/oksvg -lang=go1.17 -complete -buildid JKxATC-nULXNK8e8jihU/JKxATC-nULXNK8e8jihU -goversion go1.27.0 -c=5 -nolocalimports -importcfg "$WORK\\b289\\importcfg" -pack "C:\\Users\\sanya\\go\\pkg\\mod\\github.com\\srwiley\\oksvg@v0.0.0-20221011165216-be6e8873101c\\definitions.go" "C:\\Users\\sanya\\go\\pkg\\mod\\github.com\\srwiley\\oksvg@v0.0.0-20221011165216-be6e8873101c\\draw.go" "C:\\Users\\sanya\\go\\pkg\\mod\\github.com\\srwiley\\oksvg@v0.0.0-20221011165216-be6e8873101c\\icon_cursor.go" "C:\\Users\\sanya\\go\\pkg\\mod\\github.com\\srwiley\\oksvg@v0.0.0-20221011165216-be6e8873101c\\path_cursor.go" "C:\\Users\\sanya\\go\\pkg\\mod\\github.com\\srwiley\\oksvg@v0.0.0-20221011165216-be6e8873101c\\path_style.go" "C:\\Users\\sanya\\go\\pkg\\mod\\github.com\\srwiley\\oksvg@v0.0.0-20221011165216-be6e8873101c\\public.go" "C:\\Users\\sanya\\go\\pkg\\mod\\github.com\\srwiley\\oksvg@v0.0.0-20221011165216-be6e8873101c\\svg_icon.go" "C:\\Users\\sanya\\go\\pkg\\mod\\github.com\\srwiley\\oksvg@v0.0.0-20221011165216-be6e8873101c\\svg_path.go" "C:\\Users\\sanya\\go\\pkg\\mod\\github.com\\srwiley\\oksvg@v0.0.0-20221011165216-be6e8873101c\\utils.go"
go tool buildid -w "$WORK\\b268\\_pkg_.a" # internal
cp "$WORK\\b268\\_pkg_.a" "C:\\Users\\sanya\\AppData\\Local\\go-build\\3e\\3e909fa3f3122b48474166d2d531eee667a8ff807c22439351ac0061b8a42bbf-d" # internal
mkdir -p $WORK\b271\
github.com/nicksnyder/go-i18n/v2/internal
cat >C:\Users\sanya\AppData\Local\Temp\go-build1247343387\b271\importcfg << 'EOF' # internal
# import config
packagefile github.com/nicksnyder/go-i18n/v2/i18n/template=C:\Users\sanya\AppData\Local\Temp\go-build1247343387\b268\_pkg_.a
packagefile sync=C:\Users\sanya\AppData\Local\Temp\go-build1247343387\b042\_pkg_.a
EOF
"C:\\msys64\\mingw64\\lib\\go\\pkg\\tool\\windows_amd64\\compile.exe" -o "$WORK\\b271\\_pkg_.a" -trimpath "$WORK\\b271=>" -p github.com/nicksnyder/go-i18n/v2/internal -lang=go1.18 -complete -buildid wOapRcR3IL7-1Uy5kcAp/wOapRcR3IL7-1Uy5kcAp -goversion go1.27.0 -c=4 -nolocalimports -importcfg "$WORK\\b271\\importcfg" -pack "C:\\Users\\sanya\\go\\pkg\\mod\\github.com\\nicksnyder\\go-i18n\\v2@v2.5.1\\internal\\template.go"
go tool buildid -w "$WORK\\b272\\_pkg_.a" # internal
cp "$WORK\\b272\\_pkg_.a" "C:\\Users\\sanya\\AppData\\Local\\go-build\\2f\\2f4c66140d8e7bddc1696b2cda68d85a9e0547eab181d36b38e4149a0651eccb-d" # internal
mkdir -p $WORK\b297\
github.com/clipperhouse/uax29/v2/graphemes
go tool buildid -w "$WORK\\b271\\_pkg_.a" # internal
go tool buildid -w "$WORK\\b213\\_pkg_.a" # internal
cat >C:\Users\sanya\AppData\Local\Temp\go-build1247343387\b297\importcfg << 'EOF' # internal
# import config
packagefile bufio=C:\Users\sanya\AppData\Local\Temp\go-build1247343387\b068\_pkg_.a
packagefile github.com/clipperhouse/uax29/v2/internal/iterators=C:\Users\sanya\AppData\Local\Temp\go-build1247343387\b298\_pkg_.a
packagefile io=C:\Users\sanya\AppData\Local\Temp\go-build1247343387\b048\_pkg_.a
EOF
"C:\\msys64\\mingw64\\lib\\go\\pkg\\tool\\windows_amd64\\compile.exe" -o "$WORK\\b297\\_pkg_.a" -trimpath "$WORK\\b297=>" -p github.com/clipperhouse/uax29/v2/graphemes -lang=go1.18 -complete -buildid Xp5uNTC1XDYPUf7NYPuZ/Xp5uNTC1XDYPUf7NYPuZ -goversion go1.27.0 -c=6 -nolocalimports -importcfg "$WORK\\b297\\importcfg" -pack "C:\\Users\\sanya\\go\\pkg\\mod\\github.com\\clipperhouse\\uax29\\v2@v2.2.0\\graphemes\\iterator.go" "C:\\Users\\sanya\\go\\pkg\\mod\\github.com\\clipperhouse\\uax29\\v2@v2.2.0\\graphemes\\reader.go" "C:\\Users\\sanya\\go\\pkg\\mod\\github.com\\clipperhouse\\uax29\\v2@v2.2.0\\graphemes\\splitfunc.go" "C:\\Users\\sanya\\go\\pkg\\mod\\github.com\\clipperhouse\\uax29\\v2@v2.2.0\\graphemes\\trie.go"
go tool buildid -w "$WORK\\b295\\_pkg_.a" # internal
cp "$WORK\\b271\\_pkg_.a" "C:\\Users\\sanya\\AppData\\Local\\go-build\\0e\\0e44186afeb2b3878ee7b3f75f316ae4f4612ad7bc6d5ee197ad978ae3540c2d-d" # internal
mkdir -p $WORK\b267\
github.com/nicksnyder/go-i18n/v2/i18n
cp "$WORK\\b295\\_pkg_.a" "C:\\Users\\sanya\\AppData\\Local\\go-build\\27\\27465db1bb407da37bb87f95c5be487ab8c16ff30c0198147ad8d7cc88dfde06-d" # internal
mkdir -p $WORK\b305\
regexp/syntax
cat >C:\Users\sanya\AppData\Local\Temp\go-build1247343387\b267\importcfg << 'EOF' # internal
# import config
packagefile encoding/json=C:\Users\sanya\AppData\Local\Temp\go-build1247343387\b196\_pkg_.a
packagefile errors=C:\Users\sanya\AppData\Local\Temp\go-build1247343387\b003\_pkg_.a
packagefile fmt=C:\Users\sanya\AppData\Local\Temp\go-build1247343387\b002\_pkg_.a
packagefile github.com/nicksnyder/go-i18n/v2/i18n/template=C:\Users\sanya\AppData\Local\Temp\go-build1247343387\b268\_pkg_.a
packagefile github.com/nicksnyder/go-i18n/v2/internal=C:\Users\sanya\AppData\Local\Temp\go-build1247343387\b271\_pkg_.a
packagefile github.com/nicksnyder/go-i18n/v2/internal/plural=C:\Users\sanya\AppData\Local\Temp\go-build1247343387\b272\_pkg_.a
packagefile golang.org/x/text/language=C:\Users\sanya\AppData\Local\Temp\go-build1247343387\b247\_pkg_.a
packagefile io/fs=C:\Users\sanya\AppData\Local\Temp\go-build1247343387\b057\_pkg_.a
packagefile os=C:\Users\sanya\AppData\Local\Temp\go-build1247343387\b049\_pkg_.a
packagefile sort=C:\Users\sanya\AppData\Local\Temp\go-build1247343387\b176\_pkg_.a
packagefile strings=C:\Users\sanya\AppData\Local\Temp\go-build1247343387\b070\_pkg_.a
packagefile text/template=C:\Users\sanya\AppData\Local\Temp\go-build1247343387\b269\_pkg_.a
EOF
cat >C:\Users\sanya\AppData\Local\Temp\go-build1247343387\b305\importcfg << 'EOF' # internal
# import config
packagefile slices=C:\Users\sanya\AppData\Local\Temp\go-build1247343387\b047\_pkg_.a
packagefile sort=C:\Users\sanya\AppData\Local\Temp\go-build1247343387\b176\_pkg_.a
packagefile strconv=C:\Users\sanya\AppData\Local\Temp\go-build1247343387\b040\_pkg_.a
packagefile strings=C:\Users\sanya\AppData\Local\Temp\go-build1247343387\b070\_pkg_.a
packagefile sync=C:\Users\sanya\AppData\Local\Temp\go-build1247343387\b042\_pkg_.a
packagefile unicode=C:\Users\sanya\AppData\Local\Temp\go-build1247343387\b046\_pkg_.a
packagefile unicode/utf8=C:\Users\sanya\AppData\Local\Temp\go-build1247343387\b041\_pkg_.a
EOF
"C:\\msys64\\mingw64\\lib\\go\\pkg\\tool\\windows_amd64\\compile.exe" -o "$WORK\\b305\\_pkg_.a" -trimpath "$WORK\\b305=>" -p regexp/syntax -lang=go1.27 -std -complete -buildid LbUTTNuj7z89IlI783lw/LbUTTNuj7z89IlI783lw -goversion go1.27.0 -c=5 -nolocalimports -importcfg "$WORK\\b305\\importcfg" -pack "C:\\msys64\\mingw64\\lib\\go\\src\\regexp\\syntax\\compile.go" "C:\\msys64\\mingw64\\lib\\go\\src\\regexp\\syntax\\doc.go" "C:\\msys64\\mingw64\\lib\\go\\src\\regexp\\syntax\\op_string.go" "C:\\msys64\\mingw64\\lib\\go\\src\\regexp\\syntax\\parse.go" "C:\\msys64\\mingw64\\lib\\go\\src\\regexp\\syntax\\perl_groups.go" "C:\\msys64\\mingw64\\lib\\go\\src\\regexp\\syntax\\prog.go" "C:\\msys64\\mingw64\\lib\\go\\src\\regexp\\syntax\\regexp.go" "C:\\msys64\\mingw64\\lib\\go\\src\\regexp\\syntax\\simplify.go"
"C:\\msys64\\mingw64\\lib\\go\\pkg\\tool\\windows_amd64\\compile.exe" -o "$WORK\\b267\\_pkg_.a" -trimpath "$WORK\\b267=>" -p github.com/nicksnyder/go-i18n/v2/i18n -lang=go1.18 -complete -buildid 5Zs47ibFUXogB4upQJjn/5Zs47ibFUXogB4upQJjn -goversion go1.27.0 -c=6 -nolocalimports -importcfg "$WORK\\b267\\importcfg" -pack "C:\\Users\\sanya\\go\\pkg\\mod\\github.com\\nicksnyder\\go-i18n\\v2@v2.5.1\\i18n\\bundle.go" "C:\\Users\\sanya\\go\\pkg\\mod\\github.com\\nicksnyder\\go-i18n\\v2@v2.5.1\\i18n\\bundlefs.go" "C:\\Users\\sanya\\go\\pkg\\mod\\github.com\\nicksnyder\\go-i18n\\v2@v2.5.1\\i18n\\doc.go" "C:\\Users\\sanya\\go\\pkg\\mod\\github.com\\nicksnyder\\go-i18n\\v2@v2.5.1\\i18n\\localizer.go" "C:\\Users\\sanya\\go\\pkg\\mod\\github.com\\nicksnyder\\go-i18n\\v2@v2.5.1\\i18n\\message.go" "C:\\Users\\sanya\\go\\pkg\\mod\\github.com\\nicksnyder\\go-i18n\\v2@v2.5.1\\i18n\\message_template.go" "C:\\Users\\sanya\\go\\pkg\\mod\\github.com\\nicksnyder\\go-i18n\\v2@v2.5.1\\i18n\\parse.go"
go tool buildid -w "$WORK\\b224\\_pkg_.a" # internal
go tool buildid -w "$WORK\\b289\\_pkg_.a" # internal
cp "$WORK\\b224\\_pkg_.a" "C:\\Users\\sanya\\AppData\\Local\\go-build\\df\\dfc1befdfa58ff0bbc9fa3fd1b1f0391ed398cae20e5632a41ab13868a44d408-d" # internal
mkdir -p $WORK\b310\
html
cat >C:\Users\sanya\AppData\Local\Temp\go-build1247343387\b310\importcfg << 'EOF' # internal
# import config
packagefile strings=C:\Users\sanya\AppData\Local\Temp\go-build1247343387\b070\_pkg_.a
packagefile sync=C:\Users\sanya\AppData\Local\Temp\go-build1247343387\b042\_pkg_.a
packagefile unicode/utf8=C:\Users\sanya\AppData\Local\Temp\go-build1247343387\b041\_pkg_.a
EOF
"C:\\msys64\\mingw64\\lib\\go\\pkg\\tool\\windows_amd64\\compile.exe" -o "$WORK\\b310\\_pkg_.a" -trimpath "$WORK\\b310=>" -p html -lang=go1.27 -std -complete -buildid SEhpJYxvGq3dddJdVMuK/SEhpJYxvGq3dddJdVMuK -goversion go1.27.0 -c=5 -nolocalimports -importcfg "$WORK\\b310\\importcfg" -pack "C:\\msys64\\mingw64\\lib\\go\\src\\html\\entity.go" "C:\\msys64\\mingw64\\lib\\go\\src\\html\\escape.go"
go tool buildid -w "$WORK\\b297\\_pkg_.a" # internal
cp "$WORK\\b289\\_pkg_.a" "C:\\Users\\sanya\\AppData\\Local\\go-build\\24\\2408f460195aeb7d3cb3001e50c347ee39b690b8d385c4fb15d03cd164e4916e-d" # internal
mkdir -p $WORK\b315\
github.com/anthonynsimon/bild/clone
cat >C:\Users\sanya\AppData\Local\Temp\go-build1247343387\b315\importcfg << 'EOF' # internal
# import config
packagefile github.com/anthonynsimon/bild/parallel=C:\Users\sanya\AppData\Local\Temp\go-build1247343387\b316\_pkg_.a
packagefile image=C:\Users\sanya\AppData\Local\Temp\go-build1247343387\b067\_pkg_.a
packagefile image/draw=C:\Users\sanya\AppData\Local\Temp\go-build1247343387\b228\_pkg_.a
EOF
"C:\\msys64\\mingw64\\lib\\go\\pkg\\tool\\windows_amd64\\compile.exe" -o "$WORK\\b315\\_pkg_.a" -trimpath "$WORK\\b315=>" -p github.com/anthonynsimon/bild/clone -lang=go1.21 -complete -buildid qGJuUAxnh52uXzK-TqP3/qGJuUAxnh52uXzK-TqP3 -goversion go1.27.0 -c=6 -nolocalimports -importcfg "$WORK\\b315\\importcfg" -pack "C:\\Users\\sanya\\go\\pkg\\mod\\github.com\\anthonynsimon\\bild@v0.14.0\\clone\\clone.go"
cp "$WORK\\b297\\_pkg_.a" "C:\\Users\\sanya\\AppData\\Local\\go-build\\d9\\d9408462b2f370449057d66b70ad287b1704d9f6fb9d6f41e59ef15ece6424ca-d" # internal
mkdir -p $WORK\b296\
github.com/mattn/go-runewidth
cat >C:\Users\sanya\AppData\Local\Temp\go-build1247343387\b296\importcfg << 'EOF' # internal
# import config
packagefile github.com/clipperhouse/uax29/v2/graphemes=C:\Users\sanya\AppData\Local\Temp\go-build1247343387\b297\_pkg_.a
packagefile os=C:\Users\sanya\AppData\Local\Temp\go-build1247343387\b049\_pkg_.a
packagefile sort=C:\Users\sanya\AppData\Local\Temp\go-build1247343387\b176\_pkg_.a
packagefile strings=C:\Users\sanya\AppData\Local\Temp\go-build1247343387\b070\_pkg_.a
packagefile syscall=C:\Users\sanya\AppData\Local\Temp\go-build1247343387\b055\_pkg_.a
packagefile unicode/utf8=C:\Users\sanya\AppData\Local\Temp\go-build1247343387\b041\_pkg_.a
EOF
"C:\\msys64\\mingw64\\lib\\go\\pkg\\tool\\windows_amd64\\compile.exe" -o "$WORK\\b296\\_pkg_.a" -trimpath "$WORK\\b296=>" -p github.com/mattn/go-runewidth -lang=go1.20 -complete -buildid ZZwX86PesKZkv2V5bWSx/ZZwX86PesKZkv2V5bWSx -goversion go1.27.0 -c=5 -nolocalimports -importcfg "$WORK\\b296\\importcfg" -pack "C:\\Users\\sanya\\go\\pkg\\mod\\github.com\\mattn\\go-runewidth@v0.0.24\\runewidth.go" "C:\\Users\\sanya\\go\\pkg\\mod\\github.com\\mattn\\go-runewidth@v0.0.24\\runewidth_table.go" "C:\\Users\\sanya\\go\\pkg\\mod\\github.com\\mattn\\go-runewidth@v0.0.24\\runewidth_windows.go"
go tool buildid -w "$WORK\\b267\\_pkg_.a" # internal
cp "$WORK\\b213\\_pkg_.a" "C:\\Users\\sanya\\AppData\\Local\\go-build\\49\\495b4dfdec48e0ec12f2d0a6a5fbb3c3a85a4ee01a4c5630ab8a70ed716e00d0-d" # internal
mkdir -p $WORK\b212\
golang.org/x/sys/windows/registry
cat >C:\Users\sanya\AppData\Local\Temp\go-build1247343387\b212\importcfg << 'EOF' # internal
# import config
packagefile errors=C:\Users\sanya\AppData\Local\Temp\go-build1247343387\b003\_pkg_.a
packagefile golang.org/x/sys/windows=C:\Users\sanya\AppData\Local\Temp\go-build1247343387\b213\_pkg_.a
packagefile io=C:\Users\sanya\AppData\Local\Temp\go-build1247343387\b048\_pkg_.a
packagefile runtime=C:\Users\sanya\AppData\Local\Temp\go-build1247343387\b009\_pkg_.a
packagefile syscall=C:\Users\sanya\AppData\Local\Temp\go-build1247343387\b055\_pkg_.a
packagefile time=C:\Users\sanya\AppData\Local\Temp\go-build1247343387\b059\_pkg_.a
packagefile unicode/utf16=C:\Users\sanya\AppData\Local\Temp\go-build1247343387\b056\_pkg_.a
EOF
"C:\\msys64\\mingw64\\lib\\go\\pkg\\tool\\windows_amd64\\compile.exe" -o "$WORK\\b212\\_pkg_.a" -trimpath "$WORK\\b212=>" -p golang.org/x/sys/windows/registry -lang=go1.18 -complete -buildid 2g4wReH97IrI0Nyx36y9/2g4wReH97IrI0Nyx36y9 -goversion go1.27.0 -c=5 -nolocalimports -importcfg "$WORK\\b212\\importcfg" -pack "C:\\Users\\sanya\\go\\pkg\\mod\\golang.org\\x\\sys@v0.30.0\\windows\\registry\\key.go" "C:\\Users\\sanya\\go\\pkg\\mod\\golang.org\\x\\sys@v0.30.0\\windows\\registry\\syscall.go" "C:\\Users\\sanya\\go\\pkg\\mod\\golang.org\\x\\sys@v0.30.0\\windows\\registry\\value.go" "C:\\Users\\sanya\\go\\pkg\\mod\\golang.org\\x\\sys@v0.30.0\\windows\\registry\\zsyscall_windows.go"
cp "$WORK\\b267\\_pkg_.a" "C:\\Users\\sanya\\AppData\\Local\\go-build\\f0\\f05d405bb10288d42ebde516fe57b016b89786f8fe476551497843de249dd2c0-d" # internal
mkdir -p $WORK\b266\
github.com/jeandeaual/go-locale
cat >C:\Users\sanya\AppData\Local\Temp\go-build1247343387\b266\importcfg << 'EOF' # internal
# import config
packagefile fmt=C:\Users\sanya\AppData\Local\Temp\go-build1247343387\b002\_pkg_.a
packagefile golang.org/x/sys/windows=C:\Users\sanya\AppData\Local\Temp\go-build1247343387\b213\_pkg_.a
packagefile strings=C:\Users\sanya\AppData\Local\Temp\go-build1247343387\b070\_pkg_.a
EOF
"C:\\msys64\\mingw64\\lib\\go\\pkg\\tool\\windows_amd64\\compile.exe" -o "$WORK\\b266\\_pkg_.a" -trimpath "$WORK\\b266=>" -p github.com/jeandeaual/go-locale -lang=go1.18 -complete -buildid l02wpZUjr7A67dVQczBu/l02wpZUjr7A67dVQczBu -goversion go1.27.0 -c=5 -nolocalimports -importcfg "$WORK\\b266\\importcfg" -pack "C:\\Users\\sanya\\go\\pkg\\mod\\github.com\\jeandeaual\\go-locale@v0.0.0-20250612000132-0ef82f21eade\\locale_windows.go" "C:\\Users\\sanya\\go\\pkg\\mod\\github.com\\jeandeaual\\go-locale@v0.0.0-20250612000132-0ef82f21eade\\util.go"
go tool buildid -w "$WORK\\b315\\_pkg_.a" # internal
go tool buildid -w "$WORK\\b310\\_pkg_.a" # internal
cp "$WORK\\b315\\_pkg_.a" "C:\\Users\\sanya\\AppData\\Local\\go-build\\10\\1024c0e4c0f54138ee6b0aa351251cdc733ccf22ed59e381e24cb94c5b0a53e4-d" # internal
mkdir -p $WORK\b317\
github.com/anthonynsimon/bild/convolution
cat >C:\Users\sanya\AppData\Local\Temp\go-build1247343387\b317\importcfg << 'EOF' # internal
# import config
packagefile fmt=C:\Users\sanya\AppData\Local\Temp\go-build1247343387\b002\_pkg_.a
packagefile github.com/anthonynsimon/bild/clone=C:\Users\sanya\AppData\Local\Temp\go-build1247343387\b315\_pkg_.a
packagefile github.com/anthonynsimon/bild/parallel=C:\Users\sanya\AppData\Local\Temp\go-build1247343387\b316\_pkg_.a
packagefile image=C:\Users\sanya\AppData\Local\Temp\go-build1247343387\b067\_pkg_.a
packagefile math=C:\Users\sanya\AppData\Local\Temp\go-build1247343387\b039\_pkg_.a
EOF
"C:\\msys64\\mingw64\\lib\\go\\pkg\\tool\\windows_amd64\\compile.exe" -o "$WORK\\b317\\_pkg_.a" -trimpath "$WORK\\b317=>" -p github.com/anthonynsimon/bild/convolution -lang=go1.21 -complete -buildid P8dpbGlklvQ2EHHh3yFA/P8dpbGlklvQ2EHHh3yFA -goversion go1.27.0 -c=6 -nolocalimports -importcfg "$WORK\\b317\\importcfg" -pack "C:\\Users\\sanya\\go\\pkg\\mod\\github.com\\anthonynsimon\\bild@v0.14.0\\convolution\\convolution.go" "C:\\Users\\sanya\\go\\pkg\\mod\\github.com\\anthonynsimon\\bild@v0.14.0\\convolution\\kernel.go"
go tool buildid -w "$WORK\\b296\\_pkg_.a" # internal
cp "$WORK\\b310\\_pkg_.a" "C:\\Users\\sanya\\AppData\\Local\\go-build\\8d\\8d1511170f757958219552e7871764117984cdc6a39f86f38b13851893ab1779-d" # internal
cd $WORK
gcc -fno-caret-diagnostics -O2 -g -c -x c - -o "$WORK\\1866052332" || true
cp "$WORK\\b296\\_pkg_.a" "C:\\Users\\sanya\\AppData\\Local\\go-build\\2f\\2f53eb7d5c815d92b8b045fbeb35e046a64998b0331e55bc76a8e18c62d87156-d" # internal
go tool buildid -w "$WORK\\b266\\_pkg_.a" # internal
go tool buildid -w "$WORK\\b305\\_pkg_.a" # internal
cp "$WORK\\b266\\_pkg_.a" "C:\\Users\\sanya\\AppData\\Local\\go-build\\fa\\fa98c85e7e4186d91f31281100d3201182225e01cc8e5e4b893f2a9ef399b37c-d" # internal
gcc -Qunused-arguments -O2 -g -c -x c - -o "$WORK\\706982798" || true
go tool buildid -w "$WORK\\b212\\_pkg_.a" # internal
cp "$WORK\\b305\\_pkg_.a" "C:\\Users\\sanya\\AppData\\Local\\go-build\\0d\\0dd164d30c2e0abd755a19dfdf14218d48b84e75514feb967d44d5cab3603370-d" # internal
cp "$WORK\\b212\\_pkg_.a" "C:\\Users\\sanya\\AppData\\Local\\go-build\\c7\\c7aa3069772831331956865cde339011dbc0161ac93c68e4714725a21bd3a2e9-d" # internal
go tool buildid -w "$WORK\\b317\\_pkg_.a" # internal
cp "$WORK\\b317\\_pkg_.a" "C:\\Users\\sanya\\AppData\\Local\\go-build\\51\\51df7bed453d30878202745de9545531fd7e4bf60efadafc3b823a889335ce92-d" # internal
gcc -Wl,--no-gc-sections -O2 -g -x c - -o "$WORK\\3629733187" || true
go tool buildid -w "$WORK\\b278\\_pkg_.a" # internal
mkdir -p $WORK\b314\
gcc -fdebug-prefix-map=a=b -O2 -g -c -x c - -o "$WORK\\1528415946" || true
mkdir -p $WORK\b304\
cp "$WORK\\b278\\_pkg_.a" "C:\\Users\\sanya\\AppData\\Local\\go-build\\87\\8752aa9e7f6b8cc9bda32cca667c0a18f8f445c37b9521b83e1adb6a52319ad5-d" # internal
go tool buildid -w "$WORK\\b082\\_pkg_.a" # internal
github.com/anthonynsimon/bild/blur
regexp
mkdir -p $WORK\b275\
cat >C:\Users\sanya\AppData\Local\Temp\go-build1247343387\b314\importcfg << 'EOF' # internal
# import config
packagefile github.com/anthonynsimon/bild/clone=C:\Users\sanya\AppData\Local\Temp\go-build1247343387\b315\_pkg_.a
packagefile github.com/anthonynsimon/bild/convolution=C:\Users\sanya\AppData\Local\Temp\go-build1247343387\b317\_pkg_.a
packagefile image=C:\Users\sanya\AppData\Local\Temp\go-build1247343387\b067\_pkg_.a
packagefile math=C:\Users\sanya\AppData\Local\Temp\go-build1247343387\b039\_pkg_.a
EOF
cat >C:\Users\sanya\AppData\Local\Temp\go-build1247343387\b304\importcfg << 'EOF' # internal
# import config
packagefile bytes=C:\Users\sanya\AppData\Local\Temp\go-build1247343387\b069\_pkg_.a
packagefile io=C:\Users\sanya\AppData\Local\Temp\go-build1247343387\b048\_pkg_.a
packagefile iter=C:\Users\sanya\AppData\Local\Temp\go-build1247343387\b038\_pkg_.a
packagefile regexp/syntax=C:\Users\sanya\AppData\Local\Temp\go-build1247343387\b305\_pkg_.a
packagefile slices=C:\Users\sanya\AppData\Local\Temp\go-build1247343387\b047\_pkg_.a
packagefile strconv=C:\Users\sanya\AppData\Local\Temp\go-build1247343387\b040\_pkg_.a
packagefile strings=C:\Users\sanya\AppData\Local\Temp\go-build1247343387\b070\_pkg_.a
packagefile sync=C:\Users\sanya\AppData\Local\Temp\go-build1247343387\b042\_pkg_.a
packagefile unicode=C:\Users\sanya\AppData\Local\Temp\go-build1247343387\b046\_pkg_.a
packagefile unicode/utf8=C:\Users\sanya\AppData\Local\Temp\go-build1247343387\b041\_pkg_.a
EOF
cd C:\Users\sanya\Desktop\Dzvinock
"C:\\msys64\\mingw64\\lib\\go\\pkg\\tool\\windows_amd64\\compile.exe" -o "$WORK\\b314\\_pkg_.a" -trimpath "$WORK\\b314=>" -p github.com/anthonynsimon/bild/blur -lang=go1.21 -complete -buildid 7Euv06KFRIjkFxJQ78TF/7Euv06KFRIjkFxJQ78TF -goversion go1.27.0 -c=8 -nolocalimports -importcfg "$WORK\\b314\\importcfg" -pack "C:\\Users\\sanya\\go\\pkg\\mod\\github.com\\anthonynsimon\\bild@v0.14.0\\blur\\blur.go"
"C:\\msys64\\mingw64\\lib\\go\\pkg\\tool\\windows_amd64\\compile.exe" -o "$WORK\\b304\\_pkg_.a" -trimpath "$WORK\\b304=>" -p regexp -lang=go1.27 -std -complete -buildid -YZHVWkasVDyly_-OPCD/-YZHVWkasVDyly_-OPCD -goversion go1.27.0 -c=8 -nolocalimports -importcfg "$WORK\\b304\\importcfg" -pack "C:\\msys64\\mingw64\\lib\\go\\src\\regexp\\backtrack.go" "C:\\msys64\\mingw64\\lib\\go\\src\\regexp\\exec.go" "C:\\msys64\\mingw64\\lib\\go\\src\\regexp\\onepass.go" "C:\\msys64\\mingw64\\lib\\go\\src\\regexp\\regexp.go"
cd $WORK
gcc -ffile-prefix-map=a=b -O2 -g -c -x c - -o "$WORK\\574708319" || true
go tool buildid -w "$WORK\\b314\\_pkg_.a" # internal
cp "$WORK\\b082\\_pkg_.a" "C:\\Users\\sanya\\AppData\\Local\\go-build\\b2\\b2b79c950b5ade6c575786e51aec6c66e9df466b7bc77a8b7c394725dc2d0e87-d" # internal
cp "$WORK\\b314\\_pkg_.a" "C:\\Users\\sanya\\AppData\\Local\\go-build\\ac\\ac30255797c46e0fba55a99eef71760942c1c83e0984b4fdc75f6178961b766f-d" # internal
github.com/go-text/typesetting/font/cff
mkdir -p $WORK\b188\
cat >C:\Users\sanya\AppData\Local\Temp\go-build1247343387\b275\importcfg << 'EOF' # internal
# import config
packagefile encoding/binary=C:\Users\sanya\AppData\Local\Temp\go-build1247343387\b077\_pkg_.a
packagefile errors=C:\Users\sanya\AppData\Local\Temp\go-build1247343387\b003\_pkg_.a
packagefile fmt=C:\Users\sanya\AppData\Local\Temp\go-build1247343387\b002\_pkg_.a
packagefile github.com/go-text/typesetting/font/cff/interpreter=C:\Users\sanya\AppData\Local\Temp\go-build1247343387\b276\_pkg_.a
packagefile github.com/go-text/typesetting/font/opentype=C:\Users\sanya\AppData\Local\Temp\go-build1247343387\b277\_pkg_.a
packagefile github.com/go-text/typesetting/font/opentype/tables=C:\Users\sanya\AppData\Local\Temp\go-build1247343387\b278\_pkg_.a
EOF
cd C:\Users\sanya\Desktop\Dzvinock
"C:\\msys64\\mingw64\\lib\\go\\pkg\\tool\\windows_amd64\\compile.exe" -o "$WORK\\b275\\_pkg_.a" -trimpath "$WORK\\b275=>" -p github.com/go-text/typesetting/font/cff -lang=go1.19 -complete -buildid zgHwNQqN-y8MSmxA3yDS/zgHwNQqN-y8MSmxA3yDS -goversion go1.27.0 -c=8 -nolocalimports -importcfg "$WORK\\b275\\importcfg" -pack "C:\\Users\\sanya\\go\\pkg\\mod\\github.com\\go-text\\typesetting@v0.3.4\\font\\cff\\cff2.go" "C:\\Users\\sanya\\go\\pkg\\mod\\github.com\\go-text\\typesetting@v0.3.4\\font\\cff\\cff_gen.go" "C:\\Users\\sanya\\go\\pkg\\mod\\github.com\\go-text\\typesetting@v0.3.4\\font\\cff\\cff_src.go" "C:\\Users\\sanya\\go\\pkg\\mod\\github.com\\go-text\\typesetting@v0.3.4\\font\\cff\\charsets.go" "C:\\Users\\sanya\\go\\pkg\\mod\\github.com\\go-text\\typesetting@v0.3.4\\font\\cff\\charstring.go" "C:\\Users\\sanya\\go\\pkg\\mod\\github.com\\go-text\\typesetting@v0.3.4\\font\\cff\\parser.go"
cd $WORK
gcc -gno-record-gcc-switches -O2 -g -c -x c - -o "$WORK\\1674328279" || true
go tool buildid -w "$WORK\\b304\\_pkg_.a" # internal
cp "$WORK\\b304\\_pkg_.a" "C:\\Users\\sanya\\AppData\\Local\\go-build\\77\\77f16b88329708f38bfea73540e1e683a9fd105e6ff9138e9ae118d6c6d3cb5f-d" # internal
go tool buildid -w "$WORK\\b275\\_pkg_.a" # internal
net/http/httptrace
mkdir -p $WORK\b303\
cat >C:\Users\sanya\AppData\Local\Temp\go-build1247343387\b188\importcfg << 'EOF' # internal
# import config
packagefile context=C:\Users\sanya\AppData\Local\Temp\go-build1247343387\b081\_pkg_.a
packagefile crypto/tls=C:\Users\sanya\AppData\Local\Temp\go-build1247343387\b082\_pkg_.a
packagefile internal/nettrace=C:\Users\sanya\AppData\Local\Temp\go-build1247343387\b170\_pkg_.a
packagefile net=C:\Users\sanya\AppData\Local\Temp\go-build1247343387\b168\_pkg_.a
packagefile net/textproto=C:\Users\sanya\AppData\Local\Temp\go-build1247343387\b183\_pkg_.a
packagefile time=C:\Users\sanya\AppData\Local\Temp\go-build1247343387\b059\_pkg_.a
EOF
cd C:\Users\sanya\Desktop\Dzvinock
"C:\\msys64\\mingw64\\lib\\go\\pkg\\tool\\windows_amd64\\compile.exe" -o "$WORK\\b188\\_pkg_.a" -trimpath "$WORK\\b188=>" -p net/http/httptrace -lang=go1.27 -std -complete -buildid LMKbaW1cVgIc7PEIMnaN/LMKbaW1cVgIc7PEIMnaN -goversion go1.27.0 -c=8 -nolocalimports -importcfg "$WORK\\b188\\importcfg" -pack "C:\\msys64\\mingw64\\lib\\go\\src\\net\\http\\httptrace\\trace.go"
github.com/yuin/goldmark/util
cat >C:\Users\sanya\AppData\Local\Temp\go-build1247343387\b303\importcfg << 'EOF' # internal
# import config
packagefile bytes=C:\Users\sanya\AppData\Local\Temp\go-build1247343387\b069\_pkg_.a
packagefile io=C:\Users\sanya\AppData\Local\Temp\go-build1247343387\b048\_pkg_.a
packagefile net/url=C:\Users\sanya\AppData\Local\Temp\go-build1247343387\b174\_pkg_.a
packagefile regexp=C:\Users\sanya\AppData\Local\Temp\go-build1247343387\b304\_pkg_.a
packagefile slices=C:\Users\sanya\AppData\Local\Temp\go-build1247343387\b047\_pkg_.a
packagefile sort=C:\Users\sanya\AppData\Local\Temp\go-build1247343387\b176\_pkg_.a
packagefile strconv=C:\Users\sanya\AppData\Local\Temp\go-build1247343387\b040\_pkg_.a
packagefile sync=C:\Users\sanya\AppData\Local\Temp\go-build1247343387\b042\_pkg_.a
packagefile unicode=C:\Users\sanya\AppData\Local\Temp\go-build1247343387\b046\_pkg_.a
packagefile unicode/utf8=C:\Users\sanya\AppData\Local\Temp\go-build1247343387\b041\_pkg_.a
EOF
"C:\\msys64\\mingw64\\lib\\go\\pkg\\tool\\windows_amd64\\compile.exe" -o "$WORK\\b303\\_pkg_.a" -trimpath "$WORK\\b303=>" -p github.com/yuin/goldmark/util -lang=go1.22 -complete -buildid 426wgX4XHF6_1EA_uYrZ/426wgX4XHF6_1EA_uYrZ -goversion go1.27.0 -c=8 -nolocalimports -importcfg "$WORK\\b303\\importcfg" -pack "C:\\Users\\sanya\\go\\pkg\\mod\\github.com\\yuin\\goldmark@v1.8.2\\util\\html5entities.gen.go" "C:\\Users\\sanya\\go\\pkg\\mod\\github.com\\yuin\\goldmark@v1.8.2\\util\\html5entities.go" "C:\\Users\\sanya\\go\\pkg\\mod\\github.com\\yuin\\goldmark@v1.8.2\\util\\unicode_case_folding.gen.go" "C:\\Users\\sanya\\go\\pkg\\mod\\github.com\\yuin\\goldmark@v1.8.2\\util\\unicode_case_folding.go" "C:\\Users\\sanya\\go\\pkg\\mod\\github.com\\yuin\\goldmark@v1.8.2\\util\\util.go" "C:\\Users\\sanya\\go\\pkg\\mod\\github.com\\yuin\\goldmark@v1.8.2\\util\\util_cjk.go" "C:\\Users\\sanya\\go\\pkg\\mod\\github.com\\yuin\\goldmark@v1.8.2\\util\\util_unsafe_go121.go"
cp "$WORK\\b275\\_pkg_.a" "C:\\Users\\sanya\\AppData\\Local\\go-build\\45\\45908a003b93b3732e3f56d5cf9129f38b7f4f158168bea55b398cede02f8f88-d" # internal
mkdir -p $WORK\b274\
cd $WORK
gcc -I "C:\\msys64\\mingw64\\lib\\go\\src\\runtime\\cgo" -m64 -pthread -Wl,--no-gc-sections -fmessage-length=0 "-ffile-prefix-map=$WORK\\b322=/tmp/go-build" -gno-record-gcc-switches -frandom-seed=1 -O2 -g -c -x c - -o "$WORK\\2892631560" || true
go tool buildid -w "$WORK\\b188\\_pkg_.a" # internal
cp "$WORK\\b188\\_pkg_.a" "C:\\Users\\sanya\\AppData\\Local\\go-build\\b3\\b3063933e6bf54977d465f912c6fd01b814d2a94f981b7aa84e300b1d94cc746-d" # internal
github.com/go-text/typesetting/font
cd $WORK\b322
TERM='dumb' gcc -I "C:\\msys64\\mingw64\\lib\\go\\src\\runtime\\cgo" -m64 -pthread -Wl,--no-gc-sections -fmessage-length=0 "-ffile-prefix-map=$WORK\\b322=/tmp/go-build" -gno-record-gcc-switches -I "$WORK\\b322\\" -O2 -g -Wall -Werror -fno-stack-protector -Wdeclaration-after-statement -std=gnu90 "-ffile-prefix-map=C:\\msys64\\mingw64\\lib\\go=\\\\_\\_\\GOROOT" -frandom-seed=uT78ZLBl4-mZr8LeIZp3 -o "$WORK\\b322\\_x001.o" -c _cgo_export.c
mkdir -p $WORK\b193\
cat >C:\Users\sanya\AppData\Local\Temp\go-build1247343387\b274\importcfg << 'EOF' # internal
# import config
packagefile bytes=C:\Users\sanya\AppData\Local\Temp\go-build1247343387\b069\_pkg_.a
packagefile compress/gzip=C:\Users\sanya\AppData\Local\Temp\go-build1247343387\b076\_pkg_.a
packagefile encoding/binary=C:\Users\sanya\AppData\Local\Temp\go-build1247343387\b077\_pkg_.a
packagefile errors=C:\Users\sanya\AppData\Local\Temp\go-build1247343387\b003\_pkg_.a
packagefile fmt=C:\Users\sanya\AppData\Local\Temp\go-build1247343387\b002\_pkg_.a
packagefile github.com/go-text/typesetting/font/cff=C:\Users\sanya\AppData\Local\Temp\go-build1247343387\b275\_pkg_.a
packagefile github.com/go-text/typesetting/font/opentype=C:\Users\sanya\AppData\Local\Temp\go-build1247343387\b277\_pkg_.a
packagefile github.com/go-text/typesetting/font/opentype/tables=C:\Users\sanya\AppData\Local\Temp\go-build1247343387\b278\_pkg_.a
packagefile golang.org/x/image/tiff=C:\Users\sanya\AppData\Local\Temp\go-build1247343387\b280\_pkg_.a
packagefile image=C:\Users\sanya\AppData\Local\Temp\go-build1247343387\b067\_pkg_.a
packagefile image/jpeg=C:\Users\sanya\AppData\Local\Temp\go-build1247343387\b253\_pkg_.a
packagefile image/png=C:\Users\sanya\AppData\Local\Temp\go-build1247343387\b254\_pkg_.a
packagefile io=C:\Users\sanya\AppData\Local\Temp\go-build1247343387\b048\_pkg_.a
packagefile math=C:\Users\sanya\AppData\Local\Temp\go-build1247343387\b039\_pkg_.a
packagefile sort=C:\Users\sanya\AppData\Local\Temp\go-build1247343387\b176\_pkg_.a
packagefile strings=C:\Users\sanya\AppData\Local\Temp\go-build1247343387\b070\_pkg_.a
EOF
cd C:\Users\sanya\Desktop\Dzvinock
"C:\\msys64\\mingw64\\lib\\go\\pkg\\tool\\windows_amd64\\compile.exe" -o "$WORK\\b274\\_pkg_.a" -trimpath "$WORK\\b274=>" -p github.com/go-text/typesetting/font -lang=go1.19 -complete -buildid 01RBZwck853lY-aKulOb/01RBZwck853lY-aKulOb -goversion go1.27.0 -c=8 -nolocalimports -importcfg "$WORK\\b274\\importcfg" -pack "C:\\Users\\sanya\\go\\pkg\\mod\\github.com\\go-text\\typesetting@v0.3.4\\font\\aat_layout_kern_kerx.go" "C:\\Users\\sanya\\go\\pkg\\mod\\github.com\\go-text\\typesetting@v0.3.4\\font\\aat_layout_morx.go" "C:\\Users\\sanya\\go\\pkg\\mod\\github.com\\go-text\\typesetting@v0.3.4\\font\\bitmaps.go" "C:\\Users\\sanya\\go\\pkg\\mod\\github.com\\go-text\\typesetting@v0.3.4\\font\\cache.go" "C:\\Users\\sanya\\go\\pkg\\mod\\github.com\\go-text\\typesetting@v0.3.4\\font\\cmap.go" "C:\\Users\\sanya\\go\\pkg\\mod\\github.com\\go-text\\typesetting@v0.3.4\\font\\cmap_arabic_pua_table.go" "C:\\Users\\sanya\\go\\pkg\\mod\\github.com\\go-text\\typesetting@v0.3.4\\font\\cmap_cache.go" "C:\\Users\\sanya\\go\\pkg\\mod\\github.com\\go-text\\typesetting@v0.3.4\\font\\color.go" "C:\\Users\\sanya\\go\\pkg\\mod\\github.com\\go-text\\typesetting@v0.3.4\\font\\font.go" "C:\\Users\\sanya\\go\\pkg\\mod\\github.com\\go-text\\typesetting@v0.3.4\\font\\glyphs.go" "C:\\Users\\sanya\\go\\pkg\\mod\\github.com\\go-text\\typesetting@v0.3.4\\font\\metadata.go" "C:\\Users\\sanya\\go\\pkg\\mod\\github.com\\go-text\\typesetting@v0.3.4\\font\\metrics.go" "C:\\Users\\sanya\\go\\pkg\\mod\\github.com\\go-text\\typesetting@v0.3.4\\font\\os2.go" "C:\\Users\\sanya\\go\\pkg\\mod\\github.com\\go-text\\typesetting@v0.3.4\\font\\ot_layout.go" "C:\\Users\\sanya\\go\\pkg\\mod\\github.com\\go-text\\typesetting@v0.3.4\\font\\post.go" "C:\\Users\\sanya\\go\\pkg\\mod\\github.com\\go-text\\typesetting@v0.3.4\\font\\renderer.go" "C:\\Users\\sanya\\go\\pkg\\mod\\github.com\\go-text\\typesetting@v0.3.4\\font\\svg.go" "C:\\Users\\sanya\\go\\pkg\\mod\\github.com\\go-text\\typesetting@v0.3.4\\font\\variations.go"
cd $WORK\b322
TERM='dumb' gcc -I "C:\\msys64\\mingw64\\lib\\go\\src\\runtime\\cgo" -m64 -pthread -Wl,--no-gc-sections -fmessage-length=0 "-ffile-prefix-map=$WORK\\b322=/tmp/go-build" -gno-record-gcc-switches -I "$WORK\\b322\\" -O2 -g -Wall -Werror -fno-stack-protector -Wdeclaration-after-statement -std=gnu90 "-ffile-prefix-map=C:\\msys64\\mingw64\\lib\\go=\\\\_\\_\\GOROOT" -frandom-seed=iuf7IejDHpsNFXEDz27k -o "$WORK\\b322\\_x002.o" -c cgo.cgo2.c
net/http/internal/httpcommon
cat >C:\Users\sanya\AppData\Local\Temp\go-build1247343387\b193\importcfg << 'EOF' # internal
# import config
importmap golang.org/x/net/http/httpguts=vendor/golang.org/x/net/http/httpguts
importmap golang.org/x/net/http2/hpack=vendor/golang.org/x/net/http2/hpack
packagefile context=C:\Users\sanya\AppData\Local\Temp\go-build1247343387\b081\_pkg_.a
packagefile errors=C:\Users\sanya\AppData\Local\Temp\go-build1247343387\b003\_pkg_.a
packagefile fmt=C:\Users\sanya\AppData\Local\Temp\go-build1247343387\b002\_pkg_.a
packagefile vendor/golang.org/x/net/http/httpguts=C:\Users\sanya\AppData\Local\Temp\go-build1247343387\b177\_pkg_.a
packagefile vendor/golang.org/x/net/http2/hpack=C:\Users\sanya\AppData\Local\Temp\go-build1247343387\b192\_pkg_.a
packagefile net/http/httptrace=C:\Users\sanya\AppData\Local\Temp\go-build1247343387\b188\_pkg_.a
packagefile net/textproto=C:\Users\sanya\AppData\Local\Temp\go-build1247343387\b183\_pkg_.a
packagefile net/url=C:\Users\sanya\AppData\Local\Temp\go-build1247343387\b174\_pkg_.a
packagefile sort=C:\Users\sanya\AppData\Local\Temp\go-build1247343387\b176\_pkg_.a
packagefile strconv=C:\Users\sanya\AppData\Local\Temp\go-build1247343387\b040\_pkg_.a
packagefile strings=C:\Users\sanya\AppData\Local\Temp\go-build1247343387\b070\_pkg_.a
packagefile sync=C:\Users\sanya\AppData\Local\Temp\go-build1247343387\b042\_pkg_.a
EOF
cd C:\Users\sanya\Desktop\Dzvinock
"C:\\msys64\\mingw64\\lib\\go\\pkg\\tool\\windows_amd64\\compile.exe" -o "$WORK\\b193\\_pkg_.a" -trimpath "$WORK\\b193=>" -p net/http/internal/httpcommon -lang=go1.27 -std -complete -buildid auX7Dowa_QUnWO8z177f/auX7Dowa_QUnWO8z177f -goversion go1.27.0 -c=6 -nolocalimports -importcfg "$WORK\\b193\\importcfg" -pack "C:\\msys64\\mingw64\\lib\\go\\src\\net\\http\\internal\\httpcommon\\httpcommon.go"
cd C:\msys64\mingw64\lib\go\src\runtime\cgo
TERM='dumb' gcc -I "C:\\msys64\\mingw64\\lib\\go\\src\\runtime\\cgo" -m64 -pthread -Wl,--no-gc-sections -fmessage-length=0 "-ffile-prefix-map=$WORK\\b322=/tmp/go-build" -gno-record-gcc-switches -I "$WORK\\b322\\" -O2 -g -Wall -Werror -fno-stack-protector -Wdeclaration-after-statement -std=gnu90 "-ffile-prefix-map=C:\\msys64\\mingw64\\lib\\go=\\\\_\\_\\GOROOT" -frandom-seed=P7C8vE6KupbEZEFXhR-G -o "$WORK\\b322\\_x004.o" -c gcc_context.c
go tool buildid -w "$WORK\\b303\\_pkg_.a" # internal
TERM='dumb' gcc -I "C:\\msys64\\mingw64\\lib\\go\\src\\runtime\\cgo" -m64 -pthread -Wl,--no-gc-sections -fmessage-length=0 "-ffile-prefix-map=$WORK\\b322=/tmp/go-build" -gno-record-gcc-switches -I "$WORK\\b322\\" -O2 -g -Wall -Werror -fno-stack-protector -Wdeclaration-after-statement -std=gnu90 "-ffile-prefix-map=C:\\msys64\\mingw64\\lib\\go=\\\\_\\_\\GOROOT" -frandom-seed=s-gRcB-wiNDLaRkB19O4 -o "$WORK\\b322\\_x003.o" -c gcc_amd64.S
TERM='dumb' gcc -I "C:\\msys64\\mingw64\\lib\\go\\src\\runtime\\cgo" -m64 -pthread -Wl,--no-gc-sections -fmessage-length=0 "-ffile-prefix-map=$WORK\\b322=/tmp/go-build" -gno-record-gcc-switches -I "$WORK\\b322\\" -O2 -g -Wall -Werror -fno-stack-protector -Wdeclaration-after-statement -std=gnu90 "-ffile-prefix-map=C:\\msys64\\mingw64\\lib\\go=\\\\_\\_\\GOROOT" -frandom-seed=-HhKEP-0WjJMtUHQEMhO -o "$WORK\\b322\\_x005.o" -c gcc_libinit_windows.c
cp "$WORK\\b303\\_pkg_.a" "C:\\Users\\sanya\\AppData\\Local\\go-build\\63\\63d248cc135b1ad1a44d187ca6f35aabc04bc27fb527e65c2092c509de7947c0-d" # internal
mkdir -p $WORK\b302\
github.com/yuin/goldmark/text
cat >C:\Users\sanya\AppData\Local\Temp\go-build1247343387\b302\importcfg << 'EOF' # internal
# import config
packagefile bytes=C:\Users\sanya\AppData\Local\Temp\go-build1247343387\b069\_pkg_.a
packagefile github.com/yuin/goldmark/util=C:\Users\sanya\AppData\Local\Temp\go-build1247343387\b303\_pkg_.a
packagefile io=C:\Users\sanya\AppData\Local\Temp\go-build1247343387\b048\_pkg_.a
packagefile regexp=C:\Users\sanya\AppData\Local\Temp\go-build1247343387\b304\_pkg_.a
packagefile unicode/utf8=C:\Users\sanya\AppData\Local\Temp\go-build1247343387\b041\_pkg_.a
EOF
cd C:\Users\sanya\Desktop\Dzvinock
"C:\\msys64\\mingw64\\lib\\go\\pkg\\tool\\windows_amd64\\compile.exe" -o "$WORK\\b302\\_pkg_.a" -trimpath "$WORK\\b302=>" -p github.com/yuin/goldmark/text -lang=go1.22 -complete -buildid k6gxGTef8w_k7CNS421F/k6gxGTef8w_k7CNS421F -goversion go1.27.0 -c=7 -nolocalimports -importcfg "$WORK\\b302\\importcfg" -pack "C:\\Users\\sanya\\go\\pkg\\mod\\github.com\\yuin\\goldmark@v1.8.2\\text\\package.go" "C:\\Users\\sanya\\go\\pkg\\mod\\github.com\\yuin\\goldmark@v1.8.2\\text\\reader.go" "C:\\Users\\sanya\\go\\pkg\\mod\\github.com\\yuin\\goldmark@v1.8.2\\text\\segment.go"
go tool buildid -w "$WORK\\b193\\_pkg_.a" # internal
go tool buildid -w "$WORK\\b302\\_pkg_.a" # internal
cp "$WORK\\b193\\_pkg_.a" "C:\\Users\\sanya\\AppData\\Local\\go-build\\cb\\cb3d4126fc85c2a4e48a1616736be79a86b7638a5c2d3ca0a7fe3726f6f9d39b-d" # internal
mkdir -p $WORK\b191\
net/http/internal/http2
cat >C:\Users\sanya\AppData\Local\Temp\go-build1247343387\b191\importcfg << 'EOF' # internal
# import config
importmap golang.org/x/net/http/httpguts=vendor/golang.org/x/net/http/httpguts
importmap golang.org/x/net/http2/hpack=vendor/golang.org/x/net/http2/hpack
importmap golang.org/x/net/idna=vendor/golang.org/x/net/idna
packagefile bufio=C:\Users\sanya\AppData\Local\Temp\go-build1247343387\b068\_pkg_.a
packagefile bytes=C:\Users\sanya\AppData\Local\Temp\go-build1247343387\b069\_pkg_.a
packagefile compress/flate=C:\Users\sanya\AppData\Local\Temp\go-build1247343387\b075\_pkg_.a
packagefile compress/gzip=C:\Users\sanya\AppData\Local\Temp\go-build1247343387\b076\_pkg_.a
packagefile context=C:\Users\sanya\AppData\Local\Temp\go-build1247343387\b081\_pkg_.a
packagefile crypto/rand=C:\Users\sanya\AppData\Local\Temp\go-build1247343387\b138\_pkg_.a
packagefile crypto/tls=C:\Users\sanya\AppData\Local\Temp\go-build1247343387\b082\_pkg_.a
packagefile encoding/binary=C:\Users\sanya\AppData\Local\Temp\go-build1247343387\b077\_pkg_.a
packagefile errors=C:\Users\sanya\AppData\Local\Temp\go-build1247343387\b003\_pkg_.a
packagefile fmt=C:\Users\sanya\AppData\Local\Temp\go-build1247343387\b002\_pkg_.a
packagefile vendor/golang.org/x/net/http/httpguts=C:\Users\sanya\AppData\Local\Temp\go-build1247343387\b177\_pkg_.a
packagefile vendor/golang.org/x/net/http2/hpack=C:\Users\sanya\AppData\Local\Temp\go-build1247343387\b192\_pkg_.a
packagefile vendor/golang.org/x/net/idna=C:\Users\sanya\AppData\Local\Temp\go-build1247343387\b178\_pkg_.a
packagefile io=C:\Users\sanya\AppData\Local\Temp\go-build1247343387\b048\_pkg_.a
packagefile io/fs=C:\Users\sanya\AppData\Local\Temp\go-build1247343387\b057\_pkg_.a
packagefile log=C:\Users\sanya\AppData\Local\Temp\go-build1247343387\b072\_pkg_.a
packagefile math=C:\Users\sanya\AppData\Local\Temp\go-build1247343387\b039\_pkg_.a
packagefile math/bits=C:\Users\sanya\AppData\Local\Temp\go-build1247343387\b029\_pkg_.a
packagefile math/rand=C:\Users\sanya\AppData\Local\Temp\go-build1247343387\b122\_pkg_.a
packagefile mime/multipart=C:\Users\sanya\AppData\Local\Temp\go-build1247343387\b186\_pkg_.a
packagefile net=C:\Users\sanya\AppData\Local\Temp\go-build1247343387\b168\_pkg_.a
packagefile net/http/httptrace=C:\Users\sanya\AppData\Local\Temp\go-build1247343387\b188\_pkg_.a
packagefile net/http/internal=C:\Users\sanya\AppData\Local\Temp\go-build1247343387\b189\_pkg_.a
packagefile net/http/internal/httpcommon=C:\Users\sanya\AppData\Local\Temp\go-build1247343387\b193\_pkg_.a
packagefile net/http/internal/httpsfv=C:\Users\sanya\AppData\Local\Temp\go-build1247343387\b194\_pkg_.a
packagefile net/textproto=C:\Users\sanya\AppData\Local\Temp\go-build1247343387\b183\_pkg_.a
packagefile net/url=C:\Users\sanya\AppData\Local\Temp\go-build1247343387\b174\_pkg_.a
packagefile os=C:\Users\sanya\AppData\Local\Temp\go-build1247343387\b049\_pkg_.a
packagefile reflect=C:\Users\sanya\AppData\Local\Temp\go-build1247343387\b037\_pkg_.a
packagefile runtime=C:\Users\sanya\AppData\Local\Temp\go-build1247343387\b009\_pkg_.a
packagefile slices=C:\Users\sanya\AppData\Local\Temp\go-build1247343387\b047\_pkg_.a
packagefile strconv=C:\Users\sanya\AppData\Local\Temp\go-build1247343387\b040\_pkg_.a
packagefile strings=C:\Users\sanya\AppData\Local\Temp\go-build1247343387\b070\_pkg_.a
packagefile sync=C:\Users\sanya\AppData\Local\Temp\go-build1247343387\b042\_pkg_.a
packagefile sync/atomic=C:\Users\sanya\AppData\Local\Temp\go-build1247343387\b044\_pkg_.a
packagefile time=C:\Users\sanya\AppData\Local\Temp\go-build1247343387\b059\_pkg_.a
EOF
"C:\\msys64\\mingw64\\lib\\go\\pkg\\tool\\windows_amd64\\compile.exe" -o "$WORK\\b191\\_pkg_.a" -trimpath "$WORK\\b191=>" -p net/http/internal/http2 -lang=go1.27 -std -complete -buildid Xp0UdGV2kf0_t6Blrnjd/Xp0UdGV2kf0_t6Blrnjd -goversion go1.27.0 -c=8 -nolocalimports -importcfg "$WORK\\b191\\importcfg" -pack "C:\\msys64\\mingw64\\lib\\go\\src\\net\\http\\internal\\http2\\api.go" "C:\\msys64\\mingw64\\lib\\go\\src\\net\\http\\internal\\http2\\ascii.go" "C:\\msys64\\mingw64\\lib\\go\\src\\net\\http\\internal\\http2\\ciphers.go" "C:\\msys64\\mingw64\\lib\\go\\src\\net\\http\\internal\\http2\\client_conn_pool.go" "C:\\msys64\\mingw64\\lib\\go\\src\\net\\http\\internal\\http2\\config.go" "C:\\msys64\\mingw64\\lib\\go\\src\\net\\http\\internal\\http2\\databuffer.go" "C:\\msys64\\mingw64\\lib\\go\\src\\net\\http\\internal\\http2\\errors.go" "C:\\msys64\\mingw64\\lib\\go\\src\\net\\http\\internal\\http2\\flow.go" "C:\\msys64\\mingw64\\lib\\go\\src\\net\\http\\internal\\http2\\frame.go" "C:\\msys64\\mingw64\\lib\\go\\src\\net\\http\\internal\\http2\\gotrack.go" "C:\\msys64\\mingw64\\lib\\go\\src\\net\\http\\internal\\http2\\http2.go" "C:\\msys64\\mingw64\\lib\\go\\src\\net\\http\\internal\\http2\\pipe.go" "C:\\msys64\\mingw64\\lib\\go\\src\\net\\http\\internal\\http2\\server.go" "C:\\msys64\\mingw64\\lib\\go\\src\\net\\http\\internal\\http2\\transport.go" "C:\\msys64\\mingw64\\lib\\go\\src\\net\\http\\internal\\http2\\write.go" "C:\\msys64\\mingw64\\lib\\go\\src\\net\\http\\internal\\http2\\writesched.go" "C:\\msys64\\mingw64\\lib\\go\\src\\net\\http\\internal\\http2\\writesched_priority_rfc9218.go" "C:\\msys64\\mingw64\\lib\\go\\src\\net\\http\\internal\\http2\\writesched_roundrobin.go"
cd C:\msys64\mingw64\lib\go\src\runtime\cgo
TERM='dumb' gcc -I "C:\\msys64\\mingw64\\lib\\go\\src\\runtime\\cgo" -m64 -pthread -Wl,--no-gc-sections -fmessage-length=0 "-ffile-prefix-map=$WORK\\b322=/tmp/go-build" -gno-record-gcc-switches -I "$WORK\\b322\\" -O2 -g -Wall -Werror -fno-stack-protector -Wdeclaration-after-statement -std=gnu90 "-ffile-prefix-map=C:\\msys64\\mingw64\\lib\\go=\\\\_\\_\\GOROOT" -frandom-seed=eG4QN-JwAKc7DVHCyZX2 -o "$WORK\\b322\\_x006.o" -c gcc_util.c
cp "$WORK\\b302\\_pkg_.a" "C:\\Users\\sanya\\AppData\\Local\\go-build\\df\\df27308c3117e79f61cd1c48f04e4cc6b67e541282afb72eeaf919865a828bb7-d" # internal
mkdir -p $WORK\b301\
github.com/yuin/goldmark/ast
cat >C:\Users\sanya\AppData\Local\Temp\go-build1247343387\b301\importcfg << 'EOF' # internal
# import config
packagefile bytes=C:\Users\sanya\AppData\Local\Temp\go-build1247343387\b069\_pkg_.a
packagefile fmt=C:\Users\sanya\AppData\Local\Temp\go-build1247343387\b002\_pkg_.a
packagefile github.com/yuin/goldmark/text=C:\Users\sanya\AppData\Local\Temp\go-build1247343387\b302\_pkg_.a
packagefile github.com/yuin/goldmark/util=C:\Users\sanya\AppData\Local\Temp\go-build1247343387\b303\_pkg_.a
packagefile strings=C:\Users\sanya\AppData\Local\Temp\go-build1247343387\b070\_pkg_.a
EOF
cd C:\Users\sanya\Desktop\Dzvinock
"C:\\msys64\\mingw64\\lib\\go\\pkg\\tool\\windows_amd64\\compile.exe" -o "$WORK\\b301\\_pkg_.a" -trimpath "$WORK\\b301=>" -p github.com/yuin/goldmark/ast -lang=go1.22 -complete -buildid _Y0xXUT6Y3R6u3XpA7Rl/_Y0xXUT6Y3R6u3XpA7Rl -goversion go1.27.0 -c=6 -nolocalimports -importcfg "$WORK\\b301\\importcfg" -pack "C:\\Users\\sanya\\go\\pkg\\mod\\github.com\\yuin\\goldmark@v1.8.2\\ast\\ast.go" "C:\\Users\\sanya\\go\\pkg\\mod\\github.com\\yuin\\goldmark@v1.8.2\\ast\\block.go" "C:\\Users\\sanya\\go\\pkg\\mod\\github.com\\yuin\\goldmark@v1.8.2\\ast\\inline.go"
mkdir -p $WORK\b327\
os/exec
cat >C:\Users\sanya\AppData\Local\Temp\go-build1247343387\b327\importcfg << 'EOF' # internal
# import config
packagefile bytes=C:\Users\sanya\AppData\Local\Temp\go-build1247343387\b069\_pkg_.a
packagefile context=C:\Users\sanya\AppData\Local\Temp\go-build1247343387\b081\_pkg_.a
packagefile errors=C:\Users\sanya\AppData\Local\Temp\go-build1247343387\b003\_pkg_.a
packagefile internal/godebug=C:\Users\sanya\AppData\Local\Temp\go-build1247343387\b061\_pkg_.a
packagefile internal/syscall/execenv=C:\Users\sanya\AppData\Local\Temp\go-build1247343387\b064\_pkg_.a
packagefile io=C:\Users\sanya\AppData\Local\Temp\go-build1247343387\b048\_pkg_.a
packagefile io/fs=C:\Users\sanya\AppData\Local\Temp\go-build1247343387\b057\_pkg_.a
packagefile os=C:\Users\sanya\AppData\Local\Temp\go-build1247343387\b049\_pkg_.a
packagefile path/filepath=C:\Users\sanya\AppData\Local\Temp\go-build1247343387\b175\_pkg_.a
packagefile runtime=C:\Users\sanya\AppData\Local\Temp\go-build1247343387\b009\_pkg_.a
packagefile strconv=C:\Users\sanya\AppData\Local\Temp\go-build1247343387\b040\_pkg_.a
packagefile strings=C:\Users\sanya\AppData\Local\Temp\go-build1247343387\b070\_pkg_.a
packagefile sync/atomic=C:\Users\sanya\AppData\Local\Temp\go-build1247343387\b044\_pkg_.a
packagefile syscall=C:\Users\sanya\AppData\Local\Temp\go-build1247343387\b055\_pkg_.a
packagefile time=C:\Users\sanya\AppData\Local\Temp\go-build1247343387\b059\_pkg_.a
EOF
"C:\\msys64\\mingw64\\lib\\go\\pkg\\tool\\windows_amd64\\compile.exe" -o "$WORK\\b327\\_pkg_.a" -trimpath "$WORK\\b327=>" -p os/exec -lang=go1.27 -std -complete -buildid 0pDJbiV8AAjW2dNmNIOT/0pDJbiV8AAjW2dNmNIOT -goversion go1.27.0 -c=5 -nolocalimports -importcfg "$WORK\\b327\\importcfg" -pack "C:\\msys64\\mingw64\\lib\\go\\src\\os\\exec\\exec.go" "C:\\msys64\\mingw64\\lib\\go\\src\\os\\exec\\exec_windows.go" "C:\\msys64\\mingw64\\lib\\go\\src\\os\\exec\\lookpath.go" "C:\\msys64\\mingw64\\lib\\go\\src\\os\\exec\\lp_windows.go"
mkdir -p $WORK\b330\
github.com/jsummers/gobmp
mkdir -p $WORK\b332\
os/signal
echo -n > $WORK\b332\go_asm.h # internal
cd C:\msys64\mingw64\lib\go\src\os\signal
"C:\\msys64\\mingw64\\lib\\go\\pkg\\tool\\windows_amd64\\asm.exe" -p os/signal -trimpath "$WORK\\b332=>" -I "$WORK\\b332\\" -I "C:\\msys64\\mingw64\\lib\\go\\pkg\\include" -D GOOS_windows -D GOARCH_amd64 -std -D GOAMD64_v1 -gensymabis -o "$WORK\\b332\\symabis" "C:\\msys64\\mingw64\\lib\\go\\src\\os\\signal\\sig.s"
cat >C:\Users\sanya\AppData\Local\Temp\go-build1247343387\b330\importcfg << 'EOF' # internal
# import config
packagefile bufio=C:\Users\sanya\AppData\Local\Temp\go-build1247343387\b068\_pkg_.a
packagefile fmt=C:\Users\sanya\AppData\Local\Temp\go-build1247343387\b002\_pkg_.a
packagefile image=C:\Users\sanya\AppData\Local\Temp\go-build1247343387\b067\_pkg_.a
packagefile image/color=C:\Users\sanya\AppData\Local\Temp\go-build1247343387\b071\_pkg_.a
packagefile io=C:\Users\sanya\AppData\Local\Temp\go-build1247343387\b048\_pkg_.a
EOF
cd C:\Users\sanya\Desktop\Dzvinock
"C:\\msys64\\mingw64\\lib\\go\\pkg\\tool\\windows_amd64\\compile.exe" -o "$WORK\\b330\\_pkg_.a" -trimpath "$WORK\\b330=>" -p github.com/jsummers/gobmp -lang=go1.16 -complete -buildid QMRyzjK4bkx1WItvfW9H/QMRyzjK4bkx1WItvfW9H -goversion go1.27.0 -c=4 -nolocalimports -importcfg "$WORK\\b330\\importcfg" -pack "C:\\Users\\sanya\\go\\pkg\\mod\\github.com\\jsummers\\gobmp@v0.0.0-20230614200233-a9de23ed2e25\\reader.go" "C:\\Users\\sanya\\go\\pkg\\mod\\github.com\\jsummers\\gobmp@v0.0.0-20230614200233-a9de23ed2e25\\rle.go" "C:\\Users\\sanya\\go\\pkg\\mod\\github.com\\jsummers\\gobmp@v0.0.0-20230614200233-a9de23ed2e25\\writer.go"
cat >C:\Users\sanya\AppData\Local\Temp\go-build1247343387\b332\importcfg << 'EOF' # internal
# import config
packagefile context=C:\Users\sanya\AppData\Local\Temp\go-build1247343387\b081\_pkg_.a
packagefile os=C:\Users\sanya\AppData\Local\Temp\go-build1247343387\b049\_pkg_.a
packagefile slices=C:\Users\sanya\AppData\Local\Temp\go-build1247343387\b047\_pkg_.a
packagefile sync=C:\Users\sanya\AppData\Local\Temp\go-build1247343387\b042\_pkg_.a
packagefile syscall=C:\Users\sanya\AppData\Local\Temp\go-build1247343387\b055\_pkg_.a
EOF
"C:\\msys64\\mingw64\\lib\\go\\pkg\\tool\\windows_amd64\\compile.exe" -o "$WORK\\b332\\_pkg_.a" -trimpath "$WORK\\b332=>" -p os/signal -lang=go1.27 -std -buildid 96AEzZJZNmAp2SceZA1z/96AEzZJZNmAp2SceZA1z -goversion go1.27.0 -symabis "$WORK\\b332\\symabis" -c=4 -nolocalimports -importcfg "$WORK\\b332\\importcfg" -pack -asmhdr "$WORK\\b332\\go_asm.h" "C:\\msys64\\mingw64\\lib\\go\\src\\os\\signal\\doc.go" "C:\\msys64\\mingw64\\lib\\go\\src\\os\\signal\\signal.go" "C:\\msys64\\mingw64\\lib\\go\\src\\os\\signal\\signal_unix.go"
go tool buildid -w "$WORK\\b327\\_pkg_.a" # internal
mkdir -p $WORK\b335\
github.com/BurntSushi/toml/internal
cat >C:\Users\sanya\AppData\Local\Temp\go-build1247343387\b335\importcfg << 'EOF' # internal
# import config
packagefile time=C:\Users\sanya\AppData\Local\Temp\go-build1247343387\b059\_pkg_.a
EOF
"C:\\msys64\\mingw64\\lib\\go\\pkg\\tool\\windows_amd64\\compile.exe" -o "$WORK\\b335\\_pkg_.a" -trimpath "$WORK\\b335=>" -p github.com/BurntSushi/toml/internal -lang=go1.18 -complete -buildid 2xo3-EzsSGIVj05sr9Iy/2xo3-EzsSGIVj05sr9Iy -goversion go1.27.0 -c=5 -nolocalimports -importcfg "$WORK\\b335\\importcfg" -pack "C:\\Users\\sanya\\go\\pkg\\mod\\github.com\\!burnt!sushi\\toml@v1.6.0\\internal\\tz.go"
cp "$WORK\\b327\\_pkg_.a" "C:\\Users\\sanya\\AppData\\Local\\go-build\\54\\54239610c6a169ac82057fcc334f0b07b79ccc8c8761f89b858b463452a88399-d" # internal
go tool buildid -w "$WORK\\b330\\_pkg_.a" # internal
mkdir -p $WORK\b326\
github.com/godbus/dbus/v5
cat >C:\Users\sanya\AppData\Local\Temp\go-build1247343387\b326\importcfg << 'EOF' # internal
# import config
packagefile bufio=C:\Users\sanya\AppData\Local\Temp\go-build1247343387\b068\_pkg_.a
packagefile bytes=C:\Users\sanya\AppData\Local\Temp\go-build1247343387\b069\_pkg_.a
packagefile context=C:\Users\sanya\AppData\Local\Temp\go-build1247343387\b081\_pkg_.a
packagefile crypto/rand=C:\Users\sanya\AppData\Local\Temp\go-build1247343387\b138\_pkg_.a
packagefile crypto/sha1=C:\Users\sanya\AppData\Local\Temp\go-build1247343387\b159\_pkg_.a
packagefile encoding/binary=C:\Users\sanya\AppData\Local\Temp\go-build1247343387\b077\_pkg_.a
packagefile encoding/hex=C:\Users\sanya\AppData\Local\Temp\go-build1247343387\b164\_pkg_.a
packagefile errors=C:\Users\sanya\AppData\Local\Temp\go-build1247343387\b003\_pkg_.a
packagefile fmt=C:\Users\sanya\AppData\Local\Temp\go-build1247343387\b002\_pkg_.a
packagefile io=C:\Users\sanya\AppData\Local\Temp\go-build1247343387\b048\_pkg_.a
packagefile net=C:\Users\sanya\AppData\Local\Temp\go-build1247343387\b168\_pkg_.a
packagefile net/url=C:\Users\sanya\AppData\Local\Temp\go-build1247343387\b174\_pkg_.a
packagefile os=C:\Users\sanya\AppData\Local\Temp\go-build1247343387\b049\_pkg_.a
packagefile os/exec=C:\Users\sanya\AppData\Local\Temp\go-build1247343387\b327\_pkg_.a
packagefile os/user=C:\Users\sanya\AppData\Local\Temp\go-build1247343387\b295\_pkg_.a
packagefile path=C:\Users\sanya\AppData\Local\Temp\go-build1247343387\b058\_pkg_.a
packagefile reflect=C:\Users\sanya\AppData\Local\Temp\go-build1247343387\b037\_pkg_.a
packagefile sort=C:\Users\sanya\AppData\Local\Temp\go-build1247343387\b176\_pkg_.a
packagefile strconv=C:\Users\sanya\AppData\Local\Temp\go-build1247343387\b040\_pkg_.a
packagefile strings=C:\Users\sanya\AppData\Local\Temp\go-build1247343387\b070\_pkg_.a
packagefile sync=C:\Users\sanya\AppData\Local\Temp\go-build1247343387\b042\_pkg_.a
packagefile unicode=C:\Users\sanya\AppData\Local\Temp\go-build1247343387\b046\_pkg_.a
packagefile unicode/utf8=C:\Users\sanya\AppData\Local\Temp\go-build1247343387\b041\_pkg_.a
EOF
"C:\\msys64\\mingw64\\lib\\go\\pkg\\tool\\windows_amd64\\compile.exe" -o "$WORK\\b326\\_pkg_.a" -trimpath "$WORK\\b326=>" -p github.com/godbus/dbus/v5 -lang=go1.20 -complete -buildid 7AaKVny9INfXKicyF2NZ/7AaKVny9INfXKicyF2NZ -goversion go1.27.0 -c=4 -nolocalimports -importcfg "$WORK\\b326\\importcfg" -pack "C:\\Users\\sanya\\go\\pkg\\mod\\github.com\\godbus\\dbus\\v5@v5.2.2\\auth.go" "C:\\Users\\sanya\\go\\pkg\\mod\\github.com\\godbus\\dbus\\v5@v5.2.2\\auth_anonymous.go" "C:\\Users\\sanya\\go\\pkg\\mod\\github.com\\godbus\\dbus\\v5@v5.2.2\\auth_default_windows.go" "C:\\Users\\sanya\\go\\pkg\\mod\\github.com\\godbus\\dbus\\v5@v5.2.2\\auth_external.go" "C:\\Users\\sanya\\go\\pkg\\mod\\github.com\\godbus\\dbus\\v5@v5.2.2\\auth_sha1_windows.go" "C:\\Users\\sanya\\go\\pkg\\mod\\github.com\\godbus\\dbus\\v5@v5.2.2\\call.go" "C:\\Users\\sanya\\go\\pkg\\mod\\github.com\\godbus\\dbus\\v5@v5.2.2\\conn.go" "C:\\Users\\sanya\\go\\pkg\\mod\\github.com\\godbus\\dbus\\v5@v5.2.2\\conn_other.go" "C:\\Users\\sanya\\go\\pkg\\mod\\github.com\\godbus\\dbus\\v5@v5.2.2\\conn_windows.go" "C:\\Users\\sanya\\go\\pkg\\mod\\github.com\\godbus\\dbus\\v5@v5.2.2\\dbus.go" "C:\\Users\\sanya\\go\\pkg\\mod\\github.com\\godbus\\dbus\\v5@v5.2.2\\decoder.go" "C:\\Users\\sanya\\go\\pkg\\mod\\github.com\\godbus\\dbus\\v5@v5.2.2\\default_handler.go" "C:\\Users\\sanya\\go\\pkg\\mod\\github.com\\godbus\\dbus\\v5@v5.2.2\\doc.go" "C:\\Users\\sanya\\go\\pkg\\mod\\github.com\\godbus\\dbus\\v5@v5.2.2\\encoder.go" "C:\\Users\\sanya\\go\\pkg\\mod\\github.com\\godbus\\dbus\\v5@v5.2.2\\escape.go" "C:\\Users\\sanya\\go\\pkg\\mod\\github.com\\godbus\\dbus\\v5@v5.2.2\\export.go" "C:\\Users\\sanya\\go\\pkg\\mod\\github.com\\godbus\\dbus\\v5@v5.2.2\\match.go" "C:\\Users\\sanya\\go\\pkg\\mod\\github.com\\godbus\\dbus\\v5@v5.2.2\\message.go" "C:\\Users\\sanya\\go\\pkg\\mod\\github.com\\godbus\\dbus\\v5@v5.2.2\\object.go" "C:\\Users\\sanya\\go\\pkg\\mod\\github.com\\godbus\\dbus\\v5@v5.2.2\\sequence.go" "C:\\Users\\sanya\\go\\pkg\\mod\\github.com\\godbus\\dbus\\v5@v5.2.2\\sequential_handler.go" "C:\\Users\\sanya\\go\\pkg\\mod\\github.com\\godbus\\dbus\\v5@v5.2.2\\server_interfaces.go" "C:\\Users\\sanya\\go\\pkg\\mod\\github.com\\godbus\\dbus\\v5@v5.2.2\\sig.go" "C:\\Users\\sanya\\go\\pkg\\mod\\github.com\\godbus\\dbus\\v5@v5.2.2\\transport_generic.go" "C:\\Users\\sanya\\go\\pkg\\mod\\github.com\\godbus\\dbus\\v5@v5.2.2\\transport_tcp.go" "C:\\Users\\sanya\\go\\pkg\\mod\\github.com\\godbus\\dbus\\v5@v5.2.2\\variant.go" "C:\\Users\\sanya\\go\\pkg\\mod\\github.com\\godbus\\dbus\\v5@v5.2.2\\variant_lexer.go" "C:\\Users\\sanya\\go\\pkg\\mod\\github.com\\godbus\\dbus\\v5@v5.2.2\\variant_parser.go"
cp "$WORK\\b330\\_pkg_.a" "C:\\Users\\sanya\\AppData\\Local\\go-build\\ff\\ff98d1da4c1c8998dc47cca00dd34d8ee11fd1e0e17d0d1f1aac922b0a097c44-d" # internal
mkdir -p $WORK\b329\
github.com/fyne-io/image/ico
cat >C:\Users\sanya\AppData\Local\Temp\go-build1247343387\b329\importcfg << 'EOF' # internal
# import config
packagefile bufio=C:\Users\sanya\AppData\Local\Temp\go-build1247343387\b068\_pkg_.a
packagefile bytes=C:\Users\sanya\AppData\Local\Temp\go-build1247343387\b069\_pkg_.a
packagefile encoding/binary=C:\Users\sanya\AppData\Local\Temp\go-build1247343387\b077\_pkg_.a
packagefile errors=C:\Users\sanya\AppData\Local\Temp\go-build1247343387\b003\_pkg_.a
packagefile fmt=C:\Users\sanya\AppData\Local\Temp\go-build1247343387\b002\_pkg_.a
packagefile github.com/jsummers/gobmp=C:\Users\sanya\AppData\Local\Temp\go-build1247343387\b330\_pkg_.a
packagefile image=C:\Users\sanya\AppData\Local\Temp\go-build1247343387\b067\_pkg_.a
packagefile image/color=C:\Users\sanya\AppData\Local\Temp\go-build1247343387\b071\_pkg_.a
packagefile image/draw=C:\Users\sanya\AppData\Local\Temp\go-build1247343387\b228\_pkg_.a
packagefile image/png=C:\Users\sanya\AppData\Local\Temp\go-build1247343387\b254\_pkg_.a
packagefile io=C:\Users\sanya\AppData\Local\Temp\go-build1247343387\b048\_pkg_.a
EOF
"C:\\msys64\\mingw64\\lib\\go\\pkg\\tool\\windows_amd64\\compile.exe" -o "$WORK\\b329\\_pkg_.a" -trimpath "$WORK\\b329=>" -p github.com/fyne-io/image/ico -lang=go1.19 -complete -buildid 10XJejfIZt45x3CRVEXh/10XJejfIZt45x3CRVEXh -goversion go1.27.0 -c=4 -nolocalimports -importcfg "$WORK\\b329\\importcfg" -pack "C:\\Users\\sanya\\go\\pkg\\mod\\github.com\\fyne-io\\image@v0.1.1\\ico\\reader.go" "C:\\Users\\sanya\\go\\pkg\\mod\\github.com\\fyne-io\\image@v0.1.1\\ico\\writer.go"
go tool buildid -w "$WORK\\b335\\_pkg_.a" # internal
cd C:\msys64\mingw64\lib\go\src\os\signal
"C:\\msys64\\mingw64\\lib\\go\\pkg\\tool\\windows_amd64\\asm.exe" -p os/signal -trimpath "$WORK\\b332=>" -I "$WORK\\b332\\" -I "C:\\msys64\\mingw64\\lib\\go\\pkg\\include" -D GOOS_windows -D GOARCH_amd64 -std -D GOAMD64_v1 -o "$WORK\\b332\\sig.o" "C:\\msys64\\mingw64\\lib\\go\\src\\os\\signal\\sig.s"
cp "$WORK\\b335\\_pkg_.a" "C:\\Users\\sanya\\AppData\\Local\\go-build\\70\\707105affef2eb2ca4a1957eeed2ded1ce971d96fd06ef8b0e8c5d19aed78b42-d" # internal
mkdir -p $WORK\b334\
github.com/BurntSushi/toml
cat >C:\Users\sanya\AppData\Local\Temp\go-build1247343387\b334\importcfg << 'EOF' # internal
# import config
packagefile bufio=C:\Users\sanya\AppData\Local\Temp\go-build1247343387\b068\_pkg_.a
packagefile bytes=C:\Users\sanya\AppData\Local\Temp\go-build1247343387\b069\_pkg_.a
packagefile encoding=C:\Users\sanya\AppData\Local\Temp\go-build1247343387\b197\_pkg_.a
packagefile encoding/json=C:\Users\sanya\AppData\Local\Temp\go-build1247343387\b196\_pkg_.a
packagefile errors=C:\Users\sanya\AppData\Local\Temp\go-build1247343387\b003\_pkg_.a
packagefile fmt=C:\Users\sanya\AppData\Local\Temp\go-build1247343387\b002\_pkg_.a
packagefile github.com/BurntSushi/toml/internal=C:\Users\sanya\AppData\Local\Temp\go-build1247343387\b335\_pkg_.a
packagefile io=C:\Users\sanya\AppData\Local\Temp\go-build1247343387\b048\_pkg_.a
packagefile io/fs=C:\Users\sanya\AppData\Local\Temp\go-build1247343387\b057\_pkg_.a
packagefile math=C:\Users\sanya\AppData\Local\Temp\go-build1247343387\b039\_pkg_.a
packagefile os=C:\Users\sanya\AppData\Local\Temp\go-build1247343387\b049\_pkg_.a
packagefile reflect=C:\Users\sanya\AppData\Local\Temp\go-build1247343387\b037\_pkg_.a
packagefile runtime=C:\Users\sanya\AppData\Local\Temp\go-build1247343387\b009\_pkg_.a
packagefile sort=C:\Users\sanya\AppData\Local\Temp\go-build1247343387\b176\_pkg_.a
packagefile strconv=C:\Users\sanya\AppData\Local\Temp\go-build1247343387\b040\_pkg_.a
packagefile strings=C:\Users\sanya\AppData\Local\Temp\go-build1247343387\b070\_pkg_.a
packagefile sync=C:\Users\sanya\AppData\Local\Temp\go-build1247343387\b042\_pkg_.a
packagefile time=C:\Users\sanya\AppData\Local\Temp\go-build1247343387\b059\_pkg_.a
packagefile unicode=C:\Users\sanya\AppData\Local\Temp\go-build1247343387\b046\_pkg_.a
packagefile unicode/utf8=C:\Users\sanya\AppData\Local\Temp\go-build1247343387\b041\_pkg_.a
EOF
cd C:\Users\sanya\Desktop\Dzvinock
"C:\\msys64\\mingw64\\lib\\go\\pkg\\tool\\windows_amd64\\compile.exe" -o "$WORK\\b334\\_pkg_.a" -trimpath "$WORK\\b334=>" -p github.com/BurntSushi/toml -lang=go1.18 -complete -buildid nVUNf0rXhMjeJiztvdwy/nVUNf0rXhMjeJiztvdwy -goversion go1.27.0 -c=5 -nolocalimports -importcfg "$WORK\\b334\\importcfg" -pack "C:\\Users\\sanya\\go\\pkg\\mod\\github.com\\!burnt!sushi\\toml@v1.6.0\\decode.go" "C:\\Users\\sanya\\go\\pkg\\mod\\github.com\\!burnt!sushi\\toml@v1.6.0\\deprecated.go" "C:\\Users\\sanya\\go\\pkg\\mod\\github.com\\!burnt!sushi\\toml@v1.6.0\\doc.go" "C:\\Users\\sanya\\go\\pkg\\mod\\github.com\\!burnt!sushi\\toml@v1.6.0\\encode.go" "C:\\Users\\sanya\\go\\pkg\\mod\\github.com\\!burnt!sushi\\toml@v1.6.0\\error.go" "C:\\Users\\sanya\\go\\pkg\\mod\\github.com\\!burnt!sushi\\toml@v1.6.0\\lex.go" "C:\\Users\\sanya\\go\\pkg\\mod\\github.com\\!burnt!sushi\\toml@v1.6.0\\meta.go" "C:\\Users\\sanya\\go\\pkg\\mod\\github.com\\!burnt!sushi\\toml@v1.6.0\\parse.go" "C:\\Users\\sanya\\go\\pkg\\mod\\github.com\\!burnt!sushi\\toml@v1.6.0\\type_fields.go" "C:\\Users\\sanya\\go\\pkg\\mod\\github.com\\!burnt!sushi\\toml@v1.6.0\\type_toml.go"
go tool buildid -w "$WORK\\b329\\_pkg_.a" # internal
cd C:\msys64\mingw64\lib\go\src\os\signal
go tool pack r "$WORK\\b332\\_pkg_.a" "$WORK\\b332\\sig.o" # internal
cp "$WORK\\b329\\_pkg_.a" "C:\\Users\\sanya\\AppData\\Local\\go-build\\0a\\0abf065e71036e3a7e1236a4038e3b6ca2104ce6fe72363d86b700770e7e2da3-d" # internal
mkdir -p $WORK\b336\
github.com/nfnt/resize
cat >C:\Users\sanya\AppData\Local\Temp\go-build1247343387\b336\importcfg << 'EOF' # internal
# import config
packagefile image=C:\Users\sanya\AppData\Local\Temp\go-build1247343387\b067\_pkg_.a
packagefile image/color=C:\Users\sanya\AppData\Local\Temp\go-build1247343387\b071\_pkg_.a
packagefile math=C:\Users\sanya\AppData\Local\Temp\go-build1247343387\b039\_pkg_.a
packagefile runtime=C:\Users\sanya\AppData\Local\Temp\go-build1247343387\b009\_pkg_.a
packagefile sync=C:\Users\sanya\AppData\Local\Temp\go-build1247343387\b042\_pkg_.a
EOF
cd C:\Users\sanya\Desktop\Dzvinock
"C:\\msys64\\mingw64\\lib\\go\\pkg\\tool\\windows_amd64\\compile.exe" -o "$WORK\\b336\\_pkg_.a" -trimpath "$WORK\\b336=>" -p github.com/nfnt/resize -lang=go1.16 -complete -buildid Cj_Y_b08c5lZ51OmCihd/Cj_Y_b08c5lZ51OmCihd -goversion go1.27.0 -c=4 -nolocalimports -importcfg "$WORK\\b336\\importcfg" -pack "C:\\Users\\sanya\\go\\pkg\\mod\\github.com\\nfnt\\resize@v0.0.0-20180221191011-83c6a9932646\\converter.go" "C:\\Users\\sanya\\go\\pkg\\mod\\github.com\\nfnt\\resize@v0.0.0-20180221191011-83c6a9932646\\filters.go" "C:\\Users\\sanya\\go\\pkg\\mod\\github.com\\nfnt\\resize@v0.0.0-20180221191011-83c6a9932646\\nearest.go" "C:\\Users\\sanya\\go\\pkg\\mod\\github.com\\nfnt\\resize@v0.0.0-20180221191011-83c6a9932646\\resize.go" "C:\\Users\\sanya\\go\\pkg\\mod\\github.com\\nfnt\\resize@v0.0.0-20180221191011-83c6a9932646\\thumbnail.go" "C:\\Users\\sanya\\go\\pkg\\mod\\github.com\\nfnt\\resize@v0.0.0-20180221191011-83c6a9932646\\ycc.go"
go tool buildid -w "$WORK\\b332\\_pkg_.a" # internal
go tool buildid -w "$WORK\\b274\\_pkg_.a" # internal
cp "$WORK\\b332\\_pkg_.a" "C:\\Users\\sanya\\AppData\\Local\\go-build\\7c\\7c64d69c9409931c4b815a2f9d0be38f55fa3f85d3e7ac2fb0e2af893f9577e2-d" # internal
mkdir -p $WORK\b339\
github.com/fsnotify/fsnotify/internal
cat >C:\Users\sanya\AppData\Local\Temp\go-build1247343387\b339\importcfg << 'EOF' # internal
# import config
packagefile errors=C:\Users\sanya\AppData\Local\Temp\go-build1247343387\b003\_pkg_.a
packagefile fmt=C:\Users\sanya\AppData\Local\Temp\go-build1247343387\b002\_pkg_.a
packagefile golang.org/x/sys/windows=C:\Users\sanya\AppData\Local\Temp\go-build1247343387\b213\_pkg_.a
packagefile os=C:\Users\sanya\AppData\Local\Temp\go-build1247343387\b049\_pkg_.a
packagefile path/filepath=C:\Users\sanya\AppData\Local\Temp\go-build1247343387\b175\_pkg_.a
packagefile strings=C:\Users\sanya\AppData\Local\Temp\go-build1247343387\b070\_pkg_.a
packagefile time=C:\Users\sanya\AppData\Local\Temp\go-build1247343387\b059\_pkg_.a
EOF
"C:\\msys64\\mingw64\\lib\\go\\pkg\\tool\\windows_amd64\\compile.exe" -o "$WORK\\b339\\_pkg_.a" -trimpath "$WORK\\b339=>" -p github.com/fsnotify/fsnotify/internal -lang=go1.17 -complete -buildid M3g4WaAmZYyr5ONFvSR8/M3g4WaAmZYyr5ONFvSR8 -goversion go1.27.0 -c=6 -nolocalimports -importcfg "$WORK\\b339\\importcfg" -pack "C:\\Users\\sanya\\go\\pkg\\mod\\github.com\\fsnotify\\fsnotify@v1.9.0\\internal\\debug_windows.go" "C:\\Users\\sanya\\go\\pkg\\mod\\github.com\\fsnotify\\fsnotify@v1.9.0\\internal\\internal.go" "C:\\Users\\sanya\\go\\pkg\\mod\\github.com\\fsnotify\\fsnotify@v1.9.0\\internal\\windows.go"
cp "$WORK\\b274\\_pkg_.a" "C:\\Users\\sanya\\AppData\\Local\\go-build\\69\\69a1f6ef9b4dfe55e8105145503e7f689d54a61aa742bd14892d9ee88b2f93cc-d" # internal
mkdir -p $WORK\b285\
github.com/go-text/typesetting/harfbuzz
cat >C:\Users\sanya\AppData\Local\Temp\go-build1247343387\b285\importcfg << 'EOF' # internal
# import config
packagefile encoding/hex=C:\Users\sanya\AppData\Local\Temp\go-build1247343387\b164\_pkg_.a
packagefile errors=C:\Users\sanya\AppData\Local\Temp\go-build1247343387\b003\_pkg_.a
packagefile fmt=C:\Users\sanya\AppData\Local\Temp\go-build1247343387\b002\_pkg_.a
packagefile github.com/go-text/typesetting/font=C:\Users\sanya\AppData\Local\Temp\go-build1247343387\b274\_pkg_.a
packagefile github.com/go-text/typesetting/font/opentype=C:\Users\sanya\AppData\Local\Temp\go-build1247343387\b277\_pkg_.a
packagefile github.com/go-text/typesetting/font/opentype/tables=C:\Users\sanya\AppData\Local\Temp\go-build1247343387\b278\_pkg_.a
packagefile github.com/go-text/typesetting/internal/unicodedata=C:\Users\sanya\AppData\Local\Temp\go-build1247343387\b286\_pkg_.a
packagefile github.com/go-text/typesetting/language=C:\Users\sanya\AppData\Local\Temp\go-build1247343387\b279\_pkg_.a
packagefile math=C:\Users\sanya\AppData\Local\Temp\go-build1247343387\b039\_pkg_.a
packagefile math/bits=C:\Users\sanya\AppData\Local\Temp\go-build1247343387\b029\_pkg_.a
packagefile sort=C:\Users\sanya\AppData\Local\Temp\go-build1247343387\b176\_pkg_.a
packagefile strconv=C:\Users\sanya\AppData\Local\Temp\go-build1247343387\b040\_pkg_.a
packagefile strings=C:\Users\sanya\AppData\Local\Temp\go-build1247343387\b070\_pkg_.a
EOF
"C:\\msys64\\mingw64\\lib\\go\\pkg\\tool\\windows_amd64\\compile.exe" -o "$WORK\\b285\\_pkg_.a" -trimpath "$WORK\\b285=>" -p github.com/go-text/typesetting/harfbuzz -lang=go1.19 -complete -buildid C1lHbuSPmYJnOI9PQSqb/C1lHbuSPmYJnOI9PQSqb -goversion go1.27.0 -c=5 -nolocalimports -importcfg "$WORK\\b285\\importcfg" -pack "C:\\Users\\sanya\\go\\pkg\\mod\\github.com\\go-text\\typesetting@v0.3.4\\harfbuzz\\aat_layout.go" "C:\\Users\\sanya\\go\\pkg\\mod\\github.com\\go-text\\typesetting@v0.3.4\\harfbuzz\\aat_layout_kerx.go" "C:\\Users\\sanya\\go\\pkg\\mod\\github.com\\go-text\\typesetting@v0.3.4\\harfbuzz\\aat_layout_morx.go" "C:\\Users\\sanya\\go\\pkg\\mod\\github.com\\go-text\\typesetting@v0.3.4\\harfbuzz\\aat_layout_trak.go" "C:\\Users\\sanya\\go\\pkg\\mod\\github.com\\go-text\\typesetting@v0.3.4\\harfbuzz\\aat_map.go" "C:\\Users\\sanya\\go\\pkg\\mod\\github.com\\go-text\\typesetting@v0.3.4\\harfbuzz\\buffer.go" "C:\\Users\\sanya\\go\\pkg\\mod\\github.com\\go-text\\typesetting@v0.3.4\\harfbuzz\\caches.go" "C:\\Users\\sanya\\go\\pkg\\mod\\github.com\\go-text\\typesetting@v0.3.4\\harfbuzz\\font.go" "C:\\Users\\sanya\\go\\pkg\\mod\\github.com\\go-text\\typesetting@v0.3.4\\harfbuzz\\glyph.go" "C:\\Users\\sanya\\go\\pkg\\mod\\github.com\\go-text\\typesetting@v0.3.4\\harfbuzz\\harfbuzz.go" "C:\\Users\\sanya\\go\\pkg\\mod\\github.com\\go-text\\typesetting@v0.3.4\\harfbuzz\\intset.go" "C:\\Users\\sanya\\go\\pkg\\mod\\github.com\\go-text\\typesetting@v0.3.4\\harfbuzz\\ot_kern.go" "C:\\Users\\sanya\\go\\pkg\\mod\\github.com\\go-text\\typesetting@v0.3.4\\harfbuzz\\ot_language.go" "C:\\Users\\sanya\\go\\pkg\\mod\\github.com\\go-text\\typesetting@v0.3.4\\harfbuzz\\ot_language_table.go" "C:\\Users\\sanya\\go\\pkg\\mod\\github.com\\go-text\\typesetting@v0.3.4\\harfbuzz\\ot_layout.go" "C:\\Users\\sanya\\go\\pkg\\mod\\github.com\\go-text\\typesetting@v0.3.4\\harfbuzz\\ot_layout_gpos.go" "C:\\Users\\sanya\\go\\pkg\\mod\\github.com\\go-text\\typesetting@v0.3.4\\harfbuzz\\ot_layout_gsub.go" "C:\\Users\\sanya\\go\\pkg\\mod\\github.com\\go-text\\typesetting@v0.3.4\\harfbuzz\\ot_layout_gsubgpos.go" "C:\\Users\\sanya\\go\\pkg\\mod\\github.com\\go-text\\typesetting@v0.3.4\\harfbuzz\\ot_map.go" "C:\\Users\\sanya\\go\\pkg\\mod\\github.com\\go-text\\typesetting@v0.3.4\\harfbuzz\\ot_shape.go" "C:\\Users\\sanya\\go\\pkg\\mod\\github.com\\go-text\\typesetting@v0.3.4\\harfbuzz\\ot_shape_arabic.go" "C:\\Users\\sanya\\go\\pkg\\mod\\github.com\\go-text\\typesetting@v0.3.4\\harfbuzz\\ot_shape_arabic_table.go" "C:\\Users\\sanya\\go\\pkg\\mod\\github.com\\go-text\\typesetting@v0.3.4\\harfbuzz\\ot_shape_arabic_win1256.go" "C:\\Users\\sanya\\go\\pkg\\mod\\github.com\\go-text\\typesetting@v0.3.4\\harfbuzz\\ot_shape_complex.go" "C:\\Users\\sanya\\go\\pkg\\mod\\github.com\\go-text\\typesetting@v0.3.4\\harfbuzz\\ot_shape_fallback.go" "C:\\Users\\sanya\\go\\pkg\\mod\\github.com\\go-text\\typesetting@v0.3.4\\harfbuzz\\ot_shape_hangul.go" "C:\\Users\\sanya\\go\\pkg\\mod\\github.com\\go-text\\typesetting@v0.3.4\\harfbuzz\\ot_shape_hebrew.go" "C:\\Users\\sanya\\go\\pkg\\mod\\github.com\\go-text\\typesetting@v0.3.4\\harfbuzz\\ot_shape_indic.go" "C:\\Users\\sanya\\go\\pkg\\mod\\github.com\\go-text\\typesetting@v0.3.4\\harfbuzz\\ot_shape_indic_machine.go" "C:\\Users\\sanya\\go\\pkg\\mod\\github.com\\go-text\\typesetting@v0.3.4\\harfbuzz\\ot_shape_indic_table.go" "C:\\Users\\sanya\\go\\pkg\\mod\\github.com\\go-text\\typesetting@v0.3.4\\harfbuzz\\ot_shape_khmer.go" "C:\\Users\\sanya\\go\\pkg\\mod\\github.com\\go-text\\typesetting@v0.3.4\\harfbuzz\\ot_shape_khmer_machine.go" "C:\\Users\\sanya\\go\\pkg\\mod\\github.com\\go-text\\typesetting@v0.3.4\\harfbuzz\\ot_shape_myanmar.go" "C:\\Users\\sanya\\go\\pkg\\mod\\github.com\\go-text\\typesetting@v0.3.4\\harfbuzz\\ot_shape_myanmar_machine.go" "C:\\Users\\sanya\\go\\pkg\\mod\\github.com\\go-text\\typesetting@v0.3.4\\harfbuzz\\ot_shape_normalize.go" "C:\\Users\\sanya\\go\\pkg\\mod\\github.com\\go-text\\typesetting@v0.3.4\\harfbuzz\\ot_shape_thai.go" "C:\\Users\\sanya\\go\\pkg\\mod\\github.com\\go-text\\typesetting@v0.3.4\\harfbuzz\\ot_shape_use.go" "C:\\Users\\sanya\\go\\pkg\\mod\\github.com\\go-text\\typesetting@v0.3.4\\harfbuzz\\ot_shape_use_machine.go" "C:\\Users\\sanya\\go\\pkg\\mod\\github.com\\go-text\\typesetting@v0.3.4\\harfbuzz\\ot_shape_use_machine_defs.go" "C:\\Users\\sanya\\go\\pkg\\mod\\github.com\\go-text\\typesetting@v0.3.4\\harfbuzz\\ot_shape_use_table.go" "C:\\Users\\sanya\\go\\pkg\\mod\\github.com\\go-text\\typesetting@v0.3.4\\harfbuzz\\ot_shape_vowels_constraints.go" "C:\\Users\\sanya\\go\\pkg\\mod\\github.com\\go-text\\typesetting@v0.3.4\\harfbuzz\\ot_tag.go" "C:\\Users\\sanya\\go\\pkg\\mod\\github.com\\go-text\\typesetting@v0.3.4\\harfbuzz\\set_digest.go" "C:\\Users\\sanya\\go\\pkg\\mod\\github.com\\go-text\\typesetting@v0.3.4\\harfbuzz\\shape.go" "C:\\Users\\sanya\\go\\pkg\\mod\\github.com\\go-text\\typesetting@v0.3.4\\harfbuzz\\unicode.go"
go tool buildid -w "$WORK\\b339\\_pkg_.a" # internal
go tool buildid -w "$WORK\\b301\\_pkg_.a" # internal
cp "$WORK\\b339\\_pkg_.a" "C:\\Users\\sanya\\AppData\\Local\\go-build\\ff\\ff777e6826a7f288f05d6bd5af3c859dadd04ae3f207e97421278dfb1592466f-d" # internal
mkdir -p $WORK\b293\
github.com/go-text/typesetting/fontscan
cat >C:\Users\sanya\AppData\Local\Temp\go-build1247343387\b293\importcfg << 'EOF' # internal
# import config
packagefile bytes=C:\Users\sanya\AppData\Local\Temp\go-build1247343387\b069\_pkg_.a
packagefile compress/gzip=C:\Users\sanya\AppData\Local\Temp\go-build1247343387\b076\_pkg_.a
packagefile encoding/binary=C:\Users\sanya\AppData\Local\Temp\go-build1247343387\b077\_pkg_.a
packagefile encoding/xml=C:\Users\sanya\AppData\Local\Temp\go-build1247343387\b222\_pkg_.a
packagefile errors=C:\Users\sanya\AppData\Local\Temp\go-build1247343387\b003\_pkg_.a
packagefile fmt=C:\Users\sanya\AppData\Local\Temp\go-build1247343387\b002\_pkg_.a
packagefile github.com/go-text/typesetting/font=C:\Users\sanya\AppData\Local\Temp\go-build1247343387\b274\_pkg_.a
packagefile github.com/go-text/typesetting/font/opentype=C:\Users\sanya\AppData\Local\Temp\go-build1247343387\b277\_pkg_.a
packagefile github.com/go-text/typesetting/font/opentype/tables=C:\Users\sanya\AppData\Local\Temp\go-build1247343387\b278\_pkg_.a
packagefile github.com/go-text/typesetting/language=C:\Users\sanya\AppData\Local\Temp\go-build1247343387\b279\_pkg_.a
packagefile hash/maphash=C:\Users\sanya\AppData\Local\Temp\go-build1247343387\b294\_pkg_.a
packagefile io=C:\Users\sanya\AppData\Local\Temp\go-build1247343387\b048\_pkg_.a
packagefile io/fs=C:\Users\sanya\AppData\Local\Temp\go-build1247343387\b057\_pkg_.a
packagefile log=C:\Users\sanya\AppData\Local\Temp\go-build1247343387\b072\_pkg_.a
packagefile math=C:\Users\sanya\AppData\Local\Temp\go-build1247343387\b039\_pkg_.a
packagefile math/bits=C:\Users\sanya\AppData\Local\Temp\go-build1247343387\b029\_pkg_.a
packagefile os=C:\Users\sanya\AppData\Local\Temp\go-build1247343387\b049\_pkg_.a
packagefile os/user=C:\Users\sanya\AppData\Local\Temp\go-build1247343387\b295\_pkg_.a
packagefile path/filepath=C:\Users\sanya\AppData\Local\Temp\go-build1247343387\b175\_pkg_.a
packagefile runtime=C:\Users\sanya\AppData\Local\Temp\go-build1247343387\b009\_pkg_.a
packagefile sort=C:\Users\sanya\AppData\Local\Temp\go-build1247343387\b176\_pkg_.a
packagefile strings=C:\Users\sanya\AppData\Local\Temp\go-build1247343387\b070\_pkg_.a
packagefile sync=C:\Users\sanya\AppData\Local\Temp\go-build1247343387\b042\_pkg_.a
EOF
"C:\\msys64\\mingw64\\lib\\go\\pkg\\tool\\windows_amd64\\compile.exe" -o "$WORK\\b293\\_pkg_.a" -trimpath "$WORK\\b293=>" -p github.com/go-text/typesetting/fontscan -lang=go1.19 -complete -buildid A5OuzGv7Mh4IPvn8JVGq/A5OuzGv7Mh4IPvn8JVGq -goversion go1.27.0 -c=7 -nolocalimports -importcfg "$WORK\\b293\\importcfg" -pack "C:\\Users\\sanya\\go\\pkg\\mod\\github.com\\go-text\\typesetting@v0.3.4\\fontscan\\fontconfig.go" "C:\\Users\\sanya\\go\\pkg\\mod\\github.com\\go-text\\typesetting@v0.3.4\\fontscan\\fontmap.go" "C:\\Users\\sanya\\go\\pkg\\mod\\github.com\\go-text\\typesetting@v0.3.4\\fontscan\\fontmap_cache_other.go" "C:\\Users\\sanya\\go\\pkg\\mod\\github.com\\go-text\\typesetting@v0.3.4\\fontscan\\footprint.go" "C:\\Users\\sanya\\go\\pkg\\mod\\github.com\\go-text\\typesetting@v0.3.4\\fontscan\\langset.go" "C:\\Users\\sanya\\go\\pkg\\mod\\github.com\\go-text\\typesetting@v0.3.4\\fontscan\\langset_gen.go" "C:\\Users\\sanya\\go\\pkg\\mod\\github.com\\go-text\\typesetting@v0.3.4\\fontscan\\lru.go" "C:\\Users\\sanya\\go\\pkg\\mod\\github.com\\go-text\\typesetting@v0.3.4\\fontscan\\match.go" "C:\\Users\\sanya\\go\\pkg\\mod\\github.com\\go-text\\typesetting@v0.3.4\\fontscan\\rune_coverage.go" "C:\\Users\\sanya\\go\\pkg\\mod\\github.com\\go-text\\typesetting@v0.3.4\\fontscan\\scan.go" "C:\\Users\\sanya\\go\\pkg\\mod\\github.com\\go-text\\typesetting@v0.3.4\\fontscan\\scandir.go" "C:\\Users\\sanya\\go\\pkg\\mod\\github.com\\go-text\\typesetting@v0.3.4\\fontscan\\serialize.go" "C:\\Users\\sanya\\go\\pkg\\mod\\github.com\\go-text\\typesetting@v0.3.4\\fontscan\\substitutions.go" "C:\\Users\\sanya\\go\\pkg\\mod\\github.com\\go-text\\typesetting@v0.3.4\\fontscan\\substitutions_table.go"
cp "$WORK\\b301\\_pkg_.a" "C:\\Users\\sanya\\AppData\\Local\\go-build\\af\\af85b3ded0df17a05060cff4cf4178f79ef0ef4a006d4ec3f3cc23cba8cc38ab-d" # internal
mkdir -p $WORK\b300\
github.com/yuin/goldmark/parser
cat >C:\Users\sanya\AppData\Local\Temp\go-build1247343387\b300\importcfg << 'EOF' # internal
# import config
packagefile bytes=C:\Users\sanya\AppData\Local\Temp\go-build1247343387\b069\_pkg_.a
packagefile fmt=C:\Users\sanya\AppData\Local\Temp\go-build1247343387\b002\_pkg_.a
packagefile github.com/yuin/goldmark/ast=C:\Users\sanya\AppData\Local\Temp\go-build1247343387\b301\_pkg_.a
packagefile github.com/yuin/goldmark/text=C:\Users\sanya\AppData\Local\Temp\go-build1247343387\b302\_pkg_.a
packagefile github.com/yuin/goldmark/util=C:\Users\sanya\AppData\Local\Temp\go-build1247343387\b303\_pkg_.a
packagefile io=C:\Users\sanya\AppData\Local\Temp\go-build1247343387\b048\_pkg_.a
packagefile regexp=C:\Users\sanya\AppData\Local\Temp\go-build1247343387\b304\_pkg_.a
packagefile strconv=C:\Users\sanya\AppData\Local\Temp\go-build1247343387\b040\_pkg_.a
packagefile strings=C:\Users\sanya\AppData\Local\Temp\go-build1247343387\b070\_pkg_.a
packagefile sync=C:\Users\sanya\AppData\Local\Temp\go-build1247343387\b042\_pkg_.a
EOF
"C:\\msys64\\mingw64\\lib\\go\\pkg\\tool\\windows_amd64\\compile.exe" -o "$WORK\\b300\\_pkg_.a" -trimpath "$WORK\\b300=>" -p github.com/yuin/goldmark/parser -lang=go1.22 -complete -buildid tn1ywy3w2Pw7t8TaL7v6/tn1ywy3w2Pw7t8TaL7v6 -goversion go1.27.0 -c=5 -nolocalimports -importcfg "$WORK\\b300\\importcfg" -pack "C:\\Users\\sanya\\go\\pkg\\mod\\github.com\\yuin\\goldmark@v1.8.2\\parser\\attribute.go" "C:\\Users\\sanya\\go\\pkg\\mod\\github.com\\yuin\\goldmark@v1.8.2\\parser\\atx_heading.go" "C:\\Users\\sanya\\go\\pkg\\mod\\github.com\\yuin\\goldmark@v1.8.2\\parser\\auto_link.go" "C:\\Users\\sanya\\go\\pkg\\mod\\github.com\\yuin\\goldmark@v1.8.2\\parser\\blockquote.go" "C:\\Users\\sanya\\go\\pkg\\mod\\github.com\\yuin\\goldmark@v1.8.2\\parser\\code_block.go" "C:\\Users\\sanya\\go\\pkg\\mod\\github.com\\yuin\\goldmark@v1.8.2\\parser\\code_span.go" "C:\\Users\\sanya\\go\\pkg\\mod\\github.com\\yuin\\goldmark@v1.8.2\\parser\\delimiter.go" "C:\\Users\\sanya\\go\\pkg\\mod\\github.com\\yuin\\goldmark@v1.8.2\\parser\\emphasis.go" "C:\\Users\\sanya\\go\\pkg\\mod\\github.com\\yuin\\goldmark@v1.8.2\\parser\\fcode_block.go" "C:\\Users\\sanya\\go\\pkg\\mod\\github.com\\yuin\\goldmark@v1.8.2\\parser\\html_block.go" "C:\\Users\\sanya\\go\\pkg\\mod\\github.com\\yuin\\goldmark@v1.8.2\\parser\\link.go" "C:\\Users\\sanya\\go\\pkg\\mod\\github.com\\yuin\\goldmark@v1.8.2\\parser\\link_ref.go" "C:\\Users\\sanya\\go\\pkg\\mod\\github.com\\yuin\\goldmark@v1.8.2\\parser\\list.go" "C:\\Users\\sanya\\go\\pkg\\mod\\github.com\\yuin\\goldmark@v1.8.2\\parser\\list_item.go" "C:\\Users\\sanya\\go\\pkg\\mod\\github.com\\yuin\\goldmark@v1.8.2\\parser\\paragraph.go" "C:\\Users\\sanya\\go\\pkg\\mod\\github.com\\yuin\\goldmark@v1.8.2\\parser\\parser.go" "C:\\Users\\sanya\\go\\pkg\\mod\\github.com\\yuin\\goldmark@v1.8.2\\parser\\raw_html.go" "C:\\Users\\sanya\\go\\pkg\\mod\\github.com\\yuin\\goldmark@v1.8.2\\parser\\setext_headings.go" "C:\\Users\\sanya\\go\\pkg\\mod\\github.com\\yuin\\goldmark@v1.8.2\\parser\\thematic_break.go"
go tool buildid -w "$WORK\\b336\\_pkg_.a" # internal
cp "$WORK\\b336\\_pkg_.a" "C:\\Users\\sanya\\AppData\\Local\\go-build\\9d\\9d57551992426ab038b04050a9000597873d3c3f269ab50b5e6aa67338f0c443-d" # internal
mkdir -p $WORK\b306\
github.com/yuin/goldmark/renderer
cat >C:\Users\sanya\AppData\Local\Temp\go-build1247343387\b306\importcfg << 'EOF' # internal
# import config
packagefile bufio=C:\Users\sanya\AppData\Local\Temp\go-build1247343387\b068\_pkg_.a
packagefile github.com/yuin/goldmark/ast=C:\Users\sanya\AppData\Local\Temp\go-build1247343387\b301\_pkg_.a
packagefile github.com/yuin/goldmark/util=C:\Users\sanya\AppData\Local\Temp\go-build1247343387\b303\_pkg_.a
packagefile io=C:\Users\sanya\AppData\Local\Temp\go-build1247343387\b048\_pkg_.a
packagefile sync=C:\Users\sanya\AppData\Local\Temp\go-build1247343387\b042\_pkg_.a
EOF
"C:\\msys64\\mingw64\\lib\\go\\pkg\\tool\\windows_amd64\\compile.exe" -o "$WORK\\b306\\_pkg_.a" -trimpath "$WORK\\b306=>" -p github.com/yuin/goldmark/renderer -lang=go1.22 -complete -buildid 8I1NaX0GeJA1di8vE_Kl/8I1NaX0GeJA1di8vE_Kl -goversion go1.27.0 -c=5 -nolocalimports -importcfg "$WORK\\b306\\importcfg" -pack "C:\\Users\\sanya\\go\\pkg\\mod\\github.com\\yuin\\goldmark@v1.8.2\\renderer\\renderer.go"
go tool buildid -w "$WORK\\b306\\_pkg_.a" # internal
cp "$WORK\\b306\\_pkg_.a" "C:\\Users\\sanya\\AppData\\Local\\go-build\\66\\66ac69a0ce0e985696533e308a1efba757ccfdcb8e78cf6aa2b98da257b3a019-d" # internal
mkdir -p $WORK\b307\
github.com/yuin/goldmark/renderer/html
cat >C:\Users\sanya\AppData\Local\Temp\go-build1247343387\b307\importcfg << 'EOF' # internal
# import config
packagefile bytes=C:\Users\sanya\AppData\Local\Temp\go-build1247343387\b069\_pkg_.a
packagefile fmt=C:\Users\sanya\AppData\Local\Temp\go-build1247343387\b002\_pkg_.a
packagefile github.com/yuin/goldmark/ast=C:\Users\sanya\AppData\Local\Temp\go-build1247343387\b301\_pkg_.a
packagefile github.com/yuin/goldmark/renderer=C:\Users\sanya\AppData\Local\Temp\go-build1247343387\b306\_pkg_.a
packagefile github.com/yuin/goldmark/util=C:\Users\sanya\AppData\Local\Temp\go-build1247343387\b303\_pkg_.a
packagefile strconv=C:\Users\sanya\AppData\Local\Temp\go-build1247343387\b040\_pkg_.a
packagefile unicode=C:\Users\sanya\AppData\Local\Temp\go-build1247343387\b046\_pkg_.a
packagefile unicode/utf8=C:\Users\sanya\AppData\Local\Temp\go-build1247343387\b041\_pkg_.a
EOF
"C:\\msys64\\mingw64\\lib\\go\\pkg\\tool\\windows_amd64\\compile.exe" -o "$WORK\\b307\\_pkg_.a" -trimpath "$WORK\\b307=>" -p github.com/yuin/goldmark/renderer/html -lang=go1.22 -complete -buildid wNUnJlhKM6rkEfOXZIaQ/wNUnJlhKM6rkEfOXZIaQ -goversion go1.27.0 -c=5 -nolocalimports -importcfg "$WORK\\b307\\importcfg" -pack "C:\\Users\\sanya\\go\\pkg\\mod\\github.com\\yuin\\goldmark@v1.8.2\\renderer\\html\\html.go"
mkdir -p $WORK\b309\
github.com/yuin/goldmark/extension/ast
cat >C:\Users\sanya\AppData\Local\Temp\go-build1247343387\b309\importcfg << 'EOF' # internal
# import config
packagefile fmt=C:\Users\sanya\AppData\Local\Temp\go-build1247343387\b002\_pkg_.a
packagefile github.com/yuin/goldmark/ast=C:\Users\sanya\AppData\Local\Temp\go-build1247343387\b301\_pkg_.a
packagefile strings=C:\Users\sanya\AppData\Local\Temp\go-build1247343387\b070\_pkg_.a
EOF
"C:\\msys64\\mingw64\\lib\\go\\pkg\\tool\\windows_amd64\\compile.exe" -o "$WORK\\b309\\_pkg_.a" -trimpath "$WORK\\b309=>" -p github.com/yuin/goldmark/extension/ast -lang=go1.22 -complete -buildid waqcNlsNqKObiVF5bo4O/waqcNlsNqKObiVF5bo4O -goversion go1.27.0 -c=4 -nolocalimports -importcfg "$WORK\\b309\\importcfg" -pack "C:\\Users\\sanya\\go\\pkg\\mod\\github.com\\yuin\\goldmark@v1.8.2\\extension\\ast\\definition_list.go" "C:\\Users\\sanya\\go\\pkg\\mod\\github.com\\yuin\\goldmark@v1.8.2\\extension\\ast\\footnote.go" "C:\\Users\\sanya\\go\\pkg\\mod\\github.com\\yuin\\goldmark@v1.8.2\\extension\\ast\\strikethrough.go" "C:\\Users\\sanya\\go\\pkg\\mod\\github.com\\yuin\\goldmark@v1.8.2\\extension\\ast\\table.go" "C:\\Users\\sanya\\go\\pkg\\mod\\github.com\\yuin\\goldmark@v1.8.2\\extension\\ast\\tasklist.go"
go tool buildid -w "$WORK\\b334\\_pkg_.a" # internal
cp "$WORK\\b334\\_pkg_.a" "C:\\Users\\sanya\\AppData\\Local\\go-build\\c2\\c281f715e38cedbddfb933e0c51573e1560a42e7f1c31edc3c021072f41394e4-d" # internal
runtime/cgo
cd $WORK\b322
TERM='dumb' gcc -I "C:\\msys64\\mingw64\\lib\\go\\src\\runtime\\cgo" -m64 -pthread -Wl,--no-gc-sections -fmessage-length=0 "-ffile-prefix-map=$WORK\\b322=/tmp/go-build" -gno-record-gcc-switches -I "$WORK\\b322\\" -O2 -g -Wall -Werror -fno-stack-protector -Wdeclaration-after-statement -std=gnu90 "-ffile-prefix-map=C:\\msys64\\mingw64\\lib\\go=\\\\_\\_\\GOROOT" -frandom-seed=JoujCXvJvQBKOcR3dFdT -o "$WORK\\b322\\_cgo_main.o" -c _cgo_main.c
go tool buildid -w "$WORK\\b307\\_pkg_.a" # internal
cp "$WORK\\b307\\_pkg_.a" "C:\\Users\\sanya\\AppData\\Local\\go-build\\a4\\a46cf6f1dceb185a04c32148343a35b95adffd0d9e5c6f6bbe2e5fa6d73be0a0-d" # internal
mkdir -p $WORK\b338\
github.com/fsnotify/fsnotify
cat >C:\Users\sanya\AppData\Local\Temp\go-build1247343387\b338\importcfg << 'EOF' # internal
# import config
packagefile errors=C:\Users\sanya\AppData\Local\Temp\go-build1247343387\b003\_pkg_.a
packagefile fmt=C:\Users\sanya\AppData\Local\Temp\go-build1247343387\b002\_pkg_.a
packagefile github.com/fsnotify/fsnotify/internal=C:\Users\sanya\AppData\Local\Temp\go-build1247343387\b339\_pkg_.a
packagefile golang.org/x/sys/windows=C:\Users\sanya\AppData\Local\Temp\go-build1247343387\b213\_pkg_.a
packagefile os=C:\Users\sanya\AppData\Local\Temp\go-build1247343387\b049\_pkg_.a
packagefile path/filepath=C:\Users\sanya\AppData\Local\Temp\go-build1247343387\b175\_pkg_.a
packagefile reflect=C:\Users\sanya\AppData\Local\Temp\go-build1247343387\b037\_pkg_.a
packagefile runtime=C:\Users\sanya\AppData\Local\Temp\go-build1247343387\b009\_pkg_.a
packagefile strings=C:\Users\sanya\AppData\Local\Temp\go-build1247343387\b070\_pkg_.a
packagefile sync=C:\Users\sanya\AppData\Local\Temp\go-build1247343387\b042\_pkg_.a
packagefile time=C:\Users\sanya\AppData\Local\Temp\go-build1247343387\b059\_pkg_.a
EOF
cd C:\Users\sanya\Desktop\Dzvinock
"C:\\msys64\\mingw64\\lib\\go\\pkg\\tool\\windows_amd64\\compile.exe" -o "$WORK\\b338\\_pkg_.a" -trimpath "$WORK\\b338=>" -p github.com/fsnotify/fsnotify -lang=go1.17 -complete -buildid XwV1fmpIlB9jM4szRGyc/XwV1fmpIlB9jM4szRGyc -goversion go1.27.0 -c=5 -nolocalimports -importcfg "$WORK\\b338\\importcfg" -pack "C:\\Users\\sanya\\go\\pkg\\mod\\github.com\\fsnotify\\fsnotify@v1.9.0\\backend_windows.go" "C:\\Users\\sanya\\go\\pkg\\mod\\github.com\\fsnotify\\fsnotify@v1.9.0\\fsnotify.go" "C:\\Users\\sanya\\go\\pkg\\mod\\github.com\\fsnotify\\fsnotify@v1.9.0\\shared.go"
go tool buildid -w "$WORK\\b300\\_pkg_.a" # internal
go tool buildid -w "$WORK\\b191\\_pkg_.a" # internal
cp "$WORK\\b300\\_pkg_.a" "C:\\Users\\sanya\\AppData\\Local\\go-build\\e7\\e77111471048398ae2694914a104e988798e2802e792b08380572e23b5109aea-d" # internal
mkdir -p $WORK\b299\
github.com/yuin/goldmark
cat >C:\Users\sanya\AppData\Local\Temp\go-build1247343387\b299\importcfg << 'EOF' # internal
# import config
packagefile github.com/yuin/goldmark/parser=C:\Users\sanya\AppData\Local\Temp\go-build1247343387\b300\_pkg_.a
packagefile github.com/yuin/goldmark/renderer=C:\Users\sanya\AppData\Local\Temp\go-build1247343387\b306\_pkg_.a
packagefile github.com/yuin/goldmark/renderer/html=C:\Users\sanya\AppData\Local\Temp\go-build1247343387\b307\_pkg_.a
packagefile github.com/yuin/goldmark/text=C:\Users\sanya\AppData\Local\Temp\go-build1247343387\b302\_pkg_.a
packagefile github.com/yuin/goldmark/util=C:\Users\sanya\AppData\Local\Temp\go-build1247343387\b303\_pkg_.a
packagefile io=C:\Users\sanya\AppData\Local\Temp\go-build1247343387\b048\_pkg_.a
EOF
"C:\\msys64\\mingw64\\lib\\go\\pkg\\tool\\windows_amd64\\compile.exe" -o "$WORK\\b299\\_pkg_.a" -trimpath "$WORK\\b299=>" -p github.com/yuin/goldmark -lang=go1.22 -complete -buildid aSlIr3oepLDe8gdAN-Mn/aSlIr3oepLDe8gdAN-Mn -goversion go1.27.0 -c=7 -nolocalimports -importcfg "$WORK\\b299\\importcfg" -pack "C:\\Users\\sanya\\go\\pkg\\mod\\github.com\\yuin\\goldmark@v1.8.2\\markdown.go"
cp "$WORK\\b191\\_pkg_.a" "C:\\Users\\sanya\\AppData\\Local\\go-build\\f3\\f384815cfbb7904094a15704c56e87cf1d4f7b96854ebcb7c7986930ad293cae-d" # internal
mkdir -p $WORK\b074\
net/http
cat >C:\Users\sanya\AppData\Local\Temp\go-build1247343387\b074\importcfg << 'EOF' # internal
# import config
importmap golang.org/x/net/http/httpguts=vendor/golang.org/x/net/http/httpguts
importmap golang.org/x/net/http/httpproxy=vendor/golang.org/x/net/http/httpproxy
importmap golang.org/x/net/idna=vendor/golang.org/x/net/idna
packagefile bufio=C:\Users\sanya\AppData\Local\Temp\go-build1247343387\b068\_pkg_.a
packagefile bytes=C:\Users\sanya\AppData\Local\Temp\go-build1247343387\b069\_pkg_.a
packagefile compress/flate=C:\Users\sanya\AppData\Local\Temp\go-build1247343387\b075\_pkg_.a
packagefile compress/gzip=C:\Users\sanya\AppData\Local\Temp\go-build1247343387\b076\_pkg_.a
packagefile container/list=C:\Users\sanya\AppData\Local\Temp\go-build1247343387\b080\_pkg_.a
packagefile context=C:\Users\sanya\AppData\Local\Temp\go-build1247343387\b081\_pkg_.a
packagefile crypto/tls=C:\Users\sanya\AppData\Local\Temp\go-build1247343387\b082\_pkg_.a
packagefile encoding/base64=C:\Users\sanya\AppData\Local\Temp\go-build1247343387\b166\_pkg_.a
packagefile errors=C:\Users\sanya\AppData\Local\Temp\go-build1247343387\b003\_pkg_.a
packagefile fmt=C:\Users\sanya\AppData\Local\Temp\go-build1247343387\b002\_pkg_.a
packagefile vendor/golang.org/x/net/http/httpguts=C:\Users\sanya\AppData\Local\Temp\go-build1247343387\b177\_pkg_.a
packagefile vendor/golang.org/x/net/http/httpproxy=C:\Users\sanya\AppData\Local\Temp\go-build1247343387\b184\_pkg_.a
packagefile vendor/golang.org/x/net/idna=C:\Users\sanya\AppData\Local\Temp\go-build1247343387\b178\_pkg_.a
packagefile internal/godebug=C:\Users\sanya\AppData\Local\Temp\go-build1247343387\b061\_pkg_.a
packagefile io=C:\Users\sanya\AppData\Local\Temp\go-build1247343387\b048\_pkg_.a
packagefile io/fs=C:\Users\sanya\AppData\Local\Temp\go-build1247343387\b057\_pkg_.a
packagefile log=C:\Users\sanya\AppData\Local\Temp\go-build1247343387\b072\_pkg_.a
packagefile maps=C:\Users\sanya\AppData\Local\Temp\go-build1247343387\b167\_pkg_.a
packagefile math=C:\Users\sanya\AppData\Local\Temp\go-build1247343387\b039\_pkg_.a
packagefile math/rand/v2=C:\Users\sanya\AppData\Local\Temp\go-build1247343387\b118\_pkg_.a
packagefile mime=C:\Users\sanya\AppData\Local\Temp\go-build1247343387\b185\_pkg_.a
packagefile mime/multipart=C:\Users\sanya\AppData\Local\Temp\go-build1247343387\b186\_pkg_.a
packagefile net=C:\Users\sanya\AppData\Local\Temp\go-build1247343387\b168\_pkg_.a
packagefile net/http/httptrace=C:\Users\sanya\AppData\Local\Temp\go-build1247343387\b188\_pkg_.a
packagefile net/http/internal=C:\Users\sanya\AppData\Local\Temp\go-build1247343387\b189\_pkg_.a
packagefile net/http/internal/ascii=C:\Users\sanya\AppData\Local\Temp\go-build1247343387\b190\_pkg_.a
packagefile net/http/internal/http2=C:\Users\sanya\AppData\Local\Temp\go-build1247343387\b191\_pkg_.a
packagefile net/textproto=C:\Users\sanya\AppData\Local\Temp\go-build1247343387\b183\_pkg_.a
packagefile net/url=C:\Users\sanya\AppData\Local\Temp\go-build1247343387\b174\_pkg_.a
packagefile os=C:\Users\sanya\AppData\Local\Temp\go-build1247343387\b049\_pkg_.a
packagefile path=C:\Users\sanya\AppData\Local\Temp\go-build1247343387\b058\_pkg_.a
packagefile path/filepath=C:\Users\sanya\AppData\Local\Temp\go-build1247343387\b175\_pkg_.a
packagefile reflect=C:\Users\sanya\AppData\Local\Temp\go-build1247343387\b037\_pkg_.a
packagefile runtime=C:\Users\sanya\AppData\Local\Temp\go-build1247343387\b009\_pkg_.a
packagefile slices=C:\Users\sanya\AppData\Local\Temp\go-build1247343387\b047\_pkg_.a
packagefile sort=C:\Users\sanya\AppData\Local\Temp\go-build1247343387\b176\_pkg_.a
packagefile strconv=C:\Users\sanya\AppData\Local\Temp\go-build1247343387\b040\_pkg_.a
packagefile strings=C:\Users\sanya\AppData\Local\Temp\go-build1247343387\b070\_pkg_.a
packagefile sync=C:\Users\sanya\AppData\Local\Temp\go-build1247343387\b042\_pkg_.a
packagefile sync/atomic=C:\Users\sanya\AppData\Local\Temp\go-build1247343387\b044\_pkg_.a
packagefile time=C:\Users\sanya\AppData\Local\Temp\go-build1247343387\b059\_pkg_.a
packagefile unicode=C:\Users\sanya\AppData\Local\Temp\go-build1247343387\b046\_pkg_.a
packagefile unicode/utf8=C:\Users\sanya\AppData\Local\Temp\go-build1247343387\b041\_pkg_.a
EOF
"C:\\msys64\\mingw64\\lib\\go\\pkg\\tool\\windows_amd64\\compile.exe" -o "$WORK\\b074\\_pkg_.a" -trimpath "$WORK\\b074=>" -p net/http -lang=go1.27 -std -complete -buildid Q-xRoWgdgJRjZSZ_gxfB/Q-xRoWgdgJRjZSZ_gxfB -goversion go1.27.0 -c=6 -nolocalimports -importcfg "$WORK\\b074\\importcfg" -pack "C:\\msys64\\mingw64\\lib\\go\\src\\net\\http\\client.go" "C:\\msys64\\mingw64\\lib\\go\\src\\net\\http\\clientconn.go" "C:\\msys64\\mingw64\\lib\\go\\src\\net\\http\\clone.go" "C:\\msys64\\mingw64\\lib\\go\\src\\net\\http\\cookie.go" "C:\\msys64\\mingw64\\lib\\go\\src\\net\\http\\csrf.go" "C:\\msys64\\mingw64\\lib\\go\\src\\net\\http\\doc.go" "C:\\msys64\\mingw64\\lib\\go\\src\\net\\http\\filetransport.go" "C:\\msys64\\mingw64\\lib\\go\\src\\net\\http\\fs.go" "C:\\msys64\\mingw64\\lib\\go\\src\\net\\http\\header.go" "C:\\msys64\\mingw64\\lib\\go\\src\\net\\http\\http.go" "C:\\msys64\\mingw64\\lib\\go\\src\\net\\http\\http2.go" "C:\\msys64\\mingw64\\lib\\go\\src\\net\\http\\jar.go" "C:\\msys64\\mingw64\\lib\\go\\src\\net\\http\\mapping.go" "C:\\msys64\\mingw64\\lib\\go\\src\\net\\http\\method.go" "C:\\msys64\\mingw64\\lib\\go\\src\\net\\http\\pattern.go" "C:\\msys64\\mingw64\\lib\\go\\src\\net\\http\\request.go" "C:\\msys64\\mingw64\\lib\\go\\src\\net\\http\\response.go" "C:\\msys64\\mingw64\\lib\\go\\src\\net\\http\\responsecontroller.go" "C:\\msys64\\mingw64\\lib\\go\\src\\net\\http\\roundtrip.go" "C:\\msys64\\mingw64\\lib\\go\\src\\net\\http\\routing_index.go" "C:\\msys64\\mingw64\\lib\\go\\src\\net\\http\\routing_tree.go" "C:\\msys64\\mingw64\\lib\\go\\src\\net\\http\\servemux121.go" "C:\\msys64\\mingw64\\lib\\go\\src\\net\\http\\server.go" "C:\\msys64\\mingw64\\lib\\go\\src\\net\\http\\sniff.go" "C:\\msys64\\mingw64\\lib\\go\\src\\net\\http\\socks_bundle.go" "C:\\msys64\\mingw64\\lib\\go\\src\\net\\http\\status.go" "C:\\msys64\\mingw64\\lib\\go\\src\\net\\http\\transfer.go" "C:\\msys64\\mingw64\\lib\\go\\src\\net\\http\\transport.go" "C:\\msys64\\mingw64\\lib\\go\\src\\net\\http\\transport_default_other.go"
TERM='dumb' gcc -I "C:\\msys64\\mingw64\\lib\\go\\src\\runtime\\cgo" -m64 -pthread -Wl,--no-gc-sections -fmessage-length=0 "-ffile-prefix-map=$WORK\\b322=/tmp/go-build" -gno-record-gcc-switches -o "$WORK\\b322\\_cgo_.o" "$WORK\\b322\\_cgo_main.o" "$WORK\\b322\\_x001.o" "$WORK\\b322\\_x002.o" "$WORK\\b322\\_x003.o" "$WORK\\b322\\_x004.o" "$WORK\\b322\\_x005.o" "$WORK\\b322\\_x006.o" -O2 -g
go tool buildid -w "$WORK\\b309\\_pkg_.a" # internal
cp "$WORK\\b309\\_pkg_.a" "C:\\Users\\sanya\\AppData\\Local\\go-build\\f0\\f061bc44030d9de40d25fce2b7d4421db0dd3fe06d17bd4049625da8cde9bc48-d" # internal
go tool buildid -w "$WORK\\b299\\_pkg_.a" # internal
mkdir -p $WORK\b346\
github.com/pkg/errors
cat >C:\Users\sanya\AppData\Local\Temp\go-build1247343387\b346\importcfg << 'EOF' # internal
# import config
packagefile errors=C:\Users\sanya\AppData\Local\Temp\go-build1247343387\b003\_pkg_.a
packagefile fmt=C:\Users\sanya\AppData\Local\Temp\go-build1247343387\b002\_pkg_.a
packagefile io=C:\Users\sanya\AppData\Local\Temp\go-build1247343387\b048\_pkg_.a
packagefile path=C:\Users\sanya\AppData\Local\Temp\go-build1247343387\b058\_pkg_.a
packagefile runtime=C:\Users\sanya\AppData\Local\Temp\go-build1247343387\b009\_pkg_.a
packagefile strconv=C:\Users\sanya\AppData\Local\Temp\go-build1247343387\b040\_pkg_.a
packagefile strings=C:\Users\sanya\AppData\Local\Temp\go-build1247343387\b070\_pkg_.a
EOF
"C:\\msys64\\mingw64\\lib\\go\\pkg\\tool\\windows_amd64\\compile.exe" -o "$WORK\\b346\\_pkg_.a" -trimpath "$WORK\\b346=>" -p github.com/pkg/errors -lang=go1.16 -complete -buildid grpN9xNKq4_VWqebnb8f/grpN9xNKq4_VWqebnb8f -goversion go1.27.0 -c=6 -nolocalimports -importcfg "$WORK\\b346\\importcfg" -pack "C:\\Users\\sanya\\go\\pkg\\mod\\github.com\\pkg\\errors@v0.9.1\\errors.go" "C:\\Users\\sanya\\go\\pkg\\mod\\github.com\\pkg\\errors@v0.9.1\\go113.go" "C:\\Users\\sanya\\go\\pkg\\mod\\github.com\\pkg\\errors@v0.9.1\\stack.go"
cp "$WORK\\b299\\_pkg_.a" "C:\\Users\\sanya\\AppData\\Local\\go-build\\59\\59da77b677593cd55f6063e569ffe435d68ddf2580369648fdae72e20e4226f8-d" # internal
mkdir -p $WORK\b308\
github.com/yuin/goldmark/extension
cat >C:\Users\sanya\AppData\Local\Temp\go-build1247343387\b308\importcfg << 'EOF' # internal
# import config
packagefile bytes=C:\Users\sanya\AppData\Local\Temp\go-build1247343387\b069\_pkg_.a
packagefile fmt=C:\Users\sanya\AppData\Local\Temp\go-build1247343387\b002\_pkg_.a
packagefile github.com/yuin/goldmark=C:\Users\sanya\AppData\Local\Temp\go-build1247343387\b299\_pkg_.a
packagefile github.com/yuin/goldmark/ast=C:\Users\sanya\AppData\Local\Temp\go-build1247343387\b301\_pkg_.a
packagefile github.com/yuin/goldmark/extension/ast=C:\Users\sanya\AppData\Local\Temp\go-build1247343387\b309\_pkg_.a
packagefile github.com/yuin/goldmark/parser=C:\Users\sanya\AppData\Local\Temp\go-build1247343387\b300\_pkg_.a
packagefile github.com/yuin/goldmark/renderer=C:\Users\sanya\AppData\Local\Temp\go-build1247343387\b306\_pkg_.a
packagefile github.com/yuin/goldmark/renderer/html=C:\Users\sanya\AppData\Local\Temp\go-build1247343387\b307\_pkg_.a
packagefile github.com/yuin/goldmark/text=C:\Users\sanya\AppData\Local\Temp\go-build1247343387\b302\_pkg_.a
packagefile github.com/yuin/goldmark/util=C:\Users\sanya\AppData\Local\Temp\go-build1247343387\b303\_pkg_.a
packagefile regexp=C:\Users\sanya\AppData\Local\Temp\go-build1247343387\b304\_pkg_.a
packagefile strconv=C:\Users\sanya\AppData\Local\Temp\go-build1247343387\b040\_pkg_.a
packagefile unicode=C:\Users\sanya\AppData\Local\Temp\go-build1247343387\b046\_pkg_.a
EOF
"C:\\msys64\\mingw64\\lib\\go\\pkg\\tool\\windows_amd64\\compile.exe" -o "$WORK\\b308\\_pkg_.a" -trimpath "$WORK\\b308=>" -p github.com/yuin/goldmark/extension -lang=go1.22 -complete -buildid hamyygxi-UNvIFn8zjVa/hamyygxi-UNvIFn8zjVa -goversion go1.27.0 -c=5 -nolocalimports -importcfg "$WORK\\b308\\importcfg" -pack "C:\\Users\\sanya\\go\\pkg\\mod\\github.com\\yuin\\goldmark@v1.8.2\\extension\\cjk.go" "C:\\Users\\sanya\\go\\pkg\\mod\\github.com\\yuin\\goldmark@v1.8.2\\extension\\definition_list.go" "C:\\Users\\sanya\\go\\pkg\\mod\\github.com\\yuin\\goldmark@v1.8.2\\extension\\footnote.go" "C:\\Users\\sanya\\go\\pkg\\mod\\github.com\\yuin\\goldmark@v1.8.2\\extension\\gfm.go" "C:\\Users\\sanya\\go\\pkg\\mod\\github.com\\yuin\\goldmark@v1.8.2\\extension\\linkify.go" "C:\\Users\\sanya\\go\\pkg\\mod\\github.com\\yuin\\goldmark@v1.8.2\\extension\\package.go" "C:\\Users\\sanya\\go\\pkg\\mod\\github.com\\yuin\\goldmark@v1.8.2\\extension\\strikethrough.go" "C:\\Users\\sanya\\go\\pkg\\mod\\github.com\\yuin\\goldmark@v1.8.2\\extension\\table.go" "C:\\Users\\sanya\\go\\pkg\\mod\\github.com\\yuin\\goldmark@v1.8.2\\extension\\tasklist.go" "C:\\Users\\sanya\\go\\pkg\\mod\\github.com\\yuin\\goldmark@v1.8.2\\extension\\typographer.go"
go tool buildid -w "$WORK\\b338\\_pkg_.a" # internal
cp "$WORK\\b338\\_pkg_.a" "C:\\Users\\sanya\\AppData\\Local\\go-build\\cd\\cd6b054918c2ed965440cada2a8e149802ebc7a0633dac3b16d43e0e3113980e-d" # internal
mkdir -p $WORK\b349\
github.com/icza/bitio
cat >C:\Users\sanya\AppData\Local\Temp\go-build1247343387\b349\importcfg << 'EOF' # internal
# import config
packagefile bufio=C:\Users\sanya\AppData\Local\Temp\go-build1247343387\b068\_pkg_.a
packagefile io=C:\Users\sanya\AppData\Local\Temp\go-build1247343387\b048\_pkg_.a
EOF
"C:\\msys64\\mingw64\\lib\\go\\pkg\\tool\\windows_amd64\\compile.exe" -o "$WORK\\b349\\_pkg_.a" -trimpath "$WORK\\b349=>" -p github.com/icza/bitio -lang=go1.13 -complete -buildid WnLn3HW0w7y0JHuzo2oe/WnLn3HW0w7y0JHuzo2oe -goversion go1.27.0 -c=5 -nolocalimports -importcfg "$WORK\\b349\\importcfg" -pack "C:\\Users\\sanya\\go\\pkg\\mod\\github.com\\icza\\bitio@v1.1.0\\count_reader.go" "C:\\Users\\sanya\\go\\pkg\\mod\\github.com\\icza\\bitio@v1.1.0\\count_writer.go" "C:\\Users\\sanya\\go\\pkg\\mod\\github.com\\icza\\bitio@v1.1.0\\doc.go" "C:\\Users\\sanya\\go\\pkg\\mod\\github.com\\icza\\bitio@v1.1.0\\reader.go" "C:\\Users\\sanya\\go\\pkg\\mod\\github.com\\icza\\bitio@v1.1.0\\writer.go"
go tool buildid -w "$WORK\\b326\\_pkg_.a" # internal
go tool buildid -w "$WORK\\b293\\_pkg_.a" # internal
go tool buildid -w "$WORK\\b346\\_pkg_.a" # internal
cp "$WORK\\b346\\_pkg_.a" "C:\\Users\\sanya\\AppData\\Local\\go-build\\f0\\f060ccf7c377c7895cf5ff028e962b3d5fa747e63498c82d55efec9aa7f4d12f-d" # internal
mkdir -p $WORK\b344\
github.com/gopxl/beep/v2
cat >C:\Users\sanya\AppData\Local\Temp\go-build1247343387\b344\importcfg << 'EOF' # internal
# import config
packagefile fmt=C:\Users\sanya\AppData\Local\Temp\go-build1247343387\b002\_pkg_.a
packagefile github.com/gopxl/beep/v2/internal/util=C:\Users\sanya\AppData\Local\Temp\go-build1247343387\b345\_pkg_.a
packagefile github.com/pkg/errors=C:\Users\sanya\AppData\Local\Temp\go-build1247343387\b346\_pkg_.a
packagefile math=C:\Users\sanya\AppData\Local\Temp\go-build1247343387\b039\_pkg_.a
packagefile time=C:\Users\sanya\AppData\Local\Temp\go-build1247343387\b059\_pkg_.a
EOF
"C:\\msys64\\mingw64\\lib\\go\\pkg\\tool\\windows_amd64\\compile.exe" -o "$WORK\\b344\\_pkg_.a" -trimpath "$WORK\\b344=>" -p github.com/gopxl/beep/v2 -lang=go1.21 -complete -buildid sSRMLBT6lBe7l5RUythk/sSRMLBT6lBe7l5RUythk -goversion go1.27.0 -c=7 -nolocalimports -importcfg "$WORK\\b344\\importcfg" -pack "C:\\Users\\sanya\\go\\pkg\\mod\\github.com\\gopxl\\beep\\v2@v2.1.1\\buffer.go" "C:\\Users\\sanya\\go\\pkg\\mod\\github.com\\gopxl\\beep\\v2@v2.1.1\\compositors.go" "C:\\Users\\sanya\\go\\pkg\\mod\\github.com\\gopxl\\beep\\v2@v2.1.1\\ctrl.go" "C:\\Users\\sanya\\go\\pkg\\mod\\github.com\\gopxl\\beep\\v2@v2.1.1\\interface.go" "C:\\Users\\sanya\\go\\pkg\\mod\\github.com\\gopxl\\beep\\v2@v2.1.1\\mixer.go" "C:\\Users\\sanya\\go\\pkg\\mod\\github.com\\gopxl\\beep\\v2@v2.1.1\\resample.go" "C:\\Users\\sanya\\go\\pkg\\mod\\github.com\\gopxl\\beep\\v2@v2.1.1\\streamers.go"
gcc -I "C:\\msys64\\mingw64\\lib\\go\\src\\runtime\\cgo" -m64 -pthread -Wl,--no-gc-sections -fmessage-length=0 "-ffile-prefix-map=$WORK\\b322=/tmp/go-build" -gno-record-gcc-switches -o "$WORK\\b322\\_cgo_.o" "$WORK\\b322\\_cgo_main.o" "$WORK\\b322\\_x001.o" "$WORK\\b322\\_x002.o" "$WORK\\b322\\_x003.o" "$WORK\\b322\\_x004.o" "$WORK\\b322\\_x005.o" "$WORK\\b322\\_x006.o" -O2 -g # test for internal linking errors (succeeded)
TERM='dumb' "C:\\msys64\\mingw64\\lib\\go\\pkg\\tool\\windows_amd64\\cgo.exe" -dynpackage cgo -dynimport "$WORK\\b322\\_cgo_.o" -dynout "$WORK\\b322\\_cgo_import.go" -dynlinker
go tool buildid -w "$WORK\\b349\\_pkg_.a" # internal
cp "$WORK\\b326\\_pkg_.a" "C:\\Users\\sanya\\AppData\\Local\\go-build\\ab\\abb412571b3c187aab0f364a4fa3599b1b021545261357077f667c60c4237e59-d" # internal
mkdir -p $WORK\b328\
github.com/godbus/dbus/v5/introspect
cat >C:\Users\sanya\AppData\Local\Temp\go-build1247343387\b328\importcfg << 'EOF' # internal
# import config
packagefile encoding/xml=C:\Users\sanya\AppData\Local\Temp\go-build1247343387\b222\_pkg_.a
packagefile github.com/godbus/dbus/v5=C:\Users\sanya\AppData\Local\Temp\go-build1247343387\b326\_pkg_.a
packagefile reflect=C:\Users\sanya\AppData\Local\Temp\go-build1247343387\b037\_pkg_.a
packagefile strings=C:\Users\sanya\AppData\Local\Temp\go-build1247343387\b070\_pkg_.a
EOF
"C:\\msys64\\mingw64\\lib\\go\\pkg\\tool\\windows_amd64\\compile.exe" -o "$WORK\\b328\\_pkg_.a" -trimpath "$WORK\\b328=>" -p github.com/godbus/dbus/v5/introspect -lang=go1.20 -complete -buildid 916AUd5XNwKbADcjyzic/916AUd5XNwKbADcjyzic -goversion go1.27.0 -c=6 -nolocalimports -importcfg "$WORK\\b328\\importcfg" -pack "C:\\Users\\sanya\\go\\pkg\\mod\\github.com\\godbus\\dbus\\v5@v5.2.2\\introspect\\call.go" "C:\\Users\\sanya\\go\\pkg\\mod\\github.com\\godbus\\dbus\\v5@v5.2.2\\introspect\\introspect.go" "C:\\Users\\sanya\\go\\pkg\\mod\\github.com\\godbus\\dbus\\v5@v5.2.2\\introspect\\introspectable.go"
cp "$WORK\\b293\\_pkg_.a" "C:\\Users\\sanya\\AppData\\Local\\go-build\\6a\\6a81baef378d65a3537ee71a84403baaca2a1db897162af82d5b3e423b454407-d" # internal
mkdir -p $WORK\b352\
github.com/mewkiz/flac/internal/hashutil
cat >C:\Users\sanya\AppData\Local\Temp\go-build1247343387\b352\importcfg << 'EOF' # internal
# import config
packagefile hash=C:\Users\sanya\AppData\Local\Temp\go-build1247343387\b079\_pkg_.a
EOF
"C:\\msys64\\mingw64\\lib\\go\\pkg\\tool\\windows_amd64\\compile.exe" -o "$WORK\\b352\\_pkg_.a" -trimpath "$WORK\\b352=>" -p github.com/mewkiz/flac/internal/hashutil -lang=go1.14 -complete -buildid dlelKiFhwfOiIaiX3CGa/dlelKiFhwfOiIaiX3CGa -goversion go1.27.0 -c=5 -nolocalimports -importcfg "$WORK\\b352\\importcfg" -pack "C:\\Users\\sanya\\go\\pkg\\mod\\github.com\\mewkiz\\flac@v1.0.12\\internal\\hashutil\\hashutil.go"
cp "$WORK\\b349\\_pkg_.a" "C:\\Users\\sanya\\AppData\\Local\\go-build\\ec\\ec69e797d884d27a65fa869aed50179b3d11935a2c86bbeaa012cdbd414e6fd6-d" # internal
mkdir -p $WORK\b351\
github.com/mewkiz/flac/internal/bits
cat >C:\Users\sanya\AppData\Local\Temp\go-build1247343387\b351\importcfg << 'EOF' # internal
# import config
packagefile fmt=C:\Users\sanya\AppData\Local\Temp\go-build1247343387\b002\_pkg_.a
packagefile github.com/icza/bitio=C:\Users\sanya\AppData\Local\Temp\go-build1247343387\b349\_pkg_.a
packagefile io=C:\Users\sanya\AppData\Local\Temp\go-build1247343387\b048\_pkg_.a
EOF
"C:\\msys64\\mingw64\\lib\\go\\pkg\\tool\\windows_amd64\\compile.exe" -o "$WORK\\b351\\_pkg_.a" -trimpath "$WORK\\b351=>" -p github.com/mewkiz/flac/internal/bits -lang=go1.14 -complete -buildid HOQ2dWMP85jGgBNUhlaG/HOQ2dWMP85jGgBNUhlaG -goversion go1.27.0 -c=5 -nolocalimports -importcfg "$WORK\\b351\\importcfg" -pack "C:\\Users\\sanya\\go\\pkg\\mod\\github.com\\mewkiz\\flac@v1.0.12\\internal\\bits\\reader.go" "C:\\Users\\sanya\\go\\pkg\\mod\\github.com\\mewkiz\\flac@v1.0.12\\internal\\bits\\twocomp.go" "C:\\Users\\sanya\\go\\pkg\\mod\\github.com\\mewkiz\\flac@v1.0.12\\internal\\bits\\unary.go" "C:\\Users\\sanya\\go\\pkg\\mod\\github.com\\mewkiz\\flac@v1.0.12\\internal\\bits\\zigzag.go"
go tool buildid -w "$WORK\\b328\\_pkg_.a" # internal
go tool buildid -w "$WORK\\b344\\_pkg_.a" # internal
echo -n > $WORK\b322\go_asm.h # internal
cd C:\msys64\mingw64\lib\go\src\runtime\cgo
"C:\\msys64\\mingw64\\lib\\go\\pkg\\tool\\windows_amd64\\asm.exe" -p runtime/cgo -trimpath "$WORK\\b322=>" -I "$WORK\\b322\\" -I "C:\\msys64\\mingw64\\lib\\go\\pkg\\include" -D GOOS_windows -D GOARCH_amd64 -std -D GOAMD64_v1 -gensymabis -o "$WORK\\b322\\symabis" "C:\\msys64\\mingw64\\lib\\go\\src\\runtime\\cgo\\asm_amd64.s"
cp "$WORK\\b344\\_pkg_.a" "C:\\Users\\sanya\\AppData\\Local\\go-build\\80\\804a5346528550788495707587b2a39af59202ce610a5a5acb33659fec07d42d-d" # internal
mkdir -p $WORK\b356\
github.com/mewkiz/flac/internal/ioutilx
cat >C:\Users\sanya\AppData\Local\Temp\go-build1247343387\b356\importcfg << 'EOF' # internal
# import config
packagefile io=C:\Users\sanya\AppData\Local\Temp\go-build1247343387\b048\_pkg_.a
EOF
cd C:\Users\sanya\Desktop\Dzvinock
"C:\\msys64\\mingw64\\lib\\go\\pkg\\tool\\windows_amd64\\compile.exe" -o "$WORK\\b356\\_pkg_.a" -trimpath "$WORK\\b356=>" -p github.com/mewkiz/flac/internal/ioutilx -lang=go1.14 -complete -buildid T44FZbzHtbENiv-a2BWD/T44FZbzHtbENiv-a2BWD -goversion go1.27.0 -c=7 -nolocalimports -importcfg "$WORK\\b356\\importcfg" -pack "C:\\Users\\sanya\\go\\pkg\\mod\\github.com\\mewkiz\\flac@v1.0.12\\internal\\ioutilx\\byte.go" "C:\\Users\\sanya\\go\\pkg\\mod\\github.com\\mewkiz\\flac@v1.0.12\\internal\\ioutilx\\zero.go"
go tool buildid -w "$WORK\\b352\\_pkg_.a" # internal
cp "$WORK\\b328\\_pkg_.a" "C:\\Users\\sanya\\AppData\\Local\\go-build\\91\\91f50ea589a4672c2f46b47e93cd77571808821894e21ec61ee61d2c90dfbc45-d" # internal
mkdir -p $WORK\b325\
fyne.io/systray/internal/generated/notifier
cat >C:\Users\sanya\AppData\Local\Temp\go-build1247343387\b325\importcfg << 'EOF' # internal
# import config
packagefile context=C:\Users\sanya\AppData\Local\Temp\go-build1247343387\b081\_pkg_.a
packagefile errors=C:\Users\sanya\AppData\Local\Temp\go-build1247343387\b003\_pkg_.a
packagefile fmt=C:\Users\sanya\AppData\Local\Temp\go-build1247343387\b002\_pkg_.a
packagefile github.com/godbus/dbus/v5=C:\Users\sanya\AppData\Local\Temp\go-build1247343387\b326\_pkg_.a
packagefile github.com/godbus/dbus/v5/introspect=C:\Users\sanya\AppData\Local\Temp\go-build1247343387\b328\_pkg_.a
EOF
"C:\\msys64\\mingw64\\lib\\go\\pkg\\tool\\windows_amd64\\compile.exe" -o "$WORK\\b325\\_pkg_.a" -trimpath "$WORK\\b325=>" -p fyne.io/systray/internal/generated/notifier -lang=go1.19 -complete -buildid e75KJzio9uIJ6L4AuJKR/e75KJzio9uIJ6L4AuJKR -goversion go1.27.0 -c=6 -nolocalimports -importcfg "$WORK\\b325\\importcfg" -pack "C:\\Users\\sanya\\go\\pkg\\mod\\fyne.io\\systray@v1.12.2\\internal\\generated\\notifier\\status_notifier_item.go"
go tool buildid -w "$WORK\\b351\\_pkg_.a" # internal
cp "$WORK\\b352\\_pkg_.a" "C:\\Users\\sanya\\AppData\\Local\\go-build\\0e\\0ecf0adb318b601ace623028234e282de37f0d6f0e8668541721121a8d5105b4-d" # internal
mkdir -p $WORK\b353\
github.com/mewkiz/flac/internal/hashutil/crc16
cat >C:\Users\sanya\AppData\Local\Temp\go-build1247343387\b353\importcfg << 'EOF' # internal
# import config
packagefile github.com/mewkiz/flac/internal/hashutil=C:\Users\sanya\AppData\Local\Temp\go-build1247343387\b352\_pkg_.a
EOF
"C:\\msys64\\mingw64\\lib\\go\\pkg\\tool\\windows_amd64\\compile.exe" -o "$WORK\\b353\\_pkg_.a" -trimpath "$WORK\\b353=>" -p github.com/mewkiz/flac/internal/hashutil/crc16 -lang=go1.14 -complete -buildid tGYy9d94NE4O1IjZn19c/tGYy9d94NE4O1IjZn19c -goversion go1.27.0 -c=5 -nolocalimports -importcfg "$WORK\\b353\\importcfg" -pack "C:\\Users\\sanya\\go\\pkg\\mod\\github.com\\mewkiz\\flac@v1.0.12\\internal\\hashutil\\crc16\\crc16.go"
cp "$WORK\\b351\\_pkg_.a" "C:\\Users\\sanya\\AppData\\Local\\go-build\\83\\83389a70083964d5367957d373173f7d0335da149e1b230d2c4acd64e938abdd-d" # internal
mkdir -p $WORK\b354\
github.com/mewkiz/flac/internal/hashutil/crc8
cat >C:\Users\sanya\AppData\Local\Temp\go-build1247343387\b354\importcfg << 'EOF' # internal
# import config
packagefile github.com/mewkiz/flac/internal/hashutil=C:\Users\sanya\AppData\Local\Temp\go-build1247343387\b352\_pkg_.a
EOF
"C:\\msys64\\mingw64\\lib\\go\\pkg\\tool\\windows_amd64\\compile.exe" -o "$WORK\\b354\\_pkg_.a" -trimpath "$WORK\\b354=>" -p github.com/mewkiz/flac/internal/hashutil/crc8 -lang=go1.14 -complete -buildid rvqapJO_iCQU-DAI1e8E/rvqapJO_iCQU-DAI1e8E -goversion go1.27.0 -c=5 -nolocalimports -importcfg "$WORK\\b354\\importcfg" -pack "C:\\Users\\sanya\\go\\pkg\\mod\\github.com\\mewkiz\\flac@v1.0.12\\internal\\hashutil\\crc8\\crc8.go"
cat >C:\Users\sanya\AppData\Local\Temp\go-build1247343387\b322\importcfg << 'EOF' # internal
# import config
packagefile internal/runtime/sys=C:\Users\sanya\AppData\Local\Temp\go-build1247343387\b023\_pkg_.a
packagefile sync=C:\Users\sanya\AppData\Local\Temp\go-build1247343387\b042\_pkg_.a
packagefile sync/atomic=C:\Users\sanya\AppData\Local\Temp\go-build1247343387\b044\_pkg_.a
EOF
"C:\\msys64\\mingw64\\lib\\go\\pkg\\tool\\windows_amd64\\compile.exe" -o "$WORK\\b322\\_pkg_.a" -trimpath "$WORK\\b322=>" -p runtime/cgo -lang=go1.27 -std -buildid JoujCXvJvQBKOcR3dFdT/JoujCXvJvQBKOcR3dFdT -goversion go1.27.0 -symabis "$WORK\\b322\\symabis" -c=4 -nolocalimports -importcfg "$WORK\\b322\\importcfg" -pack -asmhdr "$WORK\\b322\\go_asm.h" "C:\\msys64\\mingw64\\lib\\go\\src\\runtime\\cgo\\callbacks.go" "C:\\msys64\\mingw64\\lib\\go\\src\\runtime\\cgo\\handle.go" "C:\\msys64\\mingw64\\lib\\go\\src\\runtime\\cgo\\iscgo.go" "C:\\msys64\\mingw64\\lib\\go\\src\\runtime\\cgo\\windows.go" "$WORK\\b322\\_cgo_gotypes.go" "$WORK\\b322\\cgo.cgo1.go" "$WORK\\b322\\_cgo_import.go"
go tool buildid -w "$WORK\\b356\\_pkg_.a" # internal
go tool buildid -w "$WORK\\b308\\_pkg_.a" # internal
go tool buildid -w "$WORK\\b354\\_pkg_.a" # internal
go tool buildid -w "$WORK\\b353\\_pkg_.a" # internal
cp "$WORK\\b356\\_pkg_.a" "C:\\Users\\sanya\\AppData\\Local\\go-build\\c8\\c8ba2bb4ce42de854834130300ec1c42e5caa679703204efc8552c40be4dc864-d" # internal
mkdir -p $WORK\b358\
github.com/mewkiz/pkg/term
cat >C:\Users\sanya\AppData\Local\Temp\go-build1247343387\b358\importcfg << 'EOF' # internal
# import config
packagefile runtime=C:\Users\sanya\AppData\Local\Temp\go-build1247343387\b009\_pkg_.a
packagefile strings=C:\Users\sanya\AppData\Local\Temp\go-build1247343387\b070\_pkg_.a
EOF
"C:\\msys64\\mingw64\\lib\\go\\pkg\\tool\\windows_amd64\\compile.exe" -o "$WORK\\b358\\_pkg_.a" -trimpath "$WORK\\b358=>" -p github.com/mewkiz/pkg/term -lang=go1.12 -complete -buildid CIvk4pUk1Z8Yikl3InFA/CIvk4pUk1Z8Yikl3InFA -goversion go1.27.0 -c=7 -nolocalimports -importcfg "$WORK\\b358\\importcfg" -pack "C:\\Users\\sanya\\go\\pkg\\mod\\github.com\\mewkiz\\pkg@v0.0.0-20230226050401-4010bf0fec14\\term\\color.go" "C:\\Users\\sanya\\go\\pkg\\mod\\github.com\\mewkiz\\pkg@v0.0.0-20230226050401-4010bf0fec14\\term\\doc.go"
cp "$WORK\\b354\\_pkg_.a" "C:\\Users\\sanya\\AppData\\Local\\go-build\\1a\\1af11031e9547ccf023fc108da161595c8ed8f3c1d39388e6e07ce447670190e-d" # internal
mkdir -p $WORK\b359\
cp "$WORK\\b308\\_pkg_.a" "C:\\Users\\sanya\\AppData\\Local\\go-build\\f0\\f056f06f224e9309db489ad0e776add08288c4ed37d2ae11fb01b8f720c98368-d" # internal
mkdir -p $WORK\b360\
github.com/mewkiz/flac/internal/bufseekio
github.com/mewkiz/flac/meta
cat >C:\Users\sanya\AppData\Local\Temp\go-build1247343387\b359\importcfg << 'EOF' # internal
# import config
packagefile errors=C:\Users\sanya\AppData\Local\Temp\go-build1247343387\b003\_pkg_.a
packagefile io=C:\Users\sanya\AppData\Local\Temp\go-build1247343387\b048\_pkg_.a
EOF
"C:\\msys64\\mingw64\\lib\\go\\pkg\\tool\\windows_amd64\\compile.exe" -o "$WORK\\b359\\_pkg_.a" -trimpath "$WORK\\b359=>" -p github.com/mewkiz/flac/internal/bufseekio -lang=go1.14 -complete -buildid 9APsNavN3XaQJieD3XCM/9APsNavN3XaQJieD3XCM -goversion go1.27.0 -c=6 -nolocalimports -importcfg "$WORK\\b359\\importcfg" -pack "C:\\Users\\sanya\\go\\pkg\\mod\\github.com\\mewkiz\\flac@v1.0.12\\internal\\bufseekio\\readseeker.go"
cat >C:\Users\sanya\AppData\Local\Temp\go-build1247343387\b360\importcfg << 'EOF' # internal
# import config
packagefile crypto/md5=C:\Users\sanya\AppData\Local\Temp\go-build1247343387\b153\_pkg_.a
packagefile encoding/binary=C:\Users\sanya\AppData\Local\Temp\go-build1247343387\b077\_pkg_.a
packagefile errors=C:\Users\sanya\AppData\Local\Temp\go-build1247343387\b003\_pkg_.a
packagefile fmt=C:\Users\sanya\AppData\Local\Temp\go-build1247343387\b002\_pkg_.a
packagefile github.com/mewkiz/flac/internal/bits=C:\Users\sanya\AppData\Local\Temp\go-build1247343387\b351\_pkg_.a
packagefile io=C:\Users\sanya\AppData\Local\Temp\go-build1247343387\b048\_pkg_.a
packagefile io/ioutil=C:\Users\sanya\AppData\Local\Temp\go-build1247343387\b290\_pkg_.a
packagefile strings=C:\Users\sanya\AppData\Local\Temp\go-build1247343387\b070\_pkg_.a
EOF
"C:\\msys64\\mingw64\\lib\\go\\pkg\\tool\\windows_amd64\\compile.exe" -o "$WORK\\b360\\_pkg_.a" -trimpath "$WORK\\b360=>" -p github.com/mewkiz/flac/meta -lang=go1.14 -complete -buildid MYI5bx2pa8TaPit1QrNZ/MYI5bx2pa8TaPit1QrNZ -goversion go1.27.0 -c=5 -nolocalimports -importcfg "$WORK\\b360\\importcfg" -pack "C:\\Users\\sanya\\go\\pkg\\mod\\github.com\\mewkiz\\flac@v1.0.12\\meta\\application.go" "C:\\Users\\sanya\\go\\pkg\\mod\\github.com\\mewkiz\\flac@v1.0.12\\meta\\cuesheet.go" "C:\\Users\\sanya\\go\\pkg\\mod\\github.com\\mewkiz\\flac@v1.0.12\\meta\\meta.go" "C:\\Users\\sanya\\go\\pkg\\mod\\github.com\\mewkiz\\flac@v1.0.12\\meta\\padding.go" "C:\\Users\\sanya\\go\\pkg\\mod\\github.com\\mewkiz\\flac@v1.0.12\\meta\\picture.go" "C:\\Users\\sanya\\go\\pkg\\mod\\github.com\\mewkiz\\flac@v1.0.12\\meta\\reader.go" "C:\\Users\\sanya\\go\\pkg\\mod\\github.com\\mewkiz\\flac@v1.0.12\\meta\\seektable.go" "C:\\Users\\sanya\\go\\pkg\\mod\\github.com\\mewkiz\\flac@v1.0.12\\meta\\streaminfo.go" "C:\\Users\\sanya\\go\\pkg\\mod\\github.com\\mewkiz\\flac@v1.0.12\\meta\\vorbiscomment.go"
cp "$WORK\\b353\\_pkg_.a" "C:\\Users\\sanya\\AppData\\Local\\go-build\\d8\\d8327e34e92302dab46aac7feddcf0c6424578f034c2cf4b48f6a89297e32a98-d" # internal
mkdir -p $WORK\b363\
github.com/hajimehoshi/go-mp3/internal/consts
cat >C:\Users\sanya\AppData\Local\Temp\go-build1247343387\b363\importcfg << 'EOF' # internal
# import config
packagefile fmt=C:\Users\sanya\AppData\Local\Temp\go-build1247343387\b002\_pkg_.a
EOF
"C:\\msys64\\mingw64\\lib\\go\\pkg\\tool\\windows_amd64\\compile.exe" -o "$WORK\\b363\\_pkg_.a" -trimpath "$WORK\\b363=>" -p github.com/hajimehoshi/go-mp3/internal/consts -lang=go1.14 -complete -buildid JvKK45Xv0pbG6LwSg-Hm/JvKK45Xv0pbG6LwSg-Hm -goversion go1.27.0 -c=4 -nolocalimports -importcfg "$WORK\\b363\\importcfg" -pack "C:\\Users\\sanya\\go\\pkg\\mod\\github.com\\hajimehoshi\\go-mp3@v0.3.4\\internal\\consts\\consts.go"
cp C:\msys64\mingw64\lib\go\src\runtime\cgo\abi_amd64.h $WORK\b322\abi_GOARCH.h
cd C:\msys64\mingw64\lib\go\src\runtime\cgo
"C:\\msys64\\mingw64\\lib\\go\\pkg\\tool\\windows_amd64\\asm.exe" -p runtime/cgo -trimpath "$WORK\\b322=>" -I "$WORK\\b322\\" -I "C:\\msys64\\mingw64\\lib\\go\\pkg\\include" -D GOOS_windows -D GOARCH_amd64 -std -D GOAMD64_v1 -o "$WORK\\b322\\asm_amd64.o" "C:\\msys64\\mingw64\\lib\\go\\src\\runtime\\cgo\\asm_amd64.s"
go tool buildid -w "$WORK\\b325\\_pkg_.a" # internal
go tool buildid -w "$WORK\\b359\\_pkg_.a" # internal
go tool buildid -w "$WORK\\b358\\_pkg_.a" # internal
cp "$WORK\\b358\\_pkg_.a" "C:\\Users\\sanya\\AppData\\Local\\go-build\\61\\6178de24c8ff77d6d8e709bf56f6a1e4c5781132b5f45bbcb4732e7fd3e531a2-d" # internal
mkdir -p $WORK\b357\
github.com/mewkiz/pkg/errutil
cp "$WORK\\b359\\_pkg_.a" "C:\\Users\\sanya\\AppData\\Local\\go-build\\0b\\0b0cdb7e19a7b682151311a534466327abec1a8fbe8631870ddc2536d70de4ef-d" # internal
cat >C:\Users\sanya\AppData\Local\Temp\go-build1247343387\b357\importcfg << 'EOF' # internal
# import config
packagefile errors=C:\Users\sanya\AppData\Local\Temp\go-build1247343387\b003\_pkg_.a
packagefile fmt=C:\Users\sanya\AppData\Local\Temp\go-build1247343387\b002\_pkg_.a
packagefile github.com/mewkiz/pkg/term=C:\Users\sanya\AppData\Local\Temp\go-build1247343387\b358\_pkg_.a
packagefile path=C:\Users\sanya\AppData\Local\Temp\go-build1247343387\b058\_pkg_.a
packagefile runtime=C:\Users\sanya\AppData\Local\Temp\go-build1247343387\b009\_pkg_.a
EOF
mkdir -p $WORK\b369\
cp "$WORK\\b325\\_pkg_.a" "C:\\Users\\sanya\\AppData\\Local\\go-build\\22\\2221595bcc1fa6623134f780bc60a8f91dff169d13d9b767b9551c504ce48fcf-d" # internal
mkdir -p $WORK\b324\
go tool buildid -w "$WORK\\b363\\_pkg_.a" # internal
cd C:\Users\sanya\Desktop\Dzvinock
"C:\\msys64\\mingw64\\lib\\go\\pkg\\tool\\windows_amd64\\compile.exe" -o "$WORK\\b357\\_pkg_.a" -trimpath "$WORK\\b357=>" -p github.com/mewkiz/pkg/errutil -lang=go1.12 -complete -buildid TbaagCuyu-CPjQQUgPiY/TbaagCuyu-CPjQQUgPiY -goversion go1.27.0 -c=8 -nolocalimports -importcfg "$WORK\\b357\\importcfg" -pack "C:\\Users\\sanya\\go\\pkg\\mod\\github.com\\mewkiz\\pkg@v0.0.0-20230226050401-4010bf0fec14\\errutil\\err.go"
github.com/hajimehoshi/go-mp3/internal/huffman
fyne.io/systray
cat >C:\Users\sanya\AppData\Local\Temp\go-build1247343387\b369\importcfg << 'EOF' # internal
# import config
packagefile fmt=C:\Users\sanya\AppData\Local\Temp\go-build1247343387\b002\_pkg_.a
packagefile github.com/hajimehoshi/go-mp3/internal/bits=C:\Users\sanya\AppData\Local\Temp\go-build1247343387\b365\_pkg_.a
EOF
cat >C:\Users\sanya\AppData\Local\Temp\go-build1247343387\b324\importcfg << 'EOF' # internal
# import config
packagefile crypto/md5=C:\Users\sanya\AppData\Local\Temp\go-build1247343387\b153\_pkg_.a
packagefile encoding/hex=C:\Users\sanya\AppData\Local\Temp\go-build1247343387\b164\_pkg_.a
packagefile errors=C:\Users\sanya\AppData\Local\Temp\go-build1247343387\b003\_pkg_.a
packagefile fmt=C:\Users\sanya\AppData\Local\Temp\go-build1247343387\b002\_pkg_.a
packagefile fyne.io/systray/internal/generated/notifier=C:\Users\sanya\AppData\Local\Temp\go-build1247343387\b325\_pkg_.a
packagefile github.com/godbus/dbus/v5=C:\Users\sanya\AppData\Local\Temp\go-build1247343387\b326\_pkg_.a
packagefile golang.org/x/sys/windows=C:\Users\sanya\AppData\Local\Temp\go-build1247343387\b213\_pkg_.a
packagefile io/ioutil=C:\Users\sanya\AppData\Local\Temp\go-build1247343387\b290\_pkg_.a
packagefile log=C:\Users\sanya\AppData\Local\Temp\go-build1247343387\b072\_pkg_.a
packagefile os=C:\Users\sanya\AppData\Local\Temp\go-build1247343387\b049\_pkg_.a
packagefile path/filepath=C:\Users\sanya\AppData\Local\Temp\go-build1247343387\b175\_pkg_.a
packagefile runtime=C:\Users\sanya\AppData\Local\Temp\go-build1247343387\b009\_pkg_.a
packagefile sort=C:\Users\sanya\AppData\Local\Temp\go-build1247343387\b176\_pkg_.a
packagefile sync=C:\Users\sanya\AppData\Local\Temp\go-build1247343387\b042\_pkg_.a
packagefile sync/atomic=C:\Users\sanya\AppData\Local\Temp\go-build1247343387\b044\_pkg_.a
packagefile syscall=C:\Users\sanya\AppData\Local\Temp\go-build1247343387\b055\_pkg_.a
EOF
"C:\\msys64\\mingw64\\lib\\go\\pkg\\tool\\windows_amd64\\compile.exe" -o "$WORK\\b369\\_pkg_.a" -trimpath "$WORK\\b369=>" -p github.com/hajimehoshi/go-mp3/internal/huffman -lang=go1.14 -complete -buildid Hg8m9r7URuc11i08TTHn/Hg8m9r7URuc11i08TTHn -goversion go1.27.0 -c=6 -nolocalimports -importcfg "$WORK\\b369\\importcfg" -pack "C:\\Users\\sanya\\go\\pkg\\mod\\github.com\\hajimehoshi\\go-mp3@v0.3.4\\internal\\huffman\\huffman.go"
"C:\\msys64\\mingw64\\lib\\go\\pkg\\tool\\windows_amd64\\compile.exe" -o "$WORK\\b324\\_pkg_.a" -trimpath "$WORK\\b324=>" -p fyne.io/systray -lang=go1.19 -complete -buildid BhwZBLE-tC23_d8viVCZ/BhwZBLE-tC23_d8viVCZ -goversion go1.27.0 -c=5 -nolocalimports -importcfg "$WORK\\b324\\importcfg" -pack "C:\\Users\\sanya\\go\\pkg\\mod\\fyne.io\\systray@v1.12.2\\systray.go" "C:\\Users\\sanya\\go\\pkg\\mod\\fyne.io\\systray@v1.12.2\\systray_notifier_unix.go" "C:\\Users\\sanya\\go\\pkg\\mod\\fyne.io\\systray@v1.12.2\\systray_windows.go"
go tool buildid -w "$WORK\\b285\\_pkg_.a" # internal
cd C:\msys64\mingw64\lib\go\src\runtime\cgo
go tool pack r "$WORK\\b322\\_pkg_.a" "$WORK\\b322\\asm_amd64.o" "$WORK\\b322\\_x001.o" "$WORK\\b322\\_x002.o" "$WORK\\b322\\_x003.o" "$WORK\\b322\\_x004.o" "$WORK\\b322\\_x005.o" "$WORK\\b322\\_x006.o" # internal
go tool buildid -w "$WORK\\b360\\_pkg_.a" # internal
cp "$WORK\\b363\\_pkg_.a" "C:\\Users\\sanya\\AppData\\Local\\go-build\\b3\\b339b38b121b307a0e47e6d8ac04482a778b04452449e27a9726bb2ad51eb826-d" # internal
mkdir -p $WORK\b366\
github.com/hajimehoshi/go-mp3/internal/frameheader
cat >C:\Users\sanya\AppData\Local\Temp\go-build1247343387\b366\importcfg << 'EOF' # internal
# import config
packagefile errors=C:\Users\sanya\AppData\Local\Temp\go-build1247343387\b003\_pkg_.a
packagefile fmt=C:\Users\sanya\AppData\Local\Temp\go-build1247343387\b002\_pkg_.a
packagefile github.com/hajimehoshi/go-mp3/internal/consts=C:\Users\sanya\AppData\Local\Temp\go-build1247343387\b363\_pkg_.a
packagefile io=C:\Users\sanya\AppData\Local\Temp\go-build1247343387\b048\_pkg_.a
EOF
go tool buildid -w "$WORK\\b322\\_pkg_.a" # internal
cd C:\Users\sanya\Desktop\Dzvinock
"C:\\msys64\\mingw64\\lib\\go\\pkg\\tool\\windows_amd64\\compile.exe" -o "$WORK\\b366\\_pkg_.a" -trimpath "$WORK\\b366=>" -p github.com/hajimehoshi/go-mp3/internal/frameheader -lang=go1.14 -complete -buildid FiXOopcxiTwy2AB7ZDvz/FiXOopcxiTwy2AB7ZDvz -goversion go1.27.0 -c=5 -nolocalimports -importcfg "$WORK\\b366\\importcfg" -pack "C:\\Users\\sanya\\go\\pkg\\mod\\github.com\\hajimehoshi\\go-mp3@v0.3.4\\internal\\frameheader\\frameheader.go"
cp "$WORK\\b360\\_pkg_.a" "C:\\Users\\sanya\\AppData\\Local\\go-build\\91\\91faf2a8bfdcdd2f09b88e768062c24e13466726794b9998e57e925606523944-d" # internal
mkdir -p $WORK\b373\
github.com/ebitengine/oto/v3/internal/mux
cat >C:\Users\sanya\AppData\Local\Temp\go-build1247343387\b373\importcfg << 'EOF' # internal
# import config
packagefile errors=C:\Users\sanya\AppData\Local\Temp\go-build1247343387\b003\_pkg_.a
packagefile fmt=C:\Users\sanya\AppData\Local\Temp\go-build1247343387\b002\_pkg_.a
packagefile io=C:\Users\sanya\AppData\Local\Temp\go-build1247343387\b048\_pkg_.a
packagefile math=C:\Users\sanya\AppData\Local\Temp\go-build1247343387\b039\_pkg_.a
packagefile runtime=C:\Users\sanya\AppData\Local\Temp\go-build1247343387\b009\_pkg_.a
packagefile sync=C:\Users\sanya\AppData\Local\Temp\go-build1247343387\b042\_pkg_.a
packagefile time=C:\Users\sanya\AppData\Local\Temp\go-build1247343387\b059\_pkg_.a
EOF
"C:\\msys64\\mingw64\\lib\\go\\pkg\\tool\\windows_amd64\\compile.exe" -o "$WORK\\b373\\_pkg_.a" -trimpath "$WORK\\b373=>" -p github.com/ebitengine/oto/v3/internal/mux -lang=go1.18 -complete -buildid yxiRMFM46jiBsEMXI8Un/yxiRMFM46jiBsEMXI8Un -goversion go1.27.0 -c=5 -nolocalimports -importcfg "$WORK\\b373\\importcfg" -pack "C:\\Users\\sanya\\go\\pkg\\mod\\github.com\\ebitengine\\oto\\v3@v3.3.2\\internal\\mux\\mux.go"
cp "$WORK\\b285\\_pkg_.a" "C:\\Users\\sanya\\AppData\\Local\\go-build\\1a\\1a8c01aebe3230a87ebe54a6e46eba5d307fdcf220e45c077f9ab970943e5bcf-d" # internal
mkdir -p $WORK\b284\
github.com/go-text/typesetting/di
cat >C:\Users\sanya\AppData\Local\Temp\go-build1247343387\b284\importcfg << 'EOF' # internal
# import config
packagefile github.com/go-text/typesetting/harfbuzz=C:\Users\sanya\AppData\Local\Temp\go-build1247343387\b285\_pkg_.a
EOF
"C:\\msys64\\mingw64\\lib\\go\\pkg\\tool\\windows_amd64\\compile.exe" -o "$WORK\\b284\\_pkg_.a" -trimpath "$WORK\\b284=>" -p github.com/go-text/typesetting/di -lang=go1.19 -complete -buildid mbPmZryCWA2z1N8Fw45Q/mbPmZryCWA2z1N8Fw45Q -goversion go1.27.0 -c=4 -nolocalimports -importcfg "$WORK\\b284\\importcfg" -pack "C:\\Users\\sanya\\go\\pkg\\mod\\github.com\\go-text\\typesetting@v0.3.4\\di\\direction.go"
go tool buildid -w "$WORK\\b357\\_pkg_.a" # internal
cp "$WORK\\b322\\_pkg_.a" "C:\\Users\\sanya\\AppData\\Local\\go-build\\b4\\b4f4e1ddcb4eb55c59308b08d5273989e74400442f060dfd47f7fd5926aded7e-d" # internal
go tool buildid -w "$WORK\\b369\\_pkg_.a" # internal
cp "$WORK\\b357\\_pkg_.a" "C:\\Users\\sanya\\AppData\\Local\\go-build\\04\\04fed5f19f47f18bf4d58fe2ba163d35ee6c0a2619e604bb89c676b5d5a6cceb-d" # internal
mkdir -p $WORK\b331\
cd C:\Users\sanya\go\pkg\mod\github.com\go-gl\glfw\v3.4\glfw@v0.1.0-pre.1.0.20260707082822-2a407d02d01a
TERM='dumb' CGO_LDFLAGS='' "C:\\msys64\\mingw64\\lib\\go\\pkg\\tool\\windows_amd64\\cgo.exe" -objdir "$WORK\\b331\\" -importpath github.com/go-gl/glfw/v3.4/glfw "-ldflags=\"-O2\" \"-g\" \"-lgdi32\" \"-lopengl32\"" -- -I "$WORK\\b331\\" -O2 -g "-IC:\\Users\\sanya\\go\\pkg\\mod\\github.com\\go-gl\\glfw\\v3.4\\glfw@v0.1.0-pre.1.0.20260707082822-2a407d02d01a\\glfw\\include" -D_GNU_SOURCE -D_GLFW_WIN32 "-IC:\\Users\\sanya\\go\\pkg\\mod\\github.com\\go-gl\\glfw\\v3.4\\glfw@v0.1.0-pre.1.0.20260707082822-2a407d02d01a\\glfw\\deps\\mingw" "C:\\Users\\sanya\\go\\pkg\\mod\\github.com\\go-gl\\glfw\\v3.4\\glfw@v0.1.0-pre.1.0.20260707082822-2a407d02d01a\\build.go" "C:\\Users\\sanya\\go\\pkg\\mod\\github.com\\go-gl\\glfw\\v3.4\\glfw@v0.1.0-pre.1.0.20260707082822-2a407d02d01a\\c_glfw.go" "C:\\Users\\sanya\\go\\pkg\\mod\\github.com\\go-gl\\glfw\\v3.4\\glfw@v0.1.0-pre.1.0.20260707082822-2a407d02d01a\\c_glfw_windows.go" "C:\\Users\\sanya\\go\\pkg\\mod\\github.com\\go-gl\\glfw\\v3.4\\glfw@v0.1.0-pre.1.0.20260707082822-2a407d02d01a\\context.go" "C:\\Users\\sanya\\go\\pkg\\mod\\github.com\\go-gl\\glfw\\v3.4\\glfw@v0.1.0-pre.1.0.20260707082822-2a407d02d01a\\error.go" "C:\\Users\\sanya\\go\\pkg\\mod\\github.com\\go-gl\\glfw\\v3.4\\glfw@v0.1.0-pre.1.0.20260707082822-2a407d02d01a\\glfw.go" "C:\\Users\\sanya\\go\\pkg\\mod\\github.com\\go-gl\\glfw\\v3.4\\glfw@v0.1.0-pre.1.0.20260707082822-2a407d02d01a\\input.go" "C:\\Users\\sanya\\go\\pkg\\mod\\github.com\\go-gl\\glfw\\v3.4\\glfw@v0.1.0-pre.1.0.20260707082822-2a407d02d01a\\monitor.go" "C:\\Users\\sanya\\go\\pkg\\mod\\github.com\\go-gl\\glfw\\v3.4\\glfw@v0.1.0-pre.1.0.20260707082822-2a407d02d01a\\native_windows.go" "C:\\Users\\sanya\\go\\pkg\\mod\\github.com\\go-gl\\glfw\\v3.4\\glfw@v0.1.0-pre.1.0.20260707082822-2a407d02d01a\\time.go" "C:\\Users\\sanya\\go\\pkg\\mod\\github.com\\go-gl\\glfw\\v3.4\\glfw@v0.1.0-pre.1.0.20260707082822-2a407d02d01a\\util.go" "C:\\Users\\sanya\\go\\pkg\\mod\\github.com\\go-gl\\glfw\\v3.4\\glfw@v0.1.0-pre.1.0.20260707082822-2a407d02d01a\\vulkan.go" "C:\\Users\\sanya\\go\\pkg\\mod\\github.com\\go-gl\\glfw\\v3.4\\glfw@v0.1.0-pre.1.0.20260707082822-2a407d02d01a\\window.go"
go tool buildid -w "$WORK\\b284\\_pkg_.a" # internal
cp "$WORK\\b369\\_pkg_.a" "C:\\Users\\sanya\\AppData\\Local\\go-build\\50\\501075c40aa614265369c2f4327ed5a09299331316460524e4591db4e28f0b58-d" # internal
mkdir -p $WORK\b355\
github.com/mewkiz/flac/internal/utf8
cat >C:\Users\sanya\AppData\Local\Temp\go-build1247343387\b355\importcfg << 'EOF' # internal
# import config
packagefile errors=C:\Users\sanya\AppData\Local\Temp\go-build1247343387\b003\_pkg_.a
packagefile fmt=C:\Users\sanya\AppData\Local\Temp\go-build1247343387\b002\_pkg_.a
packagefile github.com/mewkiz/flac/internal/ioutilx=C:\Users\sanya\AppData\Local\Temp\go-build1247343387\b356\_pkg_.a
packagefile github.com/mewkiz/pkg/errutil=C:\Users\sanya\AppData\Local\Temp\go-build1247343387\b357\_pkg_.a
packagefile io=C:\Users\sanya\AppData\Local\Temp\go-build1247343387\b048\_pkg_.a
EOF
cd C:\Users\sanya\Desktop\Dzvinock
"C:\\msys64\\mingw64\\lib\\go\\pkg\\tool\\windows_amd64\\compile.exe" -o "$WORK\\b355\\_pkg_.a" -trimpath "$WORK\\b355=>" -p github.com/mewkiz/flac/internal/utf8 -lang=go1.14 -complete -buildid betWn1xv1mDcMDe6ub4L/betWn1xv1mDcMDe6ub4L -goversion go1.27.0 -c=7 -nolocalimports -importcfg "$WORK\\b355\\importcfg" -pack "C:\\Users\\sanya\\go\\pkg\\mod\\github.com\\mewkiz\\flac@v1.0.12\\internal\\utf8\\decode.go" "C:\\Users\\sanya\\go\\pkg\\mod\\github.com\\mewkiz\\flac@v1.0.12\\internal\\utf8\\encode.go"
cp "$WORK\\b284\\_pkg_.a" "C:\\Users\\sanya\\AppData\\Local\\go-build\\a8\\a846ad71fbec1145a37be68d21285fdd7b36dfb5c72ee10d2678eb9859e3a4b4-d" # internal
mkdir -p $WORK\b283\
github.com/go-text/typesetting/shaping
cat >C:\Users\sanya\AppData\Local\Temp\go-build1247343387\b283\importcfg << 'EOF' # internal
# import config
packagefile github.com/go-text/typesetting/di=C:\Users\sanya\AppData\Local\Temp\go-build1247343387\b284\_pkg_.a
packagefile github.com/go-text/typesetting/font=C:\Users\sanya\AppData\Local\Temp\go-build1247343387\b274\_pkg_.a
packagefile github.com/go-text/typesetting/font/opentype=C:\Users\sanya\AppData\Local\Temp\go-build1247343387\b277\_pkg_.a
packagefile github.com/go-text/typesetting/harfbuzz=C:\Users\sanya\AppData\Local\Temp\go-build1247343387\b285\_pkg_.a
packagefile github.com/go-text/typesetting/internal/unicodedata=C:\Users\sanya\AppData\Local\Temp\go-build1247343387\b286\_pkg_.a
packagefile github.com/go-text/typesetting/language=C:\Users\sanya\AppData\Local\Temp\go-build1247343387\b279\_pkg_.a
packagefile github.com/go-text/typesetting/segmenter=C:\Users\sanya\AppData\Local\Temp\go-build1247343387\b287\_pkg_.a
packagefile golang.org/x/image/math/fixed=C:\Users\sanya\AppData\Local\Temp\go-build1247343387\b226\_pkg_.a
packagefile golang.org/x/text/unicode/bidi=C:\Users\sanya\AppData\Local\Temp\go-build1247343387\b288\_pkg_.a
packagefile math=C:\Users\sanya\AppData\Local\Temp\go-build1247343387\b039\_pkg_.a
packagefile sort=C:\Users\sanya\AppData\Local\Temp\go-build1247343387\b176\_pkg_.a
EOF
"C:\\msys64\\mingw64\\lib\\go\\pkg\\tool\\windows_amd64\\compile.exe" -o "$WORK\\b283\\_pkg_.a" -trimpath "$WORK\\b283=>" -p github.com/go-text/typesetting/shaping -lang=go1.19 -complete -buildid H32FZLP7xn8Z_5csIJaC/H32FZLP7xn8Z_5csIJaC -goversion go1.27.0 -c=6 -nolocalimports -importcfg "$WORK\\b283\\importcfg" -pack "C:\\Users\\sanya\\go\\pkg\\mod\\github.com\\go-text\\typesetting@v0.3.4\\shaping\\input.go" "C:\\Users\\sanya\\go\\pkg\\mod\\github.com\\go-text\\typesetting@v0.3.4\\shaping\\lru.go" "C:\\Users\\sanya\\go\\pkg\\mod\\github.com\\go-text\\typesetting@v0.3.4\\shaping\\output.go" "C:\\Users\\sanya\\go\\pkg\\mod\\github.com\\go-text\\typesetting@v0.3.4\\shaping\\paired_delims_table.go" "C:\\Users\\sanya\\go\\pkg\\mod\\github.com\\go-text\\typesetting@v0.3.4\\shaping\\shaping.go" "C:\\Users\\sanya\\go\\pkg\\mod\\github.com\\go-text\\typesetting@v0.3.4\\shaping\\spacing.go" "C:\\Users\\sanya\\go\\pkg\\mod\\github.com\\go-text\\typesetting@v0.3.4\\shaping\\wrapping.go"
mkdir -p $WORK\b321\
cd C:\Users\sanya\go\pkg\mod\github.com\go-gl\gl@v0.0.0-20260331235117-4566fea9a276\v2.1\gl
TERM='dumb' CGO_LDFLAGS='' "C:\\msys64\\mingw64\\lib\\go\\pkg\\tool\\windows_amd64\\cgo.exe" -objdir "$WORK\\b321\\" -importpath github.com/go-gl/gl/v2.1/gl "-ldflags=\"-O2\" \"-g\" \"-lopengl32\" \"-lopengl32\"" -- -I "$WORK\\b321\\" -O2 -g -DTAG_WINDOWS "C:\\Users\\sanya\\go\\pkg\\mod\\github.com\\go-gl\\gl@v0.0.0-20260331235117-4566fea9a276\\v2.1\\gl\\conversions.go" "C:\\Users\\sanya\\go\\pkg\\mod\\github.com\\go-gl\\gl@v0.0.0-20260331235117-4566fea9a276\\v2.1\\gl\\debug.go" "C:\\Users\\sanya\\go\\pkg\\mod\\github.com\\go-gl\\gl@v0.0.0-20260331235117-4566fea9a276\\v2.1\\gl\\package.go" "C:\\Users\\sanya\\go\\pkg\\mod\\github.com\\go-gl\\gl@v0.0.0-20260331235117-4566fea9a276\\v2.1\\gl\\procaddr.go"
go tool buildid -w "$WORK\\b373\\_pkg_.a" # internal
go tool buildid -w "$WORK\\b355\\_pkg_.a" # internal
cp "$WORK\\b373\\_pkg_.a" "C:\\Users\\sanya\\AppData\\Local\\go-build\\1a\\1aeb73a2835cd9fdbef76246582ed29c2cc3976ad7d0dfe09bc67373e13e7586-d" # internal
mkdir -p $WORK\b372\
github.com/ebitengine/oto/v3
cat >C:\Users\sanya\AppData\Local\Temp\go-build1247343387\b372\importcfg << 'EOF' # internal
# import config
packagefile errors=C:\Users\sanya\AppData\Local\Temp\go-build1247343387\b003\_pkg_.a
packagefile fmt=C:\Users\sanya\AppData\Local\Temp\go-build1247343387\b002\_pkg_.a
packagefile github.com/ebitengine/oto/v3/internal/mux=C:\Users\sanya\AppData\Local\Temp\go-build1247343387\b373\_pkg_.a
packagefile golang.org/x/sys/windows=C:\Users\sanya\AppData\Local\Temp\go-build1247343387\b213\_pkg_.a
packagefile io=C:\Users\sanya\AppData\Local\Temp\go-build1247343387\b048\_pkg_.a
packagefile runtime=C:\Users\sanya\AppData\Local\Temp\go-build1247343387\b009\_pkg_.a
packagefile sync=C:\Users\sanya\AppData\Local\Temp\go-build1247343387\b042\_pkg_.a
packagefile syscall=C:\Users\sanya\AppData\Local\Temp\go-build1247343387\b055\_pkg_.a
packagefile time=C:\Users\sanya\AppData\Local\Temp\go-build1247343387\b059\_pkg_.a
EOF
cd C:\Users\sanya\Desktop\Dzvinock
"C:\\msys64\\mingw64\\lib\\go\\pkg\\tool\\windows_amd64\\compile.exe" -o "$WORK\\b372\\_pkg_.a" -trimpath "$WORK\\b372=>" -p github.com/ebitengine/oto/v3 -lang=go1.18 -complete -buildid reL8n8yghISrtpRV-kO5/reL8n8yghISrtpRV-kO5 -goversion go1.27.0 -c=7 -nolocalimports -importcfg "$WORK\\b372\\importcfg" -pack "C:\\Users\\sanya\\go\\pkg\\mod\\github.com\\ebitengine\\oto\\v3@v3.3.2\\api_wasapi_windows.go" "C:\\Users\\sanya\\go\\pkg\\mod\\github.com\\ebitengine\\oto\\v3@v3.3.2\\api_winmm_windows.go" "C:\\Users\\sanya\\go\\pkg\\mod\\github.com\\ebitengine\\oto\\v3@v3.3.2\\context.go" "C:\\Users\\sanya\\go\\pkg\\mod\\github.com\\ebitengine\\oto\\v3@v3.3.2\\driver_wasapi_windows.go" "C:\\Users\\sanya\\go\\pkg\\mod\\github.com\\ebitengine\\oto\\v3@v3.3.2\\driver_windows.go" "C:\\Users\\sanya\\go\\pkg\\mod\\github.com\\ebitengine\\oto\\v3@v3.3.2\\driver_winmm_windows.go" "C:\\Users\\sanya\\go\\pkg\\mod\\github.com\\ebitengine\\oto\\v3@v3.3.2\\player.go"
go tool buildid -w "$WORK\\b366\\_pkg_.a" # internal
cp "$WORK\\b366\\_pkg_.a" "C:\\Users\\sanya\\AppData\\Local\\go-build\\1b\\1bb767f252af05485ad19ad0aab3e9117c49bbeeefa47c7d303df1057361824d-d" # internal
mkdir -p $WORK\b370\
github.com/hajimehoshi/go-mp3/internal/sideinfo
cp "$WORK\\b355\\_pkg_.a" "C:\\Users\\sanya\\AppData\\Local\\go-build\\95\\95927bff586c1d435ee1a54f649e79fab2ef34b5e7105839ec3e8559cca7490c-d" # internal
mkdir -p $WORK\b350\
cat >C:\Users\sanya\AppData\Local\Temp\go-build1247343387\b370\importcfg << 'EOF' # internal
# import config
packagefile fmt=C:\Users\sanya\AppData\Local\Temp\go-build1247343387\b002\_pkg_.a
packagefile github.com/hajimehoshi/go-mp3/internal/bits=C:\Users\sanya\AppData\Local\Temp\go-build1247343387\b365\_pkg_.a
packagefile github.com/hajimehoshi/go-mp3/internal/consts=C:\Users\sanya\AppData\Local\Temp\go-build1247343387\b363\_pkg_.a
packagefile github.com/hajimehoshi/go-mp3/internal/frameheader=C:\Users\sanya\AppData\Local\Temp\go-build1247343387\b366\_pkg_.a
packagefile io=C:\Users\sanya\AppData\Local\Temp\go-build1247343387\b048\_pkg_.a
EOF
"C:\\msys64\\mingw64\\lib\\go\\pkg\\tool\\windows_amd64\\compile.exe" -o "$WORK\\b370\\_pkg_.a" -trimpath "$WORK\\b370=>" -p github.com/hajimehoshi/go-mp3/internal/sideinfo -lang=go1.14 -complete -buildid AXTftwDeyUZcc8htEEHn/AXTftwDeyUZcc8htEEHn -goversion go1.27.0 -c=6 -nolocalimports -importcfg "$WORK\\b370\\importcfg" -pack "C:\\Users\\sanya\\go\\pkg\\mod\\github.com\\hajimehoshi\\go-mp3@v0.3.4\\internal\\sideinfo\\sideinfo.go"
github.com/mewkiz/flac/frame
cat >C:\Users\sanya\AppData\Local\Temp\go-build1247343387\b350\importcfg << 'EOF' # internal
# import config
packagefile encoding/binary=C:\Users\sanya\AppData\Local\Temp\go-build1247343387\b077\_pkg_.a
packagefile errors=C:\Users\sanya\AppData\Local\Temp\go-build1247343387\b003\_pkg_.a
packagefile fmt=C:\Users\sanya\AppData\Local\Temp\go-build1247343387\b002\_pkg_.a
packagefile github.com/mewkiz/flac/internal/bits=C:\Users\sanya\AppData\Local\Temp\go-build1247343387\b351\_pkg_.a
packagefile github.com/mewkiz/flac/internal/hashutil=C:\Users\sanya\AppData\Local\Temp\go-build1247343387\b352\_pkg_.a
packagefile github.com/mewkiz/flac/internal/hashutil/crc16=C:\Users\sanya\AppData\Local\Temp\go-build1247343387\b353\_pkg_.a
packagefile github.com/mewkiz/flac/internal/hashutil/crc8=C:\Users\sanya\AppData\Local\Temp\go-build1247343387\b354\_pkg_.a
packagefile github.com/mewkiz/flac/internal/utf8=C:\Users\sanya\AppData\Local\Temp\go-build1247343387\b355\_pkg_.a
packagefile hash=C:\Users\sanya\AppData\Local\Temp\go-build1247343387\b079\_pkg_.a
packagefile io=C:\Users\sanya\AppData\Local\Temp\go-build1247343387\b048\_pkg_.a
packagefile log=C:\Users\sanya\AppData\Local\Temp\go-build1247343387\b072\_pkg_.a
EOF
"C:\\msys64\\mingw64\\lib\\go\\pkg\\tool\\windows_amd64\\compile.exe" -o "$WORK\\b350\\_pkg_.a" -trimpath "$WORK\\b350=>" -p github.com/mewkiz/flac/frame -lang=go1.14 -complete -buildid I7_LNJkFEQbDhvMURDJd/I7_LNJkFEQbDhvMURDJd -goversion go1.27.0 -c=5 -nolocalimports -importcfg "$WORK\\b350\\importcfg" -pack "C:\\Users\\sanya\\go\\pkg\\mod\\github.com\\mewkiz\\flac@v1.0.12\\frame\\frame.go" "C:\\Users\\sanya\\go\\pkg\\mod\\github.com\\mewkiz\\flac@v1.0.12\\frame\\subframe.go"
go tool buildid -w "$WORK\\b283\\_pkg_.a" # internal
go tool buildid -w "$WORK\\b324\\_pkg_.a" # internal
cp "$WORK\\b283\\_pkg_.a" "C:\\Users\\sanya\\AppData\\Local\\go-build\\16\\16519770992a35226c5678ae37a3f4d49aa92f3b9cdc76c8def884a9451bbdbc-d" # internal
mkdir -p $WORK\b273\
github.com/go-text/render
cat >C:\Users\sanya\AppData\Local\Temp\go-build1247343387\b273\importcfg << 'EOF' # internal
# import config
packagefile bytes=C:\Users\sanya\AppData\Local\Temp\go-build1247343387\b069\_pkg_.a
packagefile github.com/go-text/typesetting/font=C:\Users\sanya\AppData\Local\Temp\go-build1247343387\b274\_pkg_.a
packagefile github.com/go-text/typesetting/font/opentype=C:\Users\sanya\AppData\Local\Temp\go-build1247343387\b277\_pkg_.a
packagefile github.com/go-text/typesetting/shaping=C:\Users\sanya\AppData\Local\Temp\go-build1247343387\b283\_pkg_.a
packagefile github.com/srwiley/oksvg=C:\Users\sanya\AppData\Local\Temp\go-build1247343387\b289\_pkg_.a
packagefile github.com/srwiley/rasterx=C:\Users\sanya\AppData\Local\Temp\go-build1247343387\b225\_pkg_.a
packagefile golang.org/x/image/draw=C:\Users\sanya\AppData\Local\Temp\go-build1247343387\b291\_pkg_.a
packagefile golang.org/x/image/math/fixed=C:\Users\sanya\AppData\Local\Temp\go-build1247343387\b226\_pkg_.a
packagefile golang.org/x/image/tiff=C:\Users\sanya\AppData\Local\Temp\go-build1247343387\b280\_pkg_.a
packagefile image=C:\Users\sanya\AppData\Local\Temp\go-build1247343387\b067\_pkg_.a
packagefile image/color=C:\Users\sanya\AppData\Local\Temp\go-build1247343387\b071\_pkg_.a
packagefile image/draw=C:\Users\sanya\AppData\Local\Temp\go-build1247343387\b228\_pkg_.a
packagefile image/jpeg=C:\Users\sanya\AppData\Local\Temp\go-build1247343387\b253\_pkg_.a
packagefile image/png=C:\Users\sanya\AppData\Local\Temp\go-build1247343387\b254\_pkg_.a
packagefile io=C:\Users\sanya\AppData\Local\Temp\go-build1247343387\b048\_pkg_.a
packagefile math=C:\Users\sanya\AppData\Local\Temp\go-build1247343387\b039\_pkg_.a
packagefile sort=C:\Users\sanya\AppData\Local\Temp\go-build1247343387\b176\_pkg_.a
EOF
"C:\\msys64\\mingw64\\lib\\go\\pkg\\tool\\windows_amd64\\compile.exe" -o "$WORK\\b273\\_pkg_.a" -trimpath "$WORK\\b273=>" -p github.com/go-text/render -lang=go1.19 -complete -buildid 4mcqQx41iRiTqmTtzPEN/4mcqQx41iRiTqmTtzPEN -goversion go1.27.0 -c=6 -nolocalimports -importcfg "$WORK\\b273\\importcfg" -pack "C:\\Users\\sanya\\go\\pkg\\mod\\github.com\\go-text\\render@v0.2.1\\bitmap.go" "C:\\Users\\sanya\\go\\pkg\\mod\\github.com\\go-text\\render@v0.2.1\\render.go" "C:\\Users\\sanya\\go\\pkg\\mod\\github.com\\go-text\\render@v0.2.1\\svg.go"
go tool buildid -w "$WORK\\b370\\_pkg_.a" # internal
cp "$WORK\\b370\\_pkg_.a" "C:\\Users\\sanya\\AppData\\Local\\go-build\\0b\\0b358745fc700c9898ac7108adbb507e770b6308e68f02ff9bc214117734ba0d-d" # internal
mkdir -p $WORK\b368\
go tool buildid -w "$WORK\\b372\\_pkg_.a" # internal
github.com/hajimehoshi/go-mp3/internal/maindata
cp "$WORK\\b324\\_pkg_.a" "C:\\Users\\sanya\\AppData\\Local\\go-build\\d9\\d96ac674e438513de020f771e5671b48984c053edafab3e37be65b81d682ee43-d" # internal
mkdir -p $WORK\b376\
github.com/jfreymuth/vorbis
cat >C:\Users\sanya\AppData\Local\Temp\go-build1247343387\b376\importcfg << 'EOF' # internal
# import config
packagefile encoding/binary=C:\Users\sanya\AppData\Local\Temp\go-build1247343387\b077\_pkg_.a
packagefile errors=C:\Users\sanya\AppData\Local\Temp\go-build1247343387\b003\_pkg_.a
packagefile math=C:\Users\sanya\AppData\Local\Temp\go-build1247343387\b039\_pkg_.a
packagefile math/bits=C:\Users\sanya\AppData\Local\Temp\go-build1247343387\b029\_pkg_.a
packagefile sort=C:\Users\sanya\AppData\Local\Temp\go-build1247343387\b176\_pkg_.a
EOF
"C:\\msys64\\mingw64\\lib\\go\\pkg\\tool\\windows_amd64\\compile.exe" -o "$WORK\\b376\\_pkg_.a" -trimpath "$WORK\\b376=>" -p github.com/jfreymuth/vorbis -lang=go1.15 -complete -buildid hrMfYGn9BBlGEuBzEPje/hrMfYGn9BBlGEuBzEPje -goversion go1.27.0 -c=7 -nolocalimports -importcfg "$WORK\\b376\\importcfg" -pack "C:\\Users\\sanya\\go\\pkg\\mod\\github.com\\jfreymuth\\vorbis@v1.0.2\\bitreader.go" "C:\\Users\\sanya\\go\\pkg\\mod\\github.com\\jfreymuth\\vorbis@v1.0.2\\codebook.go" "C:\\Users\\sanya\\go\\pkg\\mod\\github.com\\jfreymuth\\vorbis@v1.0.2\\decode.go" "C:\\Users\\sanya\\go\\pkg\\mod\\github.com\\jfreymuth\\vorbis@v1.0.2\\doc.go" "C:\\Users\\sanya\\go\\pkg\\mod\\github.com\\jfreymuth\\vorbis@v1.0.2\\floor0.go" "C:\\Users\\sanya\\go\\pkg\\mod\\github.com\\jfreymuth\\vorbis@v1.0.2\\floor1.go" "C:\\Users\\sanya\\go\\pkg\\mod\\github.com\\jfreymuth\\vorbis@v1.0.2\\header.go" "C:\\Users\\sanya\\go\\pkg\\mod\\github.com\\jfreymuth\\vorbis@v1.0.2\\huffman.go" "C:\\Users\\sanya\\go\\pkg\\mod\\github.com\\jfreymuth\\vorbis@v1.0.2\\imdct.go" "C:\\Users\\sanya\\go\\pkg\\mod\\github.com\\jfreymuth\\vorbis@v1.0.2\\inversedbtable.go" "C:\\Users\\sanya\\go\\pkg\\mod\\github.com\\jfreymuth\\vorbis@v1.0.2\\residue.go" "C:\\Users\\sanya\\go\\pkg\\mod\\github.com\\jfreymuth\\vorbis@v1.0.2\\setup.go" "C:\\Users\\sanya\\go\\pkg\\mod\\github.com\\jfreymuth\\vorbis@v1.0.2\\vorbis.go" "C:\\Users\\sanya\\go\\pkg\\mod\\github.com\\jfreymuth\\vorbis@v1.0.2\\window.go"
cat >C:\Users\sanya\AppData\Local\Temp\go-build1247343387\b368\importcfg << 'EOF' # internal
# import config
packagefile fmt=C:\Users\sanya\AppData\Local\Temp\go-build1247343387\b002\_pkg_.a
packagefile github.com/hajimehoshi/go-mp3/internal/bits=C:\Users\sanya\AppData\Local\Temp\go-build1247343387\b365\_pkg_.a
packagefile github.com/hajimehoshi/go-mp3/internal/consts=C:\Users\sanya\AppData\Local\Temp\go-build1247343387\b363\_pkg_.a
packagefile github.com/hajimehoshi/go-mp3/internal/frameheader=C:\Users\sanya\AppData\Local\Temp\go-build1247343387\b366\_pkg_.a
packagefile github.com/hajimehoshi/go-mp3/internal/huffman=C:\Users\sanya\AppData\Local\Temp\go-build1247343387\b369\_pkg_.a
packagefile github.com/hajimehoshi/go-mp3/internal/sideinfo=C:\Users\sanya\AppData\Local\Temp\go-build1247343387\b370\_pkg_.a
packagefile io=C:\Users\sanya\AppData\Local\Temp\go-build1247343387\b048\_pkg_.a
EOF
"C:\\msys64\\mingw64\\lib\\go\\pkg\\tool\\windows_amd64\\compile.exe" -o "$WORK\\b368\\_pkg_.a" -trimpath "$WORK\\b368=>" -p github.com/hajimehoshi/go-mp3/internal/maindata -lang=go1.14 -complete -buildid bZhwbTc7OMqiqIJhgjdW/bZhwbTc7OMqiqIJhgjdW -goversion go1.27.0 -c=6 -nolocalimports -importcfg "$WORK\\b368\\importcfg" -pack "C:\\Users\\sanya\\go\\pkg\\mod\\github.com\\hajimehoshi\\go-mp3@v0.3.4\\internal\\maindata\\huffman.go" "C:\\Users\\sanya\\go\\pkg\\mod\\github.com\\hajimehoshi\\go-mp3@v0.3.4\\internal\\maindata\\maindata.go"
go tool buildid -w "$WORK\\b350\\_pkg_.a" # internal
cp "$WORK\\b372\\_pkg_.a" "C:\\Users\\sanya\\AppData\\Local\\go-build\\96\\963c2ce36ff3e1c96701c08f7d5b483dc3f0517228204cc1154a5af39ef63bff-d" # internal
mkdir -p $WORK\b371\
github.com/gopxl/beep/v2/speaker
cat >C:\Users\sanya\AppData\Local\Temp\go-build1247343387\b371\importcfg << 'EOF' # internal
# import config
packagefile github.com/ebitengine/oto/v3=C:\Users\sanya\AppData\Local\Temp\go-build1247343387\b372\_pkg_.a
packagefile github.com/gopxl/beep/v2=C:\Users\sanya\AppData\Local\Temp\go-build1247343387\b344\_pkg_.a
packagefile github.com/gopxl/beep/v2/internal/util=C:\Users\sanya\AppData\Local\Temp\go-build1247343387\b345\_pkg_.a
packagefile github.com/pkg/errors=C:\Users\sanya\AppData\Local\Temp\go-build1247343387\b346\_pkg_.a
packagefile io=C:\Users\sanya\AppData\Local\Temp\go-build1247343387\b048\_pkg_.a
packagefile sync=C:\Users\sanya\AppData\Local\Temp\go-build1247343387\b042\_pkg_.a
packagefile time=C:\Users\sanya\AppData\Local\Temp\go-build1247343387\b059\_pkg_.a
EOF
"C:\\msys64\\mingw64\\lib\\go\\pkg\\tool\\windows_amd64\\compile.exe" -o "$WORK\\b371\\_pkg_.a" -trimpath "$WORK\\b371=>" -p github.com/gopxl/beep/v2/speaker -lang=go1.21 -complete -buildid pnPTgqNCGQeg5-s-g2wZ/pnPTgqNCGQeg5-s-g2wZ -goversion go1.27.0 -c=5 -nolocalimports -importcfg "$WORK\\b371\\importcfg" -pack "C:\\Users\\sanya\\go\\pkg\\mod\\github.com\\gopxl\\beep\\v2@v2.1.1\\speaker\\speaker.go"
cp "$WORK\\b350\\_pkg_.a" "C:\\Users\\sanya\\AppData\\Local\\go-build\\cd\\cdf703c4cff70ce48c05232668b57b799306e8a2d3e6c07f3ce8c1bb4280a049-d" # internal
mkdir -p $WORK\b348\
go tool buildid -w "$WORK\\b273\\_pkg_.a" # internal
github.com/mewkiz/flac
cat >C:\Users\sanya\AppData\Local\Temp\go-build1247343387\b348\importcfg << 'EOF' # internal
# import config
packagefile bufio=C:\Users\sanya\AppData\Local\Temp\go-build1247343387\b068\_pkg_.a
packagefile bytes=C:\Users\sanya\AppData\Local\Temp\go-build1247343387\b069\_pkg_.a
packagefile crypto/md5=C:\Users\sanya\AppData\Local\Temp\go-build1247343387\b153\_pkg_.a
packagefile encoding/binary=C:\Users\sanya\AppData\Local\Temp\go-build1247343387\b077\_pkg_.a
packagefile errors=C:\Users\sanya\AppData\Local\Temp\go-build1247343387\b003\_pkg_.a
packagefile fmt=C:\Users\sanya\AppData\Local\Temp\go-build1247343387\b002\_pkg_.a
packagefile github.com/icza/bitio=C:\Users\sanya\AppData\Local\Temp\go-build1247343387\b349\_pkg_.a
packagefile github.com/mewkiz/flac/frame=C:\Users\sanya\AppData\Local\Temp\go-build1247343387\b350\_pkg_.a
packagefile github.com/mewkiz/flac/internal/bits=C:\Users\sanya\AppData\Local\Temp\go-build1247343387\b351\_pkg_.a
packagefile github.com/mewkiz/flac/internal/bufseekio=C:\Users\sanya\AppData\Local\Temp\go-build1247343387\b359\_pkg_.a
packagefile github.com/mewkiz/flac/internal/hashutil/crc16=C:\Users\sanya\AppData\Local\Temp\go-build1247343387\b353\_pkg_.a
packagefile github.com/mewkiz/flac/internal/hashutil/crc8=C:\Users\sanya\AppData\Local\Temp\go-build1247343387\b354\_pkg_.a
packagefile github.com/mewkiz/flac/internal/ioutilx=C:\Users\sanya\AppData\Local\Temp\go-build1247343387\b356\_pkg_.a
packagefile github.com/mewkiz/flac/internal/utf8=C:\Users\sanya\AppData\Local\Temp\go-build1247343387\b355\_pkg_.a
packagefile github.com/mewkiz/flac/meta=C:\Users\sanya\AppData\Local\Temp\go-build1247343387\b360\_pkg_.a
packagefile github.com/mewkiz/pkg/errutil=C:\Users\sanya\AppData\Local\Temp\go-build1247343387\b357\_pkg_.a
packagefile hash=C:\Users\sanya\AppData\Local\Temp\go-build1247343387\b079\_pkg_.a
packagefile io=C:\Users\sanya\AppData\Local\Temp\go-build1247343387\b048\_pkg_.a
packagefile math=C:\Users\sanya\AppData\Local\Temp\go-build1247343387\b039\_pkg_.a
packagefile os=C:\Users\sanya\AppData\Local\Temp\go-build1247343387\b049\_pkg_.a
EOF
"C:\\msys64\\mingw64\\lib\\go\\pkg\\tool\\windows_amd64\\compile.exe" -o "$WORK\\b348\\_pkg_.a" -trimpath "$WORK\\b348=>" -p github.com/mewkiz/flac -lang=go1.14 -complete -buildid Q86GPbO98wJMtx2zBD-_/Q86GPbO98wJMtx2zBD-_ -goversion go1.27.0 -c=6 -nolocalimports -importcfg "$WORK\\b348\\importcfg" -pack "C:\\Users\\sanya\\go\\pkg\\mod\\github.com\\mewkiz\\flac@v1.0.12\\encode.go" "C:\\Users\\sanya\\go\\pkg\\mod\\github.com\\mewkiz\\flac@v1.0.12\\encode_frame.go" "C:\\Users\\sanya\\go\\pkg\\mod\\github.com\\mewkiz\\flac@v1.0.12\\encode_meta.go" "C:\\Users\\sanya\\go\\pkg\\mod\\github.com\\mewkiz\\flac@v1.0.12\\encode_subframe.go" "C:\\Users\\sanya\\go\\pkg\\mod\\github.com\\mewkiz\\flac@v1.0.12\\flac.go"
cp "$WORK\\b273\\_pkg_.a" "C:\\Users\\sanya\\AppData\\Local\\go-build\\3a\\3aa74d38095e8bda9e64d56233b5e9d9b0b59d8f733b6ae8f4fc85265d9eb922-d" # internal
mkdir -p $WORK\b377\
github.com/gopxl/beep/v2/wav
cat >C:\Users\sanya\AppData\Local\Temp\go-build1247343387\b377\importcfg << 'EOF' # internal
# import config
packagefile bufio=C:\Users\sanya\AppData\Local\Temp\go-build1247343387\b068\_pkg_.a
packagefile encoding/binary=C:\Users\sanya\AppData\Local\Temp\go-build1247343387\b077\_pkg_.a
packagefile encoding/hex=C:\Users\sanya\AppData\Local\Temp\go-build1247343387\b164\_pkg_.a
packagefile fmt=C:\Users\sanya\AppData\Local\Temp\go-build1247343387\b002\_pkg_.a
packagefile github.com/gopxl/beep/v2=C:\Users\sanya\AppData\Local\Temp\go-build1247343387\b344\_pkg_.a
packagefile github.com/pkg/errors=C:\Users\sanya\AppData\Local\Temp\go-build1247343387\b346\_pkg_.a
packagefile io=C:\Users\sanya\AppData\Local\Temp\go-build1247343387\b048\_pkg_.a
packagefile time=C:\Users\sanya\AppData\Local\Temp\go-build1247343387\b059\_pkg_.a
EOF
"C:\\msys64\\mingw64\\lib\\go\\pkg\\tool\\windows_amd64\\compile.exe" -o "$WORK\\b377\\_pkg_.a" -trimpath "$WORK\\b377=>" -p github.com/gopxl/beep/v2/wav -lang=go1.21 -complete -buildid ZtANsN-sVHT6vd3p7LY5/ZtANsN-sVHT6vd3p7LY5 -goversion go1.27.0 -c=5 -nolocalimports -importcfg "$WORK\\b377\\importcfg" -pack "C:\\Users\\sanya\\go\\pkg\\mod\\github.com\\gopxl\\beep\\v2@v2.1.1\\wav\\decode.go" "C:\\Users\\sanya\\go\\pkg\\mod\\github.com\\gopxl\\beep\\v2@v2.1.1\\wav\\doc.go" "C:\\Users\\sanya\\go\\pkg\\mod\\github.com\\gopxl\\beep\\v2@v2.1.1\\wav\\encode.go"
go tool buildid -w "$WORK\\b371\\_pkg_.a" # internal
go tool buildid -w "$WORK\\b074\\_pkg_.a" # internal
go tool buildid -w "$WORK\\b376\\_pkg_.a" # internal
go tool buildid -w "$WORK\\b377\\_pkg_.a" # internal
cp "$WORK\\b376\\_pkg_.a" "C:\\Users\\sanya\\AppData\\Local\\go-build\\0a\\0acd73d3a401382485c4f432fefecf86f20b9119ee91717f556bd50f98868af6-d" # internal
mkdir -p $WORK\b375\
cp "$WORK\\b377\\_pkg_.a" "C:\\Users\\sanya\\AppData\\Local\\go-build\\87\\87ce927af54f22d8886760147f246554475fab2550d85dd125eae0f855ca758f-d" # internal
mkdir -p $WORK\b379\
cp "$WORK\\b074\\_pkg_.a" "C:\\Users\\sanya\\AppData\\Local\\go-build\\e5\\e540bc3ad0d66afab799600767faec4bf6807caf8b191440c32af0a39f8bf48b-d" # internal
github.com/jfreymuth/oggvorbis
mkdir -p $WORK\b066\
cat >C:\Users\sanya\AppData\Local\Temp\go-build1247343387\b375\importcfg << 'EOF' # internal
# import config
packagefile bytes=C:\Users\sanya\AppData\Local\Temp\go-build1247343387\b069\_pkg_.a
packagefile encoding/binary=C:\Users\sanya\AppData\Local\Temp\go-build1247343387\b077\_pkg_.a
packagefile errors=C:\Users\sanya\AppData\Local\Temp\go-build1247343387\b003\_pkg_.a
packagefile github.com/jfreymuth/vorbis=C:\Users\sanya\AppData\Local\Temp\go-build1247343387\b376\_pkg_.a
packagefile io=C:\Users\sanya\AppData\Local\Temp\go-build1247343387\b048\_pkg_.a
EOF
"C:\\msys64\\mingw64\\lib\\go\\pkg\\tool\\windows_amd64\\compile.exe" -o "$WORK\\b375\\_pkg_.a" -trimpath "$WORK\\b375=>" -p github.com/jfreymuth/oggvorbis -lang=go1.15 -complete -buildid zfUXvDRB2-CvPzgDxBUt/zfUXvDRB2-CvPzgDxBUt -goversion go1.27.0 -c=8 -nolocalimports -importcfg "$WORK\\b375\\importcfg" -pack "C:\\Users\\sanya\\go\\pkg\\mod\\github.com\\jfreymuth\\oggvorbis@v1.0.5\\crc.go" "C:\\Users\\sanya\\go\\pkg\\mod\\github.com\\jfreymuth\\oggvorbis@v1.0.5\\doc.go" "C:\\Users\\sanya\\go\\pkg\\mod\\github.com\\jfreymuth\\oggvorbis@v1.0.5\\ogg.go" "C:\\Users\\sanya\\go\\pkg\\mod\\github.com\\jfreymuth\\oggvorbis@v1.0.5\\reader.go" "C:\\Users\\sanya\\go\\pkg\\mod\\github.com\\jfreymuth\\oggvorbis@v1.0.5\\util.go"
fyne.io/fyne/v2
cat >C:\Users\sanya\AppData\Local\Temp\go-build1247343387\b066\importcfg << 'EOF' # internal
# import config
packagefile fmt=C:\Users\sanya\AppData\Local\Temp\go-build1247343387\b002\_pkg_.a
packagefile image=C:\Users\sanya\AppData\Local\Temp\go-build1247343387\b067\_pkg_.a
packagefile image/color=C:\Users\sanya\AppData\Local\Temp\go-build1247343387\b071\_pkg_.a
packagefile io=C:\Users\sanya\AppData\Local\Temp\go-build1247343387\b048\_pkg_.a
packagefile log=C:\Users\sanya\AppData\Local\Temp\go-build1247343387\b072\_pkg_.a
packagefile net/http=C:\Users\sanya\AppData\Local\Temp\go-build1247343387\b074\_pkg_.a
packagefile net/url=C:\Users\sanya\AppData\Local\Temp\go-build1247343387\b174\_pkg_.a
packagefile os=C:\Users\sanya\AppData\Local\Temp\go-build1247343387\b049\_pkg_.a
packagefile path/filepath=C:\Users\sanya\AppData\Local\Temp\go-build1247343387\b175\_pkg_.a
packagefile runtime=C:\Users\sanya\AppData\Local\Temp\go-build1247343387\b009\_pkg_.a
packagefile strings=C:\Users\sanya\AppData\Local\Temp\go-build1247343387\b070\_pkg_.a
packagefile sync=C:\Users\sanya\AppData\Local\Temp\go-build1247343387\b042\_pkg_.a
packagefile sync/atomic=C:\Users\sanya\AppData\Local\Temp\go-build1247343387\b044\_pkg_.a
packagefile time=C:\Users\sanya\AppData\Local\Temp\go-build1247343387\b059\_pkg_.a
EOF
"C:\\msys64\\mingw64\\lib\\go\\pkg\\tool\\windows_amd64\\compile.exe" -o "$WORK\\b066\\_pkg_.a" -trimpath "$WORK\\b066=>" -p fyne.io/fyne/v2 -lang=go1.22 -complete -buildid J0rzK5VORtXhbNiA41qL/J0rzK5VORtXhbNiA41qL -goversion go1.27.0 -c=6 -nolocalimports -importcfg "$WORK\\b066\\importcfg" -pack "C:\\Users\\sanya\\go\\pkg\\mod\\fyne.io\\fyne\\v2@v2.8.0\\accessibility.go" "C:\\Users\\sanya\\go\\pkg\\mod\\fyne.io\\fyne\\v2@v2.8.0\\animation.go" "C:\\Users\\sanya\\go\\pkg\\mod\\fyne.io\\fyne\\v2@v2.8.0\\app.go" "C:\\Users\\sanya\\go\\pkg\\mod\\fyne.io\\fyne\\v2@v2.8.0\\cache.go" "C:\\Users\\sanya\\go\\pkg\\mod\\fyne.io\\fyne\\v2@v2.8.0\\canvas.go" "C:\\Users\\sanya\\go\\pkg\\mod\\fyne.io\\fyne\\v2@v2.8.0\\canvasobject.go" "C:\\Users\\sanya\\go\\pkg\\mod\\fyne.io\\fyne\\v2@v2.8.0\\clipboard.go" "C:\\Users\\sanya\\go\\pkg\\mod\\fyne.io\\fyne\\v2@v2.8.0\\cloud.go" "C:\\Users\\sanya\\go\\pkg\\mod\\fyne.io\\fyne\\v2@v2.8.0\\container.go" "C:\\Users\\sanya\\go\\pkg\\mod\\fyne.io\\fyne\\v2@v2.8.0\\device.go" "C:\\Users\\sanya\\go\\pkg\\mod\\fyne.io\\fyne\\v2@v2.8.0\\driver.go" "C:\\Users\\sanya\\go\\pkg\\mod\\fyne.io\\fyne\\v2@v2.8.0\\event.go" "C:\\Users\\sanya\\go\\pkg\\mod\\fyne.io\\fyne\\v2@v2.8.0\\fyne.go" "C:\\Users\\sanya\\go\\pkg\\mod\\fyne.io\\fyne\\v2@v2.8.0\\geometry.go" "C:\\Users\\sanya\\go\\pkg\\mod\\fyne.io\\fyne\\v2@v2.8.0\\key.go" "C:\\Users\\sanya\\go\\pkg\\mod\\fyne.io\\fyne\\v2@v2.8.0\\key_other.go" "C:\\Users\\sanya\\go\\pkg\\mod\\fyne.io\\fyne\\v2@v2.8.0\\layout.go" "C:\\Users\\sanya\\go\\pkg\\mod\\fyne.io\\fyne\\v2@v2.8.0\\locale.go" "C:\\Users\\sanya\\go\\pkg\\mod\\fyne.io\\fyne\\v2@v2.8.0\\log.go" "C:\\Users\\sanya\\go\\pkg\\mod\\fyne.io\\fyne\\v2@v2.8.0\\math.go" "C:\\Users\\sanya\\go\\pkg\\mod\\fyne.io\\fyne\\v2@v2.8.0\\menu.go" "C:\\Users\\sanya\\go\\pkg\\mod\\fyne.io\\fyne\\v2@v2.8.0\\notification.go" "C:\\Users\\sanya\\go\\pkg\\mod\\fyne.io\\fyne\\v2@v2.8.0\\overlay_stack.go" "C:\\Users\\sanya\\go\\pkg\\mod\\fyne.io\\fyne\\v2@v2.8.0\\preferences.go" "C:\\Users\\sanya\\go\\pkg\\mod\\fyne.io\\fyne\\v2@v2.8.0\\resource.go" "C:\\Users\\sanya\\go\\pkg\\mod\\fyne.io\\fyne\\v2@v2.8.0\\scroll.go" "C:\\Users\\sanya\\go\\pkg\\mod\\fyne.io\\fyne\\v2@v2.8.0\\serialise.go" "C:\\Users\\sanya\\go\\pkg\\mod\\fyne.io\\fyne\\v2@v2.8.0\\settings.go" "C:\\Users\\sanya\\go\\pkg\\mod\\fyne.io\\fyne\\v2@v2.8.0\\shortcut.go" "C:\\Users\\sanya\\go\\pkg\\mod\\fyne.io\\fyne\\v2@v2.8.0\\storage.go" "C:\\Users\\sanya\\go\\pkg\\mod\\fyne.io\\fyne\\v2@v2.8.0\\text.go" "C:\\Users\\sanya\\go\\pkg\\mod\\fyne.io\\fyne\\v2@v2.8.0\\theme.go" "C:\\Users\\sanya\\go\\pkg\\mod\\fyne.io\\fyne\\v2@v2.8.0\\thread.go" "C:\\Users\\sanya\\go\\pkg\\mod\\fyne.io\\fyne\\v2@v2.8.0\\uri.go" "C:\\Users\\sanya\\go\\pkg\\mod\\fyne.io\\fyne\\v2@v2.8.0\\validation.go" "C:\\Users\\sanya\\go\\pkg\\mod\\fyne.io\\fyne\\v2@v2.8.0\\widget.go" "C:\\Users\\sanya\\go\\pkg\\mod\\fyne.io\\fyne\\v2@v2.8.0\\window.go"
schoolbell/internal/model
cat >C:\Users\sanya\AppData\Local\Temp\go-build1247343387\b379\importcfg << 'EOF' # internal
# import config
packagefile time=C:\Users\sanya\AppData\Local\Temp\go-build1247343387\b059\_pkg_.a
EOF
"C:\\msys64\\mingw64\\lib\\go\\pkg\\tool\\windows_amd64\\compile.exe" -o "$WORK\\b379\\_pkg_.a" -trimpath "$WORK\\b379=>" -p schoolbell/internal/model -lang=go1.22 -complete -buildid VJkjVjcaA1SlbhRs4yP4/VJkjVjcaA1SlbhRs4yP4 -goversion go1.27.0 -c=5 -nolocalimports -importcfg "$WORK\\b379\\importcfg" -pack "C:\\Users\\sanya\\Desktop\\Dzvinock\\internal\\model\\model.go"
go tool buildid -w "$WORK\\b348\\_pkg_.a" # internal
go tool buildid -w "$WORK\\b379\\_pkg_.a" # internal
cp "$WORK\\b371\\_pkg_.a" "C:\\Users\\sanya\\AppData\\Local\\go-build\\c0\\c0111a7753a3171578d944db4b07751becf4f2f478b4f3ae78a85336fffe894e-d" # internal
cp "$WORK\\b379\\_pkg_.a" "C:\\Users\\sanya\\AppData\\Local\\go-build\\b2\\b2cf94515d0400d0bf8cf9c9ba6a958df970ae4be039e0b8611f6acd6e01797e-d" # internal
mkdir -p $WORK\b378\
go tool buildid -w "$WORK\\b368\\_pkg_.a" # internal
schoolbell/internal/config
cat >C:\Users\sanya\AppData\Local\Temp\go-build1247343387\b378\importcfg << 'EOF' # internal
# import config
packagefile encoding/json=C:\Users\sanya\AppData\Local\Temp\go-build1247343387\b196\_pkg_.a
packagefile errors=C:\Users\sanya\AppData\Local\Temp\go-build1247343387\b003\_pkg_.a
packagefile fmt=C:\Users\sanya\AppData\Local\Temp\go-build1247343387\b002\_pkg_.a
packagefile os=C:\Users\sanya\AppData\Local\Temp\go-build1247343387\b049\_pkg_.a
packagefile path/filepath=C:\Users\sanya\AppData\Local\Temp\go-build1247343387\b175\_pkg_.a
packagefile schoolbell/internal/model=C:\Users\sanya\AppData\Local\Temp\go-build1247343387\b379\_pkg_.a
EOF
"C:\\msys64\\mingw64\\lib\\go\\pkg\\tool\\windows_amd64\\compile.exe" -o "$WORK\\b378\\_pkg_.a" -trimpath "$WORK\\b378=>" -p schoolbell/internal/config -lang=go1.22 -complete -buildid 3z7DC2prNkhcfI2yihHW/3z7DC2prNkhcfI2yihHW -goversion go1.27.0 -c=7 -nolocalimports -importcfg "$WORK\\b378\\importcfg" -pack "C:\\Users\\sanya\\Desktop\\Dzvinock\\internal\\config\\store.go"
cp "$WORK\\b368\\_pkg_.a" "C:\\Users\\sanya\\AppData\\Local\\go-build\\ac\\ac584f2a8f5e98e758644c9cf62dc2a3571f7fda43aefc1eeb66f9f784849517-d" # internal
mkdir -p $WORK\b364\
github.com/hajimehoshi/go-mp3/internal/frame
cat >C:\Users\sanya\AppData\Local\Temp\go-build1247343387\b364\importcfg << 'EOF' # internal
# import config
packagefile fmt=C:\Users\sanya\AppData\Local\Temp\go-build1247343387\b002\_pkg_.a
packagefile github.com/hajimehoshi/go-mp3/internal/bits=C:\Users\sanya\AppData\Local\Temp\go-build1247343387\b365\_pkg_.a
packagefile github.com/hajimehoshi/go-mp3/internal/consts=C:\Users\sanya\AppData\Local\Temp\go-build1247343387\b363\_pkg_.a
packagefile github.com/hajimehoshi/go-mp3/internal/frameheader=C:\Users\sanya\AppData\Local\Temp\go-build1247343387\b366\_pkg_.a
packagefile github.com/hajimehoshi/go-mp3/internal/imdct=C:\Users\sanya\AppData\Local\Temp\go-build1247343387\b367\_pkg_.a
packagefile github.com/hajimehoshi/go-mp3/internal/maindata=C:\Users\sanya\AppData\Local\Temp\go-build1247343387\b368\_pkg_.a
packagefile github.com/hajimehoshi/go-mp3/internal/sideinfo=C:\Users\sanya\AppData\Local\Temp\go-build1247343387\b370\_pkg_.a
packagefile io=C:\Users\sanya\AppData\Local\Temp\go-build1247343387\b048\_pkg_.a
packagefile math=C:\Users\sanya\AppData\Local\Temp\go-build1247343387\b039\_pkg_.a
EOF
"C:\\msys64\\mingw64\\lib\\go\\pkg\\tool\\windows_amd64\\compile.exe" -o "$WORK\\b364\\_pkg_.a" -trimpath "$WORK\\b364=>" -p github.com/hajimehoshi/go-mp3/internal/frame -lang=go1.14 -complete -buildid mgV1kAr9XG7tht-fc9br/mgV1kAr9XG7tht-fc9br -goversion go1.27.0 -c=5 -nolocalimports -importcfg "$WORK\\b364\\importcfg" -pack "C:\\Users\\sanya\\go\\pkg\\mod\\github.com\\hajimehoshi\\go-mp3@v0.3.4\\internal\\frame\\frame.go"
cp "$WORK\\b348\\_pkg_.a" "C:\\Users\\sanya\\AppData\\Local\\go-build\\b4\\b4f70c4770b51520581ade765a5857bbd1da30da6b59f2f34080f159e79644c6-d" # internal
mkdir -p $WORK\b347\
github.com/gopxl/beep/v2/flac
cat >C:\Users\sanya\AppData\Local\Temp\go-build1247343387\b347\importcfg << 'EOF' # internal
# import config
packagefile github.com/gopxl/beep/v2=C:\Users\sanya\AppData\Local\Temp\go-build1247343387\b344\_pkg_.a
packagefile github.com/mewkiz/flac=C:\Users\sanya\AppData\Local\Temp\go-build1247343387\b348\_pkg_.a
packagefile github.com/mewkiz/flac/frame=C:\Users\sanya\AppData\Local\Temp\go-build1247343387\b350\_pkg_.a
packagefile github.com/pkg/errors=C:\Users\sanya\AppData\Local\Temp\go-build1247343387\b346\_pkg_.a
packagefile io=C:\Users\sanya\AppData\Local\Temp\go-build1247343387\b048\_pkg_.a
EOF
"C:\\msys64\\mingw64\\lib\\go\\pkg\\tool\\windows_amd64\\compile.exe" -o "$WORK\\b347\\_pkg_.a" -trimpath "$WORK\\b347=>" -p github.com/gopxl/beep/v2/flac -lang=go1.21 -complete -buildid KShT0vl6nnSWdalkY9AB/KShT0vl6nnSWdalkY9AB -goversion go1.27.0 -c=5 -nolocalimports -importcfg "$WORK\\b347\\importcfg" -pack "C:\\Users\\sanya\\go\\pkg\\mod\\github.com\\gopxl\\beep\\v2@v2.1.1\\flac\\decode.go" "C:\\Users\\sanya\\go\\pkg\\mod\\github.com\\gopxl\\beep\\v2@v2.1.1\\flac\\doc.go"
go tool buildid -w "$WORK\\b378\\_pkg_.a" # internal
go tool buildid -w "$WORK\\b347\\_pkg_.a" # internal
cp "$WORK\\b378\\_pkg_.a" "C:\\Users\\sanya\\AppData\\Local\\go-build\\6d\\6d3f2b7c55bb502f6224d920bae5db394fe93dcc34ed24bbed95818e018e111b-d" # internal
cp "$WORK\\b347\\_pkg_.a" "C:\\Users\\sanya\\AppData\\Local\\go-build\\c4\\c47fbacb0607361d41f998427cbc227dad3e956cd97e2a1e50ab7535415f490d-d" # internal
mkdir -p $WORK\b381\
go tool buildid -w "$WORK\\b364\\_pkg_.a" # internal
schoolbell/internal/state
cat >C:\Users\sanya\AppData\Local\Temp\go-build1247343387\b381\importcfg << 'EOF' # internal
# import config
packagefile schoolbell/internal/config=C:\Users\sanya\AppData\Local\Temp\go-build1247343387\b378\_pkg_.a
packagefile schoolbell/internal/model=C:\Users\sanya\AppData\Local\Temp\go-build1247343387\b379\_pkg_.a
packagefile sort=C:\Users\sanya\AppData\Local\Temp\go-build1247343387\b176\_pkg_.a
packagefile sync=C:\Users\sanya\AppData\Local\Temp\go-build1247343387\b042\_pkg_.a
EOF
"C:\\msys64\\mingw64\\lib\\go\\pkg\\tool\\windows_amd64\\compile.exe" -o "$WORK\\b381\\_pkg_.a" -trimpath "$WORK\\b381=>" -p schoolbell/internal/state -lang=go1.22 -complete -buildid ortYaw0SCEDm_l_nPFwp/ortYaw0SCEDm_l_nPFwp -goversion go1.27.0 -c=7 -nolocalimports -importcfg "$WORK\\b381\\importcfg" -pack "C:\\Users\\sanya\\Desktop\\Dzvinock\\internal\\state\\state.go"
go tool buildid -w "$WORK\\b375\\_pkg_.a" # internal
cp "$WORK\\b375\\_pkg_.a" "C:\\Users\\sanya\\AppData\\Local\\go-build\\95\\95819aede310011dd5b27fe8f45456178599288a3a4c7c28fbfc42b903013ee3-d" # internal
mkdir -p $WORK\b374\
cp "$WORK\\b364\\_pkg_.a" "C:\\Users\\sanya\\AppData\\Local\\go-build\\a6\\a69e9486682b298adc8933bf76776dc36acb1279f4acdbff4452f0e2497ae0d8-d" # internal
mkdir -p $WORK\b362\
github.com/gopxl/beep/v2/vorbis
cat >C:\Users\sanya\AppData\Local\Temp\go-build1247343387\b374\importcfg << 'EOF' # internal
# import config
packagefile github.com/gopxl/beep/v2=C:\Users\sanya\AppData\Local\Temp\go-build1247343387\b344\_pkg_.a
packagefile github.com/jfreymuth/oggvorbis=C:\Users\sanya\AppData\Local\Temp\go-build1247343387\b375\_pkg_.a
packagefile github.com/pkg/errors=C:\Users\sanya\AppData\Local\Temp\go-build1247343387\b346\_pkg_.a
packagefile io=C:\Users\sanya\AppData\Local\Temp\go-build1247343387\b048\_pkg_.a
EOF
"C:\\msys64\\mingw64\\lib\\go\\pkg\\tool\\windows_amd64\\compile.exe" -o "$WORK\\b374\\_pkg_.a" -trimpath "$WORK\\b374=>" -p github.com/gopxl/beep/v2/vorbis -lang=go1.21 -complete -buildid dvZ84jm8RuRC5CjP3zsD/dvZ84jm8RuRC5CjP3zsD -goversion go1.27.0 -c=7 -nolocalimports -importcfg "$WORK\\b374\\importcfg" -pack "C:\\Users\\sanya\\go\\pkg\\mod\\github.com\\gopxl\\beep\\v2@v2.1.1\\vorbis\\decode.go"
go tool buildid -w "$WORK\\b066\\_pkg_.a" # internal
github.com/hajimehoshi/go-mp3
cat >C:\Users\sanya\AppData\Local\Temp\go-build1247343387\b362\importcfg << 'EOF' # internal
# import config
packagefile errors=C:\Users\sanya\AppData\Local\Temp\go-build1247343387\b003\_pkg_.a
packagefile github.com/hajimehoshi/go-mp3/internal/consts=C:\Users\sanya\AppData\Local\Temp\go-build1247343387\b363\_pkg_.a
packagefile github.com/hajimehoshi/go-mp3/internal/frame=C:\Users\sanya\AppData\Local\Temp\go-build1247343387\b364\_pkg_.a
packagefile github.com/hajimehoshi/go-mp3/internal/frameheader=C:\Users\sanya\AppData\Local\Temp\go-build1247343387\b366\_pkg_.a
packagefile io=C:\Users\sanya\AppData\Local\Temp\go-build1247343387\b048\_pkg_.a
EOF
"C:\\msys64\\mingw64\\lib\\go\\pkg\\tool\\windows_amd64\\compile.exe" -o "$WORK\\b362\\_pkg_.a" -trimpath "$WORK\\b362=>" -p github.com/hajimehoshi/go-mp3 -lang=go1.14 -complete -buildid 0Mv_-HuH-RNfrUy4vIIt/0Mv_-HuH-RNfrUy4vIIt -goversion go1.27.0 -c=7 -nolocalimports -importcfg "$WORK\\b362\\importcfg" -pack "C:\\Users\\sanya\\go\\pkg\\mod\\github.com\\hajimehoshi\\go-mp3@v0.3.4\\decode.go" "C:\\Users\\sanya\\go\\pkg\\mod\\github.com\\hajimehoshi\\go-mp3@v0.3.4\\source.go"
cp "$WORK\\b066\\_pkg_.a" "C:\\Users\\sanya\\AppData\\Local\\go-build\\b3\\b396387ad7e15b8604e4cb680c4e307cf3e10da6832c59bae8dfc8faa2fe26be-d" # internal
mkdir -p $WORK\b208\
mkdir -p $WORK\b216\
fyne.io/fyne/v2/internal/build
mkdir -p $WORK\b220\
go tool buildid -w "$WORK\\b381\\_pkg_.a" # internal
cat >C:\Users\sanya\AppData\Local\Temp\go-build1247343387\b208\importcfg << 'EOF' # internal
# import config
packagefile fyne.io/fyne/v2=C:\Users\sanya\AppData\Local\Temp\go-build1247343387\b066\_pkg_.a
packagefile sync=C:\Users\sanya\AppData\Local\Temp\go-build1247343387\b042\_pkg_.a
EOF
"C:\\msys64\\mingw64\\lib\\go\\pkg\\tool\\windows_amd64\\compile.exe" -o "$WORK\\b208\\_pkg_.a" -trimpath "$WORK\\b208=>" -p fyne.io/fyne/v2/internal/build -lang=go1.22 -complete -buildid _O2o32hL46GLy549J9q9/_O2o32hL46GLy549J9q9 -goversion go1.27.0 -c=7 -nolocalimports -importcfg "$WORK\\b208\\importcfg" -pack "C:\\Users\\sanya\\go\\pkg\\mod\\fyne.io\\fyne\\v2@v2.8.0\\internal\\build\\animations_enabled.go" "C:\\Users\\sanya\\go\\pkg\\mod\\fyne.io\\fyne\\v2@v2.8.0\\internal\\build\\build.go" "C:\\Users\\sanya\\go\\pkg\\mod\\fyne.io\\fyne\\v2@v2.8.0\\internal\\build\\driver_notflatpak.go" "C:\\Users\\sanya\\go\\pkg\\mod\\fyne.io\\fyne\\v2@v2.8.0\\internal\\build\\driver_notwayland.go" "C:\\Users\\sanya\\go\\pkg\\mod\\fyne.io\\fyne\\v2@v2.8.0\\internal\\build\\hints_disabled.go" "C:\\Users\\sanya\\go\\pkg\\mod\\fyne.io\\fyne\\v2@v2.8.0\\internal\\build\\menu_integrated.go" "C:\\Users\\sanya\\go\\pkg\\mod\\fyne.io\\fyne\\v2@v2.8.0\\internal\\build\\metadata.go" "C:\\Users\\sanya\\go\\pkg\\mod\\fyne.io\\fyne\\v2@v2.8.0\\internal\\build\\migrated_notfynedo.go" "C:\\Users\\sanya\\go\\pkg\\mod\\fyne.io\\fyne\\v2@v2.8.0\\internal\\build\\mode_standard.go"
fyne.io/fyne/v2/storage/repository
cat >C:\Users\sanya\AppData\Local\Temp\go-build1247343387\b216\importcfg << 'EOF' # internal
# import config
packagefile bufio=C:\Users\sanya\AppData\Local\Temp\go-build1247343387\b068\_pkg_.a
packagefile errors=C:\Users\sanya\AppData\Local\Temp\go-build1247343387\b003\_pkg_.a
packagefile fmt=C:\Users\sanya\AppData\Local\Temp\go-build1247343387\b002\_pkg_.a
packagefile fyne.io/fyne/v2=C:\Users\sanya\AppData\Local\Temp\go-build1247343387\b066\_pkg_.a
packagefile github.com/fredbi/uri=C:\Users\sanya\AppData\Local\Temp\go-build1247343387\b217\_pkg_.a
packagefile io=C:\Users\sanya\AppData\Local\Temp\go-build1247343387\b048\_pkg_.a
packagefile mime=C:\Users\sanya\AppData\Local\Temp\go-build1247343387\b185\_pkg_.a
packagefile path=C:\Users\sanya\AppData\Local\Temp\go-build1247343387\b058\_pkg_.a
packagefile path/filepath=C:\Users\sanya\AppData\Local\Temp\go-build1247343387\b175\_pkg_.a
packagefile runtime=C:\Users\sanya\AppData\Local\Temp\go-build1247343387\b009\_pkg_.a
packagefile strings=C:\Users\sanya\AppData\Local\Temp\go-build1247343387\b070\_pkg_.a
packagefile unicode/utf8=C:\Users\sanya\AppData\Local\Temp\go-build1247343387\b041\_pkg_.a
EOF
"C:\\msys64\\mingw64\\lib\\go\\pkg\\tool\\windows_amd64\\compile.exe" -o "$WORK\\b216\\_pkg_.a" -trimpath "$WORK\\b216=>" -p fyne.io/fyne/v2/storage/repository -lang=go1.22 -complete -buildid FXEc89CCccDM03Zsqyj9/FXEc89CCccDM03Zsqyj9 -goversion go1.27.0 -c=5 -nolocalimports -importcfg "$WORK\\b216\\importcfg" -pack "C:\\Users\\sanya\\go\\pkg\\mod\\fyne.io\\fyne\\v2@v2.8.0\\storage\\repository\\errors.go" "C:\\Users\\sanya\\go\\pkg\\mod\\fyne.io\\fyne\\v2@v2.8.0\\storage\\repository\\generic.go" "C:\\Users\\sanya\\go\\pkg\\mod\\fyne.io\\fyne\\v2@v2.8.0\\storage\\repository\\parse.go" "C:\\Users\\sanya\\go\\pkg\\mod\\fyne.io\\fyne\\v2@v2.8.0\\storage\\repository\\repository.go" "C:\\Users\\sanya\\go\\pkg\\mod\\fyne.io\\fyne\\v2@v2.8.0\\storage\\repository\\uri.go"
cp "$WORK\\b381\\_pkg_.a" "C:\\Users\\sanya\\AppData\\Local\\go-build\\82\\82676032c28a1699b13af52676126d8552c072049870772ec65027ec512b43b1-d" # internal
mkdir -p $WORK\b221\
fyne.io/fyne/v2/internal/scale
cat >C:\Users\sanya\AppData\Local\Temp\go-build1247343387\b220\importcfg << 'EOF' # internal
# import config
packagefile fyne.io/fyne/v2=C:\Users\sanya\AppData\Local\Temp\go-build1247343387\b066\_pkg_.a
packagefile math=C:\Users\sanya\AppData\Local\Temp\go-build1247343387\b039\_pkg_.a
EOF
"C:\\msys64\\mingw64\\lib\\go\\pkg\\tool\\windows_amd64\\compile.exe" -o "$WORK\\b220\\_pkg_.a" -trimpath "$WORK\\b220=>" -p fyne.io/fyne/v2/internal/scale -lang=go1.22 -complete -buildid 6UviNcOaa9HCO0ciTrOQ/6UviNcOaa9HCO0ciTrOQ -goversion go1.27.0 -c=5 -nolocalimports -importcfg "$WORK\\b220\\importcfg" -pack "C:\\Users\\sanya\\go\\pkg\\mod\\fyne.io\\fyne\\v2@v2.8.0\\internal\\scale\\scale.go"
go tool buildid -w "$WORK\\b374\\_pkg_.a" # internal
fyne.io/fyne/v2/internal/svg
go tool buildid -w "$WORK\\b362\\_pkg_.a" # internal
go tool buildid -w "$WORK\\b208\\_pkg_.a" # internal
cat >C:\Users\sanya\AppData\Local\Temp\go-build1247343387\b221\importcfg << 'EOF' # internal
# import config
packagefile bytes=C:\Users\sanya\AppData\Local\Temp\go-build1247343387\b069\_pkg_.a
packagefile encoding/hex=C:\Users\sanya\AppData\Local\Temp\go-build1247343387\b164\_pkg_.a
packagefile encoding/xml=C:\Users\sanya\AppData\Local\Temp\go-build1247343387\b222\_pkg_.a
packagefile errors=C:\Users\sanya\AppData\Local\Temp\go-build1247343387\b003\_pkg_.a
packagefile fmt=C:\Users\sanya\AppData\Local\Temp\go-build1247343387\b002\_pkg_.a
packagefile fyne.io/fyne/v2=C:\Users\sanya\AppData\Local\Temp\go-build1247343387\b066\_pkg_.a
packagefile fyne.io/fyne/v2/internal/color=C:\Users\sanya\AppData\Local\Temp\go-build1247343387\b223\_pkg_.a
packagefile github.com/fyne-io/oksvg=C:\Users\sanya\AppData\Local\Temp\go-build1247343387\b224\_pkg_.a
packagefile github.com/srwiley/rasterx=C:\Users\sanya\AppData\Local\Temp\go-build1247343387\b225\_pkg_.a
packagefile image=C:\Users\sanya\AppData\Local\Temp\go-build1247343387\b067\_pkg_.a
packagefile image/color=C:\Users\sanya\AppData\Local\Temp\go-build1247343387\b071\_pkg_.a
packagefile image/draw=C:\Users\sanya\AppData\Local\Temp\go-build1247343387\b228\_pkg_.a
packagefile io=C:\Users\sanya\AppData\Local\Temp\go-build1247343387\b048\_pkg_.a
packagefile path/filepath=C:\Users\sanya\AppData\Local\Temp\go-build1247343387\b175\_pkg_.a
packagefile strconv=C:\Users\sanya\AppData\Local\Temp\go-build1247343387\b040\_pkg_.a
packagefile strings=C:\Users\sanya\AppData\Local\Temp\go-build1247343387\b070\_pkg_.a
EOF
"C:\\msys64\\mingw64\\lib\\go\\pkg\\tool\\windows_amd64\\compile.exe" -o "$WORK\\b221\\_pkg_.a" -trimpath "$WORK\\b221=>" -p fyne.io/fyne/v2/internal/svg -lang=go1.22 -complete -buildid H_O8tfEm6TXjiPOactyq/H_O8tfEm6TXjiPOactyq -goversion go1.27.0 -c=8 -nolocalimports -importcfg "$WORK\\b221\\importcfg" -pack "C:\\Users\\sanya\\go\\pkg\\mod\\fyne.io\\fyne\\v2@v2.8.0\\internal\\svg\\svg.go"
cp "$WORK\\b208\\_pkg_.a" "C:\\Users\\sanya\\AppData\\Local\\go-build\\fa\\fa97506f3c22938afbc1aad4fb9ae6bed21b98fbc3d20fc128b202849ad1a64a-d" # internal
mkdir -p $WORK\b207\
fyne.io/fyne/v2/internal/async
go tool buildid -w "$WORK\\b220\\_pkg_.a" # internal
cp "$WORK\\b362\\_pkg_.a" "C:\\Users\\sanya\\AppData\\Local\\go-build\\c3\\c350a0eac3ff6120b5d13bbf007c94535dea94516cdd0695fabfbeee6fe85082-d" # internal
mkdir -p $WORK\b258\
cat >C:\Users\sanya\AppData\Local\Temp\go-build1247343387\b207\importcfg << 'EOF' # internal
# import config
packagefile fyne.io/fyne/v2=C:\Users\sanya\AppData\Local\Temp\go-build1247343387\b066\_pkg_.a
packagefile fyne.io/fyne/v2/internal/build=C:\Users\sanya\AppData\Local\Temp\go-build1247343387\b208\_pkg_.a
packagefile log=C:\Users\sanya\AppData\Local\Temp\go-build1247343387\b072\_pkg_.a
packagefile runtime=C:\Users\sanya\AppData\Local\Temp\go-build1247343387\b009\_pkg_.a
packagefile strings=C:\Users\sanya\AppData\Local\Temp\go-build1247343387\b070\_pkg_.a
packagefile sync=C:\Users\sanya\AppData\Local\Temp\go-build1247343387\b042\_pkg_.a
packagefile sync/atomic=C:\Users\sanya\AppData\Local\Temp\go-build1247343387\b044\_pkg_.a
EOF
cp "$WORK\\b374\\_pkg_.a" "C:\\Users\\sanya\\AppData\\Local\\go-build\\9c\\9cd4c5296411ccf525b8150a8e13023ee5cd4d30bf53a935ac767d1f3a694a41-d" # internal
mkdir -p $WORK\b263\
"C:\\msys64\\mingw64\\lib\\go\\pkg\\tool\\windows_amd64\\compile.exe" -o "$WORK\\b207\\_pkg_.a" -trimpath "$WORK\\b207=>" -p fyne.io/fyne/v2/internal/async -lang=go1.22 -complete -buildid M4fDdX9uo1aA28ZuzByB/M4fDdX9uo1aA28ZuzByB -goversion go1.27.0 -c=7 -nolocalimports -importcfg "$WORK\\b207\\importcfg" -pack "C:\\Users\\sanya\\go\\pkg\\mod\\fyne.io\\fyne\\v2@v2.8.0\\internal\\async\\chan.go" "C:\\Users\\sanya\\go\\pkg\\mod\\fyne.io\\fyne\\v2@v2.8.0\\internal\\async\\chan_struct.go" "C:\\Users\\sanya\\go\\pkg\\mod\\fyne.io\\fyne\\v2@v2.8.0\\internal\\async\\doc.go" "C:\\Users\\sanya\\go\\pkg\\mod\\fyne.io\\fyne\\v2@v2.8.0\\internal\\async\\goroutine.go" "C:\\Users\\sanya\\go\\pkg\\mod\\fyne.io\\fyne\\v2@v2.8.0\\internal\\async\\goroutine_desktop.go" "C:\\Users\\sanya\\go\\pkg\\mod\\fyne.io\\fyne\\v2@v2.8.0\\internal\\async\\map.go" "C:\\Users\\sanya\\go\\pkg\\mod\\fyne.io\\fyne\\v2@v2.8.0\\internal\\async\\map_clear_go1.23.go" "C:\\Users\\sanya\\go\\pkg\\mod\\fyne.io\\fyne\\v2@v2.8.0\\internal\\async\\pool.go" "C:\\Users\\sanya\\go\\pkg\\mod\\fyne.io\\fyne\\v2@v2.8.0\\internal\\async\\queue.go"
fyne.io/fyne/v2/driver/desktop
cat >C:\Users\sanya\AppData\Local\Temp\go-build1247343387\b258\importcfg << 'EOF' # internal
# import config
packagefile fyne.io/fyne/v2=C:\Users\sanya\AppData\Local\Temp\go-build1247343387\b066\_pkg_.a
packagefile image=C:\Users\sanya\AppData\Local\Temp\go-build1247343387\b067\_pkg_.a
packagefile runtime=C:\Users\sanya\AppData\Local\Temp\go-build1247343387\b009\_pkg_.a
packagefile strings=C:\Users\sanya\AppData\Local\Temp\go-build1247343387\b070\_pkg_.a
EOF
"C:\\msys64\\mingw64\\lib\\go\\pkg\\tool\\windows_amd64\\compile.exe" -o "$WORK\\b258\\_pkg_.a" -trimpath "$WORK\\b258=>" -p fyne.io/fyne/v2/driver/desktop -lang=go1.22 -complete -buildid bxQ0MzFvn2ELgHkPzhmK/bxQ0MzFvn2ELgHkPzhmK -goversion go1.27.0 -c=6 -nolocalimports -importcfg "$WORK\\b258\\importcfg" -pack "C:\\Users\\sanya\\go\\pkg\\mod\\fyne.io\\fyne\\v2@v2.8.0\\driver\\desktop\\app.go" "C:\\Users\\sanya\\go\\pkg\\mod\\fyne.io\\fyne\\v2@v2.8.0\\driver\\desktop\\canvas.go" "C:\\Users\\sanya\\go\\pkg\\mod\\fyne.io\\fyne\\v2@v2.8.0\\driver\\desktop\\cursor.go" "C:\\Users\\sanya\\go\\pkg\\mod\\fyne.io\\fyne\\v2@v2.8.0\\driver\\desktop\\driver.go" "C:\\Users\\sanya\\go\\pkg\\mod\\fyne.io\\fyne\\v2@v2.8.0\\driver\\desktop\\key.go" "C:\\Users\\sanya\\go\\pkg\\mod\\fyne.io\\fyne\\v2@v2.8.0\\driver\\desktop\\mouse.go" "C:\\Users\\sanya\\go\\pkg\\mod\\fyne.io\\fyne\\v2@v2.8.0\\driver\\desktop\\shortcut.go" "C:\\Users\\sanya\\go\\pkg\\mod\\fyne.io\\fyne\\v2@v2.8.0\\driver\\desktop\\window.go"
go tool buildid -w "$WORK\\b216\\_pkg_.a" # internal
cp "$WORK\\b220\\_pkg_.a" "C:\\Users\\sanya\\AppData\\Local\\go-build\\6c\\6c91aeb18790296d171371c538248a725a5d2bc12cdbff0bbbf1e7f974d98010-d" # internal
mkdir -p $WORK\b265\
cp "$WORK\\b216\\_pkg_.a" "C:\\Users\\sanya\\AppData\\Local\\go-build\\14\\1445d83c3e0088c55c4c9eefb504e01450f5ecd4502b25f18ddc6af2a25213c8-d" # internal
mkdir -p $WORK\b214\
fyne.io/fyne/v2/driver/mobile
fyne.io/fyne/v2/lang
cat >C:\Users\sanya\AppData\Local\Temp\go-build1247343387\b265\importcfg << 'EOF' # internal
# import config
packagefile embed=C:\Users\sanya\AppData\Local\Temp\go-build1247343387\b252\_pkg_.a
packagefile encoding/json=C:\Users\sanya\AppData\Local\Temp\go-build1247343387\b196\_pkg_.a
packagefile fyne.io/fyne/v2=C:\Users\sanya\AppData\Local\Temp\go-build1247343387\b066\_pkg_.a
packagefile github.com/jeandeaual/go-locale=C:\Users\sanya\AppData\Local\Temp\go-build1247343387\b266\_pkg_.a
packagefile github.com/nicksnyder/go-i18n/v2/i18n=C:\Users\sanya\AppData\Local\Temp\go-build1247343387\b267\_pkg_.a
packagefile golang.org/x/text/language=C:\Users\sanya\AppData\Local\Temp\go-build1247343387\b247\_pkg_.a
packagefile log=C:\Users\sanya\AppData\Local\Temp\go-build1247343387\b072\_pkg_.a
packagefile strings=C:\Users\sanya\AppData\Local\Temp\go-build1247343387\b070\_pkg_.a
packagefile sync=C:\Users\sanya\AppData\Local\Temp\go-build1247343387\b042\_pkg_.a
packagefile text/template=C:\Users\sanya\AppData\Local\Temp\go-build1247343387\b269\_pkg_.a
EOF
cat >C:\Users\sanya\AppData\Local\Temp\go-build1247343387\b265\embedcfg << 'EOF' # internal
{
	"Patterns": {
		"translations": [
			"translations/base.cs.json",
			"translations/base.de.json",
			"translations/base.el.json",
			"translations/base.en.json",
			"translations/base.es.json",
			"translations/base.fr.json",
			"translations/base.ja.json",
			"translations/base.pl.json",
			"translations/base.pt.json",
			"translations/base.pt_BR.json",
			"translations/base.ru.json",
			"translations/base.sv.json",
			"translations/base.ta.json",
			"translations/base.uk.json",
			"translations/base.zh_Hans.json"
		]
	},
	"Files": {
		"translations/base.cs.json": "C:\\Users\\sanya\\go\\pkg\\mod\\fyne.io\\fyne\\v2@v2.8.0\\lang\\translations\\base.cs.json",
		"translations/base.de.json": "C:\\Users\\sanya\\go\\pkg\\mod\\fyne.io\\fyne\\v2@v2.8.0\\lang\\translations\\base.de.json",
		"translations/base.el.json": "C:\\Users\\sanya\\go\\pkg\\mod\\fyne.io\\fyne\\v2@v2.8.0\\lang\\translations\\base.el.json",
		"translations/base.en.json": "C:\\Users\\sanya\\go\\pkg\\mod\\fyne.io\\fyne\\v2@v2.8.0\\lang\\translations\\base.en.json",
		"translations/base.es.json": "C:\\Users\\sanya\\go\\pkg\\mod\\fyne.io\\fyne\\v2@v2.8.0\\lang\\translations\\base.es.json",
		"translations/base.fr.json": "C:\\Users\\sanya\\go\\pkg\\mod\\fyne.io\\fyne\\v2@v2.8.0\\lang\\translations\\base.fr.json",
		"translations/base.ja.json": "C:\\Users\\sanya\\go\\pkg\\mod\\fyne.io\\fyne\\v2@v2.8.0\\lang\\translations\\base.ja.json",
		"translations/base.pl.json": "C:\\Users\\sanya\\go\\pkg\\mod\\fyne.io\\fyne\\v2@v2.8.0\\lang\\translations\\base.pl.json",
		"translations/base.pt.json": "C:\\Users\\sanya\\go\\pkg\\mod\\fyne.io\\fyne\\v2@v2.8.0\\lang\\translations\\base.pt.json",
		"translations/base.pt_BR.json": "C:\\Users\\sanya\\go\\pkg\\mod\\fyne.io\\fyne\\v2@v2.8.0\\lang\\translations\\base.pt_BR.json",
		"translations/base.ru.json": "C:\\Users\\sanya\\go\\pkg\\mod\\fyne.io\\fyne\\v2@v2.8.0\\lang\\translations\\base.ru.json",
		"translations/base.sv.json": "C:\\Users\\sanya\\go\\pkg\\mod\\fyne.io\\fyne\\v2@v2.8.0\\lang\\translations\\base.sv.json",
		"translations/base.ta.json": "C:\\Users\\sanya\\go\\pkg\\mod\\fyne.io\\fyne\\v2@v2.8.0\\lang\\translations\\base.ta.json",
		"translations/base.uk.json": "C:\\Users\\sanya\\go\\pkg\\mod\\fyne.io\\fyne\\v2@v2.8.0\\lang\\translations\\base.uk.json",
		"translations/base.zh_Hans.json": "C:\\Users\\sanya\\go\\pkg\\mod\\fyne.io\\fyne\\v2@v2.8.0\\lang\\translations\\base.zh_Hans.json"
	}
}EOF
cat >C:\Users\sanya\AppData\Local\Temp\go-build1247343387\b263\importcfg << 'EOF' # internal
# import config
packagefile fyne.io/fyne/v2=C:\Users\sanya\AppData\Local\Temp\go-build1247343387\b066\_pkg_.a
EOF
"C:\\msys64\\mingw64\\lib\\go\\pkg\\tool\\windows_amd64\\compile.exe" -o "$WORK\\b263\\_pkg_.a" -trimpath "$WORK\\b263=>" -p fyne.io/fyne/v2/driver/mobile -lang=go1.22 -complete -buildid VNNiuRkeCIgFFoa47i8k/VNNiuRkeCIgFFoa47i8k -goversion go1.27.0 -c=5 -nolocalimports -importcfg "$WORK\\b263\\importcfg" -pack "C:\\Users\\sanya\\go\\pkg\\mod\\fyne.io\\fyne\\v2@v2.8.0\\driver\\mobile\\device.go" "C:\\Users\\sanya\\go\\pkg\\mod\\fyne.io\\fyne\\v2@v2.8.0\\driver\\mobile\\driver.go" "C:\\Users\\sanya\\go\\pkg\\mod\\fyne.io\\fyne\\v2@v2.8.0\\driver\\mobile\\key.go" "C:\\Users\\sanya\\go\\pkg\\mod\\fyne.io\\fyne\\v2@v2.8.0\\driver\\mobile\\keyboard.go" "C:\\Users\\sanya\\go\\pkg\\mod\\fyne.io\\fyne\\v2@v2.8.0\\driver\\mobile\\touch.go"
fyne.io/fyne/v2/storage
cat >C:\Users\sanya\AppData\Local\Temp\go-build1247343387\b214\importcfg << 'EOF' # internal
# import config
packagefile errors=C:\Users\sanya\AppData\Local\Temp\go-build1247343387\b003\_pkg_.a
packagefile fyne.io/fyne/v2=C:\Users\sanya\AppData\Local\Temp\go-build1247343387\b066\_pkg_.a
packagefile fyne.io/fyne/v2/internal/repository/mime=C:\Users\sanya\AppData\Local\Temp\go-build1247343387\b215\_pkg_.a
packagefile fyne.io/fyne/v2/storage/repository=C:\Users\sanya\AppData\Local\Temp\go-build1247343387\b216\_pkg_.a
packagefile io=C:\Users\sanya\AppData\Local\Temp\go-build1247343387\b048\_pkg_.a
packagefile path=C:\Users\sanya\AppData\Local\Temp\go-build1247343387\b058\_pkg_.a
packagefile path/filepath=C:\Users\sanya\AppData\Local\Temp\go-build1247343387\b175\_pkg_.a
packagefile runtime=C:\Users\sanya\AppData\Local\Temp\go-build1247343387\b009\_pkg_.a
packagefile strings=C:\Users\sanya\AppData\Local\Temp\go-build1247343387\b070\_pkg_.a
EOF
"C:\\msys64\\mingw64\\lib\\go\\pkg\\tool\\windows_amd64\\compile.exe" -o "$WORK\\b214\\_pkg_.a" -trimpath "$WORK\\b214=>" -p fyne.io/fyne/v2/storage -lang=go1.22 -complete -buildid EGPzujUWOyjk3_UsFCEB/EGPzujUWOyjk3_UsFCEB -goversion go1.27.0 -c=4 -nolocalimports -importcfg "$WORK\\b214\\importcfg" -pack "C:\\Users\\sanya\\go\\pkg\\mod\\fyne.io\\fyne\\v2@v2.8.0\\storage\\errors.go" "C:\\Users\\sanya\\go\\pkg\\mod\\fyne.io\\fyne\\v2@v2.8.0\\storage\\file.go" "C:\\Users\\sanya\\go\\pkg\\mod\\fyne.io\\fyne\\v2@v2.8.0\\storage\\filter.go" "C:\\Users\\sanya\\go\\pkg\\mod\\fyne.io\\fyne\\v2@v2.8.0\\storage\\resource.go" "C:\\Users\\sanya\\go\\pkg\\mod\\fyne.io\\fyne\\v2@v2.8.0\\storage\\uri.go" "C:\\Users\\sanya\\go\\pkg\\mod\\fyne.io\\fyne\\v2@v2.8.0\\storage\\uri_root_error.go"
"C:\\msys64\\mingw64\\lib\\go\\pkg\\tool\\windows_amd64\\compile.exe" -o "$WORK\\b265\\_pkg_.a" -trimpath "$WORK\\b265=>" -p fyne.io/fyne/v2/lang -lang=go1.22 -complete -buildid 1_QNIhYvOle3LE4ASEi3/1_QNIhYvOle3LE4ASEi3 -goversion go1.27.0 -c=5 -nolocalimports -importcfg "$WORK\\b265\\importcfg" -embedcfg "$WORK\\b265\\embedcfg" -pack "C:\\Users\\sanya\\go\\pkg\\mod\\fyne.io\\fyne\\v2@v2.8.0\\lang\\lang.go" "C:\\Users\\sanya\\go\\pkg\\mod\\fyne.io\\fyne\\v2@v2.8.0\\lang\\lang_notandroid.go" "C:\\Users\\sanya\\go\\pkg\\mod\\fyne.io\\fyne\\v2@v2.8.0\\lang\\locale.go"
go tool buildid -w "$WORK\\b258\\_pkg_.a" # internal
go tool buildid -w "$WORK\\b221\\_pkg_.a" # internal
go tool buildid -w "$WORK\\b207\\_pkg_.a" # internal
cp "$WORK\\b207\\_pkg_.a" "C:\\Users\\sanya\\AppData\\Local\\go-build\\ed\\ed5dfef9f9b13665a5c47f62bfa18ef81a91e9feef0933e08c3ee9355d346dd6-d" # internal
mkdir -p $WORK\b209\
fyne.io/fyne/v2/internal/cache
cat >C:\Users\sanya\AppData\Local\Temp\go-build1247343387\b209\importcfg << 'EOF' # internal
# import config
packagefile fyne.io/fyne/v2=C:\Users\sanya\AppData\Local\Temp\go-build1247343387\b066\_pkg_.a
packagefile fyne.io/fyne/v2/internal/async=C:\Users\sanya\AppData\Local\Temp\go-build1247343387\b207\_pkg_.a
packagefile image=C:\Users\sanya\AppData\Local\Temp\go-build1247343387\b067\_pkg_.a
packagefile image/color=C:\Users\sanya\AppData\Local\Temp\go-build1247343387\b071\_pkg_.a
packagefile os=C:\Users\sanya\AppData\Local\Temp\go-build1247343387\b049\_pkg_.a
packagefile strconv=C:\Users\sanya\AppData\Local\Temp\go-build1247343387\b040\_pkg_.a
packagefile sync/atomic=C:\Users\sanya\AppData\Local\Temp\go-build1247343387\b044\_pkg_.a
packagefile time=C:\Users\sanya\AppData\Local\Temp\go-build1247343387\b059\_pkg_.a
EOF
"C:\\msys64\\mingw64\\lib\\go\\pkg\\tool\\windows_amd64\\compile.exe" -o "$WORK\\b209\\_pkg_.a" -trimpath "$WORK\\b209=>" -p fyne.io/fyne/v2/internal/cache -lang=go1.22 -complete -buildid zhIxmA4YOQ3u0bd3QVdr/zhIxmA4YOQ3u0bd3QVdr -goversion go1.27.0 -c=8 -nolocalimports -importcfg "$WORK\\b209\\importcfg" -pack "C:\\Users\\sanya\\go\\pkg\\mod\\fyne.io\\fyne\\v2@v2.8.0\\internal\\cache\\base.go" "C:\\Users\\sanya\\go\\pkg\\mod\\fyne.io\\fyne\\v2@v2.8.0\\internal\\cache\\blur_kernel.go" "C:\\Users\\sanya\\go\\pkg\\mod\\fyne.io\\fyne\\v2@v2.8.0\\internal\\cache\\canvases.go" "C:\\Users\\sanya\\go\\pkg\\mod\\fyne.io\\fyne\\v2@v2.8.0\\internal\\cache\\svg.go" "C:\\Users\\sanya\\go\\pkg\\mod\\fyne.io\\fyne\\v2@v2.8.0\\internal\\cache\\text.go" "C:\\Users\\sanya\\go\\pkg\\mod\\fyne.io\\fyne\\v2@v2.8.0\\internal\\cache\\texture_common.go" "C:\\Users\\sanya\\go\\pkg\\mod\\fyne.io\\fyne\\v2@v2.8.0\\internal\\cache\\texture_desktop.go" "C:\\Users\\sanya\\go\\pkg\\mod\\fyne.io\\fyne\\v2@v2.8.0\\internal\\cache\\theme.go" "C:\\Users\\sanya\\go\\pkg\\mod\\fyne.io\\fyne\\v2@v2.8.0\\internal\\cache\\widget.go"
cp "$WORK\\b258\\_pkg_.a" "C:\\Users\\sanya\\AppData\\Local\\go-build\\6f\\6fd06614cd4797433903ccc49be91fed0e5e3ab5cd4e7538fe27c13769df7b61-d" # internal
mkdir -p $WORK\b311\
cp "$WORK\\b221\\_pkg_.a" "C:\\Users\\sanya\\AppData\\Local\\go-build\\99\\9961e3c7556414b5ce7eac41f3f13ef0506d0bf13bad4b073c8e485cf3eb3c65-d" # internal
mkdir -p $WORK\b318\
go tool buildid -w "$WORK\\b263\\_pkg_.a" # internal
fyne.io/fyne/v2/driver
cat >C:\Users\sanya\AppData\Local\Temp\go-build1247343387\b311\importcfg << 'EOF' # internal
# import config
packagefile fyne.io/fyne/v2=C:\Users\sanya\AppData\Local\Temp\go-build1247343387\b066\_pkg_.a
packagefile image=C:\Users\sanya\AppData\Local\Temp\go-build1247343387\b067\_pkg_.a
EOF
fyne.io/fyne/v2/internal/animation
"C:\\msys64\\mingw64\\lib\\go\\pkg\\tool\\windows_amd64\\compile.exe" -o "$WORK\\b311\\_pkg_.a" -trimpath "$WORK\\b311=>" -p fyne.io/fyne/v2/driver -lang=go1.22 -complete -buildid qngmrjEAEBvcOxW1KhsX/qngmrjEAEBvcOxW1KhsX -goversion go1.27.0 -c=7 -nolocalimports -importcfg "$WORK\\b311\\importcfg" -pack "C:\\Users\\sanya\\go\\pkg\\mod\\fyne.io\\fyne\\v2@v2.8.0\\driver\\native.go" "C:\\Users\\sanya\\go\\pkg\\mod\\fyne.io\\fyne\\v2@v2.8.0\\driver\\native_other.go" "C:\\Users\\sanya\\go\\pkg\\mod\\fyne.io\\fyne\\v2@v2.8.0\\driver\\painter.go"
cat >C:\Users\sanya\AppData\Local\Temp\go-build1247343387\b318\importcfg << 'EOF' # internal
# import config
packagefile fyne.io/fyne/v2=C:\Users\sanya\AppData\Local\Temp\go-build1247343387\b066\_pkg_.a
packagefile sync=C:\Users\sanya\AppData\Local\Temp\go-build1247343387\b042\_pkg_.a
packagefile time=C:\Users\sanya\AppData\Local\Temp\go-build1247343387\b059\_pkg_.a
EOF
"C:\\msys64\\mingw64\\lib\\go\\pkg\\tool\\windows_amd64\\compile.exe" -o "$WORK\\b318\\_pkg_.a" -trimpath "$WORK\\b318=>" -p fyne.io/fyne/v2/internal/animation -lang=go1.22 -complete -buildid CNMTCzL4DNJbxQLaM5zS/CNMTCzL4DNJbxQLaM5zS -goversion go1.27.0 -c=6 -nolocalimports -importcfg "$WORK\\b318\\importcfg" -pack "C:\\Users\\sanya\\go\\pkg\\mod\\fyne.io\\fyne\\v2@v2.8.0\\internal\\animation\\animation.go" "C:\\Users\\sanya\\go\\pkg\\mod\\fyne.io\\fyne\\v2@v2.8.0\\internal\\animation\\runner.go"
go tool buildid -w "$WORK\\b214\\_pkg_.a" # internal
cp "$WORK\\b214\\_pkg_.a" "C:\\Users\\sanya\\AppData\\Local\\go-build\\41\\4118c51f85daa1d1f8454346a52cb04db192c0a387f223f5fcfd4f96bb5028fe-d" # internal
mkdir -p $WORK\b262\
fyne.io/fyne/v2/data/binding
cat >C:\Users\sanya\AppData\Local\Temp\go-build1247343387\b262\importcfg << 'EOF' # internal
# import config
packagefile bytes=C:\Users\sanya\AppData\Local\Temp\go-build1247343387\b069\_pkg_.a
packagefile errors=C:\Users\sanya\AppData\Local\Temp\go-build1247343387\b003\_pkg_.a
packagefile fmt=C:\Users\sanya\AppData\Local\Temp\go-build1247343387\b002\_pkg_.a
packagefile fyne.io/fyne/v2=C:\Users\sanya\AppData\Local\Temp\go-build1247343387\b066\_pkg_.a
packagefile fyne.io/fyne/v2/internal/async=C:\Users\sanya\AppData\Local\Temp\go-build1247343387\b207\_pkg_.a
packagefile fyne.io/fyne/v2/storage=C:\Users\sanya\AppData\Local\Temp\go-build1247343387\b214\_pkg_.a
packagefile reflect=C:\Users\sanya\AppData\Local\Temp\go-build1247343387\b037\_pkg_.a
packagefile strconv=C:\Users\sanya\AppData\Local\Temp\go-build1247343387\b040\_pkg_.a
packagefile strings=C:\Users\sanya\AppData\Local\Temp\go-build1247343387\b070\_pkg_.a
packagefile sync=C:\Users\sanya\AppData\Local\Temp\go-build1247343387\b042\_pkg_.a
packagefile sync/atomic=C:\Users\sanya\AppData\Local\Temp\go-build1247343387\b044\_pkg_.a
EOF
"C:\\msys64\\mingw64\\lib\\go\\pkg\\tool\\windows_amd64\\compile.exe" -o "$WORK\\b262\\_pkg_.a" -trimpath "$WORK\\b262=>" -p fyne.io/fyne/v2/data/binding -lang=go1.22 -complete -buildid 0uIAcP5UZRFMVwf_KS3e/0uIAcP5UZRFMVwf_KS3e -goversion go1.27.0 -c=5 -nolocalimports -importcfg "$WORK\\b262\\importcfg" -pack "C:\\Users\\sanya\\go\\pkg\\mod\\fyne.io\\fyne\\v2@v2.8.0\\data\\binding\\binding.go" "C:\\Users\\sanya\\go\\pkg\\mod\\fyne.io\\fyne\\v2@v2.8.0\\data\\binding\\bool.go" "C:\\Users\\sanya\\go\\pkg\\mod\\fyne.io\\fyne\\v2@v2.8.0\\data\\binding\\convert.go" "C:\\Users\\sanya\\go\\pkg\\mod\\fyne.io\\fyne\\v2@v2.8.0\\data\\binding\\convert_helper.go" "C:\\Users\\sanya\\go\\pkg\\mod\\fyne.io\\fyne\\v2@v2.8.0\\data\\binding\\items.go" "C:\\Users\\sanya\\go\\pkg\\mod\\fyne.io\\fyne\\v2@v2.8.0\\data\\binding\\lists.go" "C:\\Users\\sanya\\go\\pkg\\mod\\fyne.io\\fyne\\v2@v2.8.0\\data\\binding\\maps.go" "C:\\Users\\sanya\\go\\pkg\\mod\\fyne.io\\fyne\\v2@v2.8.0\\data\\binding\\pref_helper.go" "C:\\Users\\sanya\\go\\pkg\\mod\\fyne.io\\fyne\\v2@v2.8.0\\data\\binding\\preference.go" "C:\\Users\\sanya\\go\\pkg\\mod\\fyne.io\\fyne\\v2@v2.8.0\\data\\binding\\sprintf.go" "C:\\Users\\sanya\\go\\pkg\\mod\\fyne.io\\fyne\\v2@v2.8.0\\data\\binding\\trees.go"
go tool buildid -w "$WORK\\b318\\_pkg_.a" # internal
cp "$WORK\\b318\\_pkg_.a" "C:\\Users\\sanya\\AppData\\Local\\go-build\\5b\\5be69ba47b5df29d5452366e2794bb7daaa845ce17904a5c4a02d02ac88ddb64-d" # internal
mkdir -p $WORK\b323\
fyne.io/fyne/v2/internal/repository
go tool buildid -w "$WORK\\b311\\_pkg_.a" # internal
cp "$WORK\\b311\\_pkg_.a" "C:\\Users\\sanya\\AppData\\Local\\go-build\\eb\\eb9301920d971beb78582518da629c64e5d3426ce90415a8337a4dcb51c421db-d" # internal
mkdir -p $WORK\b333\
fyne.io/fyne/v2/internal/metadata
cat >C:\Users\sanya\AppData\Local\Temp\go-build1247343387\b333\importcfg << 'EOF' # internal
# import config
packagefile bytes=C:\Users\sanya\AppData\Local\Temp\go-build1247343387\b069\_pkg_.a
packagefile fyne.io/fyne/v2=C:\Users\sanya\AppData\Local\Temp\go-build1247343387\b066\_pkg_.a
packagefile github.com/BurntSushi/toml=C:\Users\sanya\AppData\Local\Temp\go-build1247343387\b334\_pkg_.a
packagefile github.com/nfnt/resize=C:\Users\sanya\AppData\Local\Temp\go-build1247343387\b336\_pkg_.a
packagefile image/png=C:\Users\sanya\AppData\Local\Temp\go-build1247343387\b254\_pkg_.a
packagefile io=C:\Users\sanya\AppData\Local\Temp\go-build1247343387\b048\_pkg_.a
packagefile os=C:\Users\sanya\AppData\Local\Temp\go-build1247343387\b049\_pkg_.a
packagefile path/filepath=C:\Users\sanya\AppData\Local\Temp\go-build1247343387\b175\_pkg_.a
packagefile strconv=C:\Users\sanya\AppData\Local\Temp\go-build1247343387\b040\_pkg_.a
EOF
"C:\\msys64\\mingw64\\lib\\go\\pkg\\tool\\windows_amd64\\compile.exe" -o "$WORK\\b333\\_pkg_.a" -trimpath "$WORK\\b333=>" -p fyne.io/fyne/v2/internal/metadata -lang=go1.22 -complete -buildid 7zNiFTaXwNehw6gQf8Lt/7zNiFTaXwNehw6gQf8Lt -goversion go1.27.0 -c=7 -nolocalimports -importcfg "$WORK\\b333\\importcfg" -pack "C:\\Users\\sanya\\go\\pkg\\mod\\fyne.io\\fyne\\v2@v2.8.0\\internal\\metadata\\data.go" "C:\\Users\\sanya\\go\\pkg\\mod\\fyne.io\\fyne\\v2@v2.8.0\\internal\\metadata\\icon.go" "C:\\Users\\sanya\\go\\pkg\\mod\\fyne.io\\fyne\\v2@v2.8.0\\internal\\metadata\\load.go" "C:\\Users\\sanya\\go\\pkg\\mod\\fyne.io\\fyne\\v2@v2.8.0\\internal\\metadata\\save.go"
cp "$WORK\\b263\\_pkg_.a" "C:\\Users\\sanya\\AppData\\Local\\go-build\\43\\4344a4ce756f9c90b5e9be1d91e67ae906d56b7002175e6b9ba45dd68b665c8a-d" # internal
mkdir -p $WORK\b337\
cat >C:\Users\sanya\AppData\Local\Temp\go-build1247343387\b323\importcfg << 'EOF' # internal
# import config
packagefile errors=C:\Users\sanya\AppData\Local\Temp\go-build1247343387\b003\_pkg_.a
packagefile fmt=C:\Users\sanya\AppData\Local\Temp\go-build1247343387\b002\_pkg_.a
packagefile fyne.io/fyne/v2=C:\Users\sanya\AppData\Local\Temp\go-build1247343387\b066\_pkg_.a
packagefile fyne.io/fyne/v2/storage=C:\Users\sanya\AppData\Local\Temp\go-build1247343387\b214\_pkg_.a
packagefile fyne.io/fyne/v2/storage/repository=C:\Users\sanya\AppData\Local\Temp\go-build1247343387\b216\_pkg_.a
packagefile io=C:\Users\sanya\AppData\Local\Temp\go-build1247343387\b048\_pkg_.a
packagefile io/fs=C:\Users\sanya\AppData\Local\Temp\go-build1247343387\b057\_pkg_.a
packagefile net/http=C:\Users\sanya\AppData\Local\Temp\go-build1247343387\b074\_pkg_.a
packagefile os=C:\Users\sanya\AppData\Local\Temp\go-build1247343387\b049\_pkg_.a
packagefile path=C:\Users\sanya\AppData\Local\Temp\go-build1247343387\b058\_pkg_.a
packagefile path/filepath=C:\Users\sanya\AppData\Local\Temp\go-build1247343387\b175\_pkg_.a
packagefile runtime=C:\Users\sanya\AppData\Local\Temp\go-build1247343387\b009\_pkg_.a
packagefile strings=C:\Users\sanya\AppData\Local\Temp\go-build1247343387\b070\_pkg_.a
EOF
fyne.io/fyne/v2/internal/scheduler
"C:\\msys64\\mingw64\\lib\\go\\pkg\\tool\\windows_amd64\\compile.exe" -o "$WORK\\b323\\_pkg_.a" -trimpath "$WORK\\b323=>" -p fyne.io/fyne/v2/internal/repository -lang=go1.22 -complete -buildid 4oRomWMk_vmbqJ_ngBUT/4oRomWMk_vmbqJ_ngBUT -goversion go1.27.0 -c=5 -nolocalimports -importcfg "$WORK\\b323\\importcfg" -pack "C:\\Users\\sanya\\go\\pkg\\mod\\fyne.io\\fyne\\v2@v2.8.0\\internal\\repository\\file.go" "C:\\Users\\sanya\\go\\pkg\\mod\\fyne.io\\fyne\\v2@v2.8.0\\internal\\repository\\http.go" "C:\\Users\\sanya\\go\\pkg\\mod\\fyne.io\\fyne\\v2@v2.8.0\\internal\\repository\\memory.go"
cat >C:\Users\sanya\AppData\Local\Temp\go-build1247343387\b337\importcfg << 'EOF' # internal
# import config
packagefile crypto/rand=C:\Users\sanya\AppData\Local\Temp\go-build1247343387\b138\_pkg_.a
packagefile encoding/hex=C:\Users\sanya\AppData\Local\Temp\go-build1247343387\b164\_pkg_.a
packagefile encoding/json=C:\Users\sanya\AppData\Local\Temp\go-build1247343387\b196\_pkg_.a
packagefile errors=C:\Users\sanya\AppData\Local\Temp\go-build1247343387\b003\_pkg_.a
packagefile fyne.io/fyne/v2=C:\Users\sanya\AppData\Local\Temp\go-build1247343387\b066\_pkg_.a
packagefile sync=C:\Users\sanya\AppData\Local\Temp\go-build1247343387\b042\_pkg_.a
packagefile time=C:\Users\sanya\AppData\Local\Temp\go-build1247343387\b059\_pkg_.a
EOF
"C:\\msys64\\mingw64\\lib\\go\\pkg\\tool\\windows_amd64\\compile.exe" -o "$WORK\\b337\\_pkg_.a" -trimpath "$WORK\\b337=>" -p fyne.io/fyne/v2/internal/scheduler -lang=go1.22 -complete -buildid 99tsxnLaxHCC91aMAtJU/99tsxnLaxHCC91aMAtJU -goversion go1.27.0 -c=5 -nolocalimports -importcfg "$WORK\\b337\\importcfg" -pack "C:\\Users\\sanya\\go\\pkg\\mod\\fyne.io\\fyne\\v2@v2.8.0\\internal\\scheduler\\scheduler.go"
go tool buildid -w "$WORK\\b209\\_pkg_.a" # internal
go tool buildid -w "$WORK\\b265\\_pkg_.a" # internal
go tool buildid -w "$WORK\\b333\\_pkg_.a" # internal
cp "$WORK\\b333\\_pkg_.a" "C:\\Users\\sanya\\AppData\\Local\\go-build\\4e\\4ee6a38d16c7beabd904ba76958ea2294506471488950a1c4572044b118e8126-d" # internal
mkdir -p $WORK\b361\
github.com/gopxl/beep/v2/mp3
cat >C:\Users\sanya\AppData\Local\Temp\go-build1247343387\b361\importcfg << 'EOF' # internal
# import config
packagefile fmt=C:\Users\sanya\AppData\Local\Temp\go-build1247343387\b002\_pkg_.a
packagefile github.com/gopxl/beep/v2=C:\Users\sanya\AppData\Local\Temp\go-build1247343387\b344\_pkg_.a
packagefile github.com/hajimehoshi/go-mp3=C:\Users\sanya\AppData\Local\Temp\go-build1247343387\b362\_pkg_.a
packagefile github.com/pkg/errors=C:\Users\sanya\AppData\Local\Temp\go-build1247343387\b346\_pkg_.a
packagefile io=C:\Users\sanya\AppData\Local\Temp\go-build1247343387\b048\_pkg_.a
EOF
"C:\\msys64\\mingw64\\lib\\go\\pkg\\tool\\windows_amd64\\compile.exe" -o "$WORK\\b361\\_pkg_.a" -trimpath "$WORK\\b361=>" -p github.com/gopxl/beep/v2/mp3 -lang=go1.21 -complete -buildid iMxH81JIY3mM-Yq0L2ib/iMxH81JIY3mM-Yq0L2ib -goversion go1.27.0 -c=8 -nolocalimports -importcfg "$WORK\\b361\\importcfg" -pack "C:\\Users\\sanya\\go\\pkg\\mod\\github.com\\gopxl\\beep\\v2@v2.1.1\\mp3\\decode.go"
cp "$WORK\\b209\\_pkg_.a" "C:\\Users\\sanya\\AppData\\Local\\go-build\\a3\\a386efefe6614cfc8f2597a37edb94202626a74ddfd12c53e506f6638c9bf2f2-d" # internal
mkdir -p $WORK\b210\
cp "$WORK\\b265\\_pkg_.a" "C:\\Users\\sanya\\AppData\\Local\\go-build\\51\\51e54a9f3fe3c6a5d187e497fefa7a75c3cd34b619425966bff193d0ec0bb1e3-d" # internal
mkdir -p $WORK\b211\
go tool buildid -w "$WORK\\b337\\_pkg_.a" # internal
fyne.io/fyne/v2/internal/driver
cat >C:\Users\sanya\AppData\Local\Temp\go-build1247343387\b210\importcfg << 'EOF' # internal
# import config
packagefile fyne.io/fyne/v2=C:\Users\sanya\AppData\Local\Temp\go-build1247343387\b066\_pkg_.a
packagefile fyne.io/fyne/v2/internal/cache=C:\Users\sanya\AppData\Local\Temp\go-build1247343387\b209\_pkg_.a
packagefile math=C:\Users\sanya\AppData\Local\Temp\go-build1247343387\b039\_pkg_.a
EOF
cp "$WORK\\b337\\_pkg_.a" "C:\\Users\\sanya\\AppData\\Local\\go-build\\06\\064846db66e76687da9ff4219969539e53d2af82dfa95d533ced227b528b650d-d" # internal
mkdir -p $WORK\b380\
"C:\\msys64\\mingw64\\lib\\go\\pkg\\tool\\windows_amd64\\compile.exe" -o "$WORK\\b210\\_pkg_.a" -trimpath "$WORK\\b210=>" -p fyne.io/fyne/v2/internal/driver -lang=go1.22 -complete -buildid B_qPA2bzJEhNWVrNdbul/B_qPA2bzJEhNWVrNdbul -goversion go1.27.0 -c=7 -nolocalimports -importcfg "$WORK\\b210\\importcfg" -pack "C:\\Users\\sanya\\go\\pkg\\mod\\fyne.io\\fyne\\v2@v2.8.0\\internal\\driver\\context.go" "C:\\Users\\sanya\\go\\pkg\\mod\\fyne.io\\fyne\\v2@v2.8.0\\internal\\driver\\util.go"
fyne.io/fyne/v2/internal/theme
cat >C:\Users\sanya\AppData\Local\Temp\go-build1247343387\b211\importcfg << 'EOF' # internal
# import config
packagefile fyne.io/fyne/v2=C:\Users\sanya\AppData\Local\Temp\go-build1247343387\b066\_pkg_.a
packagefile fyne.io/fyne/v2/internal/cache=C:\Users\sanya\AppData\Local\Temp\go-build1247343387\b209\_pkg_.a
packagefile image/color=C:\Users\sanya\AppData\Local\Temp\go-build1247343387\b071\_pkg_.a
EOF
"C:\\msys64\\mingw64\\lib\\go\\pkg\\tool\\windows_amd64\\compile.exe" -o "$WORK\\b211\\_pkg_.a" -trimpath "$WORK\\b211=>" -p fyne.io/fyne/v2/internal/theme -lang=go1.22 -complete -buildid l2dDvwpAOuFGBsoYQSKQ/l2dDvwpAOuFGBsoYQSKQ -goversion go1.27.0 -c=5 -nolocalimports -importcfg "$WORK\\b211\\importcfg" -pack "C:\\Users\\sanya\\go\\pkg\\mod\\fyne.io\\fyne\\v2@v2.8.0\\internal\\theme\\feature.go" "C:\\Users\\sanya\\go\\pkg\\mod\\fyne.io\\fyne\\v2@v2.8.0\\internal\\theme\\render.go" "C:\\Users\\sanya\\go\\pkg\\mod\\fyne.io\\fyne\\v2@v2.8.0\\internal\\theme\\theme.go"
go tool buildid -w "$WORK\\b323\\_pkg_.a" # internal
schoolbell/internal/scheduler
cat >C:\Users\sanya\AppData\Local\Temp\go-build1247343387\b380\importcfg << 'EOF' # internal
# import config
packagefile fmt=C:\Users\sanya\AppData\Local\Temp\go-build1247343387\b002\_pkg_.a
packagefile path/filepath=C:\Users\sanya\AppData\Local\Temp\go-build1247343387\b175\_pkg_.a
packagefile schoolbell/internal/model=C:\Users\sanya\AppData\Local\Temp\go-build1247343387\b379\_pkg_.a
packagefile schoolbell/internal/state=C:\Users\sanya\AppData\Local\Temp\go-build1247343387\b381\_pkg_.a
packagefile sync=C:\Users\sanya\AppData\Local\Temp\go-build1247343387\b042\_pkg_.a
packagefile time=C:\Users\sanya\AppData\Local\Temp\go-build1247343387\b059\_pkg_.a
EOF
"C:\\msys64\\mingw64\\lib\\go\\pkg\\tool\\windows_amd64\\compile.exe" -o "$WORK\\b380\\_pkg_.a" -trimpath "$WORK\\b380=>" -p schoolbell/internal/scheduler -lang=go1.22 -complete -buildid Y1rilHy_A1j-CsFzpcS1/Y1rilHy_A1j-CsFzpcS1 -goversion go1.27.0 -c=5 -nolocalimports -importcfg "$WORK\\b380\\importcfg" -pack "C:\\Users\\sanya\\Desktop\\Dzvinock\\internal\\scheduler\\next.go" "C:\\Users\\sanya\\Desktop\\Dzvinock\\internal\\scheduler\\scheduler.go"
go tool buildid -w "$WORK\\b361\\_pkg_.a" # internal
cp "$WORK\\b323\\_pkg_.a" "C:\\Users\\sanya\\AppData\\Local\\go-build\\13\\13b623dd4f6bc1bd46087bc7eaeef09d2dd994ee14b06e98b7cc9be3b33e2b42-d" # internal
cp "$WORK\\b361\\_pkg_.a" "C:\\Users\\sanya\\AppData\\Local\\go-build\\5d\\5dc49f6ea125e7ccdec21bb1a0490c9ee90a3730956e871430dbadc4478824fa-d" # internal
mkdir -p $WORK\b343\
schoolbell/internal/audio
cat >C:\Users\sanya\AppData\Local\Temp\go-build1247343387\b343\importcfg << 'EOF' # internal
# import config
packagefile fmt=C:\Users\sanya\AppData\Local\Temp\go-build1247343387\b002\_pkg_.a
packagefile github.com/gopxl/beep/v2=C:\Users\sanya\AppData\Local\Temp\go-build1247343387\b344\_pkg_.a
packagefile github.com/gopxl/beep/v2/flac=C:\Users\sanya\AppData\Local\Temp\go-build1247343387\b347\_pkg_.a
packagefile github.com/gopxl/beep/v2/mp3=C:\Users\sanya\AppData\Local\Temp\go-build1247343387\b361\_pkg_.a
packagefile github.com/gopxl/beep/v2/speaker=C:\Users\sanya\AppData\Local\Temp\go-build1247343387\b371\_pkg_.a
packagefile github.com/gopxl/beep/v2/vorbis=C:\Users\sanya\AppData\Local\Temp\go-build1247343387\b374\_pkg_.a
packagefile github.com/gopxl/beep/v2/wav=C:\Users\sanya\AppData\Local\Temp\go-build1247343387\b377\_pkg_.a
packagefile os=C:\Users\sanya\AppData\Local\Temp\go-build1247343387\b049\_pkg_.a
packagefile path/filepath=C:\Users\sanya\AppData\Local\Temp\go-build1247343387\b175\_pkg_.a
packagefile strings=C:\Users\sanya\AppData\Local\Temp\go-build1247343387\b070\_pkg_.a
packagefile time=C:\Users\sanya\AppData\Local\Temp\go-build1247343387\b059\_pkg_.a
EOF
"C:\\msys64\\mingw64\\lib\\go\\pkg\\tool\\windows_amd64\\compile.exe" -o "$WORK\\b343\\_pkg_.a" -trimpath "$WORK\\b343=>" -p schoolbell/internal/audio -lang=go1.22 -complete -buildid l7ovyqdaceXsfsHeMumf/l7ovyqdaceXsfsHeMumf -goversion go1.27.0 -c=7 -nolocalimports -importcfg "$WORK\\b343\\importcfg" -pack "C:\\Users\\sanya\\Desktop\\Dzvinock\\internal\\audio\\player.go"
go tool buildid -w "$WORK\\b210\\_pkg_.a" # internal
cp "$WORK\\b210\\_pkg_.a" "C:\\Users\\sanya\\AppData\\Local\\go-build\\db\\db9724ec26521075f92dc31878dbb45afce96fdcfa63629f65e24c990a0781a0-d" # internal
go tool buildid -w "$WORK\\b211\\_pkg_.a" # internal
cp "$WORK\\b211\\_pkg_.a" "C:\\Users\\sanya\\AppData\\Local\\go-build\\74\\741d6de1477e467fd94e6d115de269b5b3cf72ae5f97d287bee9980d4fe92403-d" # internal
mkdir -p $WORK\b206\
fyne.io/fyne/v2/internal/app
cat >C:\Users\sanya\AppData\Local\Temp\go-build1247343387\b206\importcfg << 'EOF' # internal
# import config
packagefile fyne.io/fyne/v2=C:\Users\sanya\AppData\Local\Temp\go-build1247343387\b066\_pkg_.a
packagefile fyne.io/fyne/v2/internal/async=C:\Users\sanya\AppData\Local\Temp\go-build1247343387\b207\_pkg_.a
packagefile fyne.io/fyne/v2/internal/cache=C:\Users\sanya\AppData\Local\Temp\go-build1247343387\b209\_pkg_.a
packagefile fyne.io/fyne/v2/internal/driver=C:\Users\sanya\AppData\Local\Temp\go-build1247343387\b210\_pkg_.a
packagefile fyne.io/fyne/v2/internal/theme=C:\Users\sanya\AppData\Local\Temp\go-build1247343387\b211\_pkg_.a
packagefile golang.org/x/sys/windows/registry=C:\Users\sanya\AppData\Local\Temp\go-build1247343387\b212\_pkg_.a
packagefile os=C:\Users\sanya\AppData\Local\Temp\go-build1247343387\b049\_pkg_.a
packagefile path/filepath=C:\Users\sanya\AppData\Local\Temp\go-build1247343387\b175\_pkg_.a
packagefile syscall=C:\Users\sanya\AppData\Local\Temp\go-build1247343387\b055\_pkg_.a
EOF
"C:\\msys64\\mingw64\\lib\\go\\pkg\\tool\\windows_amd64\\compile.exe" -o "$WORK\\b206\\_pkg_.a" -trimpath "$WORK\\b206=>" -p fyne.io/fyne/v2/internal/app -lang=go1.22 -complete -buildid wOV4SLU3Ot2yQsxhapTZ/wOV4SLU3Ot2yQsxhapTZ -goversion go1.27.0 -c=7 -nolocalimports -importcfg "$WORK\\b206\\importcfg" -pack "C:\\Users\\sanya\\go\\pkg\\mod\\fyne.io\\fyne\\v2@v2.8.0\\internal\\app\\config.go" "C:\\Users\\sanya\\go\\pkg\\mod\\fyne.io\\fyne\\v2@v2.8.0\\internal\\app\\config_windows.go" "C:\\Users\\sanya\\go\\pkg\\mod\\fyne.io\\fyne\\v2@v2.8.0\\internal\\app\\focus_manager.go" "C:\\Users\\sanya\\go\\pkg\\mod\\fyne.io\\fyne\\v2@v2.8.0\\internal\\app\\lifecycle.go" "C:\\Users\\sanya\\go\\pkg\\mod\\fyne.io\\fyne\\v2@v2.8.0\\internal\\app\\meta.go" "C:\\Users\\sanya\\go\\pkg\\mod\\fyne.io\\fyne\\v2@v2.8.0\\internal\\app\\theme.go" "C:\\Users\\sanya\\go\\pkg\\mod\\fyne.io\\fyne\\v2@v2.8.0\\internal\\app\\theme_windows.go"
go tool buildid -w "$WORK\\b380\\_pkg_.a" # internal
cp "$WORK\\b380\\_pkg_.a" "C:\\Users\\sanya\\AppData\\Local\\go-build\\07\\0705650bda7a4163d28007aafd944294c5ad6791fb0441c5bfff2db67a66c132-d" # internal
go tool buildid -w "$WORK\\b343\\_pkg_.a" # internal
cp "$WORK\\b343\\_pkg_.a" "C:\\Users\\sanya\\AppData\\Local\\go-build\\ec\\ec9bc42abcc7511cb3fbfc94ba399e7f6f1d1f8c73ee0c1a27fe82ee3051d3b5-d" # internal
go tool buildid -w "$WORK\\b206\\_pkg_.a" # internal
cp "$WORK\\b206\\_pkg_.a" "C:\\Users\\sanya\\AppData\\Local\\go-build\\a2\\a22b7e6033c4ba06c6ab3309d2eff859c62e2d45fa0b7ba7e9452768b9a72702-d" # internal
mkdir -p $WORK\b205\
fyne.io/fyne/v2/internal
cat >C:\Users\sanya\AppData\Local\Temp\go-build1247343387\b205\importcfg << 'EOF' # internal
# import config
packagefile errors=C:\Users\sanya\AppData\Local\Temp\go-build1247343387\b003\_pkg_.a
packagefile fyne.io/fyne/v2=C:\Users\sanya\AppData\Local\Temp\go-build1247343387\b066\_pkg_.a
packagefile fyne.io/fyne/v2/internal/app=C:\Users\sanya\AppData\Local\Temp\go-build1247343387\b206\_pkg_.a
packagefile fyne.io/fyne/v2/storage=C:\Users\sanya\AppData\Local\Temp\go-build1247343387\b214\_pkg_.a
packagefile net/url=C:\Users\sanya\AppData\Local\Temp\go-build1247343387\b174\_pkg_.a
packagefile reflect=C:\Users\sanya\AppData\Local\Temp\go-build1247343387\b037\_pkg_.a
packagefile sync=C:\Users\sanya\AppData\Local\Temp\go-build1247343387\b042\_pkg_.a
EOF
"C:\\msys64\\mingw64\\lib\\go\\pkg\\tool\\windows_amd64\\compile.exe" -o "$WORK\\b205\\_pkg_.a" -trimpath "$WORK\\b205=>" -p fyne.io/fyne/v2/internal -lang=go1.22 -complete -buildid kGacHgTs8t2wO-P5BJf8/kGacHgTs8t2wO-P5BJf8 -goversion go1.27.0 -c=8 -nolocalimports -importcfg "$WORK\\b205\\importcfg" -pack "C:\\Users\\sanya\\go\\pkg\\mod\\fyne.io\\fyne\\v2@v2.8.0\\internal\\clip.go" "C:\\Users\\sanya\\go\\pkg\\mod\\fyne.io\\fyne\\v2@v2.8.0\\internal\\docs.go" "C:\\Users\\sanya\\go\\pkg\\mod\\fyne.io\\fyne\\v2@v2.8.0\\internal\\hints_disabled.go" "C:\\Users\\sanya\\go\\pkg\\mod\\fyne.io\\fyne\\v2@v2.8.0\\internal\\overlay_stack.go" "C:\\Users\\sanya\\go\\pkg\\mod\\fyne.io\\fyne\\v2@v2.8.0\\internal\\preferences.go"
mkdir -p $WORK\b251\
fyne.io/fyne/v2/theme
cat >C:\Users\sanya\AppData\Local\Temp\go-build1247343387\b251\importcfg << 'EOF' # internal
# import config
packagefile bufio=C:\Users\sanya\AppData\Local\Temp\go-build1247343387\b068\_pkg_.a
packagefile embed=C:\Users\sanya\AppData\Local\Temp\go-build1247343387\b252\_pkg_.a
packagefile encoding/hex=C:\Users\sanya\AppData\Local\Temp\go-build1247343387\b164\_pkg_.a
packagefile encoding/json=C:\Users\sanya\AppData\Local\Temp\go-build1247343387\b196\_pkg_.a
packagefile errors=C:\Users\sanya\AppData\Local\Temp\go-build1247343387\b003\_pkg_.a
packagefile fyne.io/fyne/v2=C:\Users\sanya\AppData\Local\Temp\go-build1247343387\b066\_pkg_.a
packagefile fyne.io/fyne/v2/internal/app=C:\Users\sanya\AppData\Local\Temp\go-build1247343387\b206\_pkg_.a
packagefile fyne.io/fyne/v2/internal/cache=C:\Users\sanya\AppData\Local\Temp\go-build1247343387\b209\_pkg_.a
packagefile fyne.io/fyne/v2/internal/svg=C:\Users\sanya\AppData\Local\Temp\go-build1247343387\b221\_pkg_.a
packagefile fyne.io/fyne/v2/internal/theme=C:\Users\sanya\AppData\Local\Temp\go-build1247343387\b211\_pkg_.a
packagefile fyne.io/fyne/v2/storage=C:\Users\sanya\AppData\Local\Temp\go-build1247343387\b214\_pkg_.a
packagefile image/color=C:\Users\sanya\AppData\Local\Temp\go-build1247343387\b071\_pkg_.a
packagefile io=C:\Users\sanya\AppData\Local\Temp\go-build1247343387\b048\_pkg_.a
packagefile math=C:\Users\sanya\AppData\Local\Temp\go-build1247343387\b039\_pkg_.a
packagefile os=C:\Users\sanya\AppData\Local\Temp\go-build1247343387\b049\_pkg_.a
packagefile path/filepath=C:\Users\sanya\AppData\Local\Temp\go-build1247343387\b175\_pkg_.a
packagefile strings=C:\Users\sanya\AppData\Local\Temp\go-build1247343387\b070\_pkg_.a
EOF
cat >C:\Users\sanya\AppData\Local\Temp\go-build1247343387\b251\embedcfg << 'EOF' # internal
{
	"Patterns": {
		"font/DejaVuSansMono-Powerline.ttf": [
			"font/DejaVuSansMono-Powerline.ttf"
		],
		"font/EmojiOneColor.otf": [
			"font/EmojiOneColor.otf"
		],
		"font/InterSymbols-Regular.ttf": [
			"font/InterSymbols-Regular.ttf"
		],
		"font/NotoSans-Bold.ttf": [
			"font/NotoSans-Bold.ttf"
		],
		"font/NotoSans-BoldItalic.ttf": [
			"font/NotoSans-BoldItalic.ttf"
		],
		"font/NotoSans-Italic.ttf": [
			"font/NotoSans-Italic.ttf"
		],
		"font/NotoSans-Regular.ttf": [
			"font/NotoSans-Regular.ttf"
		],
		"icons/account.svg": [
			"icons/account.svg"
		],
		"icons/arrow-back.svg": [
			"icons/arrow-back.svg"
		],
		"icons/arrow-down.svg": [
			"icons/arrow-down.svg"
		],
		"icons/arrow-drop-down.svg": [
			"icons/arrow-drop-down.svg"
		],
		"icons/arrow-drop-up.svg": [
			"icons/arrow-drop-up.svg"
		],
		"icons/arrow-forward.svg": [
			"icons/arrow-forward.svg"
		],
		"icons/arrow-up.svg": [
			"icons/arrow-up.svg"
		],
		"icons/broken-image.svg": [
			"icons/broken-image.svg"
		],
		"icons/calendar.svg": [
			"icons/calendar.svg"
		],
		"icons/cancel.svg": [
			"icons/cancel.svg"
		],
		"icons/check-box-checked.svg": [
			"icons/check-box-checked.svg"
		],
		"icons/check-box-fill.svg": [
			"icons/check-box-fill.svg"
		],
		"icons/check-box-partial.svg": [
			"icons/check-box-partial.svg"
		],
		"icons/check-box.svg": [
			"icons/check-box.svg"
		],
		"icons/check.svg": [
			"icons/check.svg"
		],
		"icons/color-achromatic.svg": [
			"icons/color-achromatic.svg"
		],
		"icons/color-chromatic.svg": [
			"icons/color-chromatic.svg"
		],
		"icons/color-palette.svg": [
			"icons/color-palette.svg"
		],
		"icons/computer.svg": [
			"icons/computer.svg"
		],
		"icons/content-add.svg": [
			"icons/content-add.svg"
		],
		"icons/content-copy.svg": [
			"icons/content-copy.svg"
		],
		"icons/content-cut.svg": [
			"icons/content-cut.svg"
		],
		"icons/content-paste.svg": [
			"icons/content-paste.svg"
		],
		"icons/content-redo.svg": [
			"icons/content-redo.svg"
		],
		"icons/content-remove.svg": [
			"icons/content-remove.svg"
		],
		"icons/content-undo.svg": [
			"icons/content-undo.svg"
		],
		"icons/delete.svg": [
			"icons/delete.svg"
		],
		"icons/desktop.svg": [
			"icons/desktop.svg"
		],
		"icons/document-create.svg": [
			"icons/document-create.svg"
		],
		"icons/document-print.svg": [
			"icons/document-print.svg"
		],
		"icons/document-save.svg": [
			"icons/document-save.svg"
		],
		"icons/document.svg": [
			"icons/document.svg"
		],
		"icons/download.svg": [
			"icons/download.svg"
		],
		"icons/drag-corner-indicator.svg": [
			"icons/drag-corner-indicator.svg"
		],
		"icons/error.svg": [
			"icons/error.svg"
		],
		"icons/file-application.svg": [
			"icons/file-application.svg"
		],
		"icons/file-audio.svg": [
			"icons/file-audio.svg"
		],
		"icons/file-image.svg": [
			"icons/file-image.svg"
		],
		"icons/file-text.svg": [
			"icons/file-text.svg"
		],
		"icons/file-video.svg": [
			"icons/file-video.svg"
		],
		"icons/file.svg": [
			"icons/file.svg"
		],
		"icons/folder-new.svg": [
			"icons/folder-new.svg"
		],
		"icons/folder-open.svg": [
			"icons/folder-open.svg"
		],
		"icons/folder.svg": [
			"icons/folder.svg"
		],
		"icons/fyne.png": [
			"icons/fyne.png"
		],
		"icons/grid.svg": [
			"icons/grid.svg"
		],
		"icons/help.svg": [
			"icons/help.svg"
		],
		"icons/history.svg": [
			"icons/history.svg"
		],
		"icons/home.svg": [
			"icons/home.svg"
		],
		"icons/info.svg": [
			"icons/info.svg"
		],
		"icons/list.svg": [
			"icons/list.svg"
		],
		"icons/login.svg": [
			"icons/login.svg"
		],
		"icons/logout.svg": [
			"icons/logout.svg"
		],
		"icons/mail-attachment.svg": [
			"icons/mail-attachment.svg"
		],
		"icons/mail-compose.svg": [
			"icons/mail-compose.svg"
		],
		"icons/mail-forward.svg": [
			"icons/mail-forward.svg"
		],
		"icons/mail-reply.svg": [
			"icons/mail-reply.svg"
		],
		"icons/mail-reply_all.svg": [
			"icons/mail-reply_all.svg"
		],
		"icons/mail-send.svg": [
			"icons/mail-send.svg"
		],
		"icons/maximize.svg": [
			"icons/maximize.svg"
		],
		"icons/media-fast-forward.svg": [
			"icons/media-fast-forward.svg"
		],
		"icons/media-fast-rewind.svg": [
			"icons/media-fast-rewind.svg"
		],
		"icons/media-music.svg": [
			"icons/media-music.svg"
		],
		"icons/media-pause.svg": [
			"icons/media-pause.svg"
		],
		"icons/media-photo.svg": [
			"icons/media-photo.svg"
		],
		"icons/media-play.svg": [
			"icons/media-play.svg"
		],
		"icons/media-record.svg": [
			"icons/media-record.svg"
		],
		"icons/media-replay.svg": [
			"icons/media-replay.svg"
		],
		"icons/media-skip-next.svg": [
			"icons/media-skip-next.svg"
		],
		"icons/media-skip-previous.svg": [
			"icons/media-skip-previous.svg"
		],
		"icons/media-stop.svg": [
			"icons/media-stop.svg"
		],
		"icons/media-video.svg": [
			"icons/media-video.svg"
		],
		"icons/menu-expand.svg": [
			"icons/menu-expand.svg"
		],
		"icons/menu.svg": [
			"icons/menu.svg"
		],
		"icons/minimize.svg": [
			"icons/minimize.svg"
		],
		"icons/more-horizontal.svg": [
			"icons/more-horizontal.svg"
		],
		"icons/more-vertical.svg": [
			"icons/more-vertical.svg"
		],
		"icons/question.svg": [
			"icons/question.svg"
		],
		"icons/radio-button-checked.svg": [
			"icons/radio-button-checked.svg"
		],
		"icons/radio-button-fill.svg": [
			"icons/radio-button-fill.svg"
		],
		"icons/radio-button.svg": [
			"icons/radio-button.svg"
		],
		"icons/search-replace.svg": [
			"icons/search-replace.svg"
		],
		"icons/search.svg": [
			"icons/search.svg"
		],
		"icons/settings.svg": [
			"icons/settings.svg"
		],
		"icons/storage.svg": [
			"icons/storage.svg"
		],
		"icons/upload.svg": [
			"icons/upload.svg"
		],
		"icons/view-fullscreen.svg": [
			"icons/view-fullscreen.svg"
		],
		"icons/view-refresh.svg": [
			"icons/view-refresh.svg"
		],
		"icons/view-zoom-fit.svg": [
			"icons/view-zoom-fit.svg"
		],
		"icons/view-zoom-in.svg": [
			"icons/view-zoom-in.svg"
		],
		"icons/view-zoom-out.svg": [
			"icons/view-zoom-out.svg"
		],
		"icons/visibility-off.svg": [
			"icons/visibility-off.svg"
		],
		"icons/visibility.svg": [
			"icons/visibility.svg"
		],
		"icons/volume-down.svg": [
			"icons/volume-down.svg"
		],
		"icons/volume-mute.svg": [
			"icons/volume-mute.svg"
		],
		"icons/volume-up.svg": [
			"icons/volume-up.svg"
		],
		"icons/warning.svg": [
			"icons/warning.svg"
		]
	},
	"Files": {
		"font/DejaVuSansMono-Powerline.ttf": "C:\\Users\\sanya\\go\\pkg\\mod\\fyne.io\\fyne\\v2@v2.8.0\\theme\\font\\DejaVuSansMono-Powerline.ttf",
		"font/EmojiOneColor.otf": "C:\\Users\\sanya\\go\\pkg\\mod\\fyne.io\\fyne\\v2@v2.8.0\\theme\\font\\EmojiOneColor.otf",
		"font/InterSymbols-Regular.ttf": "C:\\Users\\sanya\\go\\pkg\\mod\\fyne.io\\fyne\\v2@v2.8.0\\theme\\font\\InterSymbols-Regular.ttf",
		"font/NotoSans-Bold.ttf": "C:\\Users\\sanya\\go\\pkg\\mod\\fyne.io\\fyne\\v2@v2.8.0\\theme\\font\\NotoSans-Bold.ttf",
		"font/NotoSans-BoldItalic.ttf": "C:\\Users\\sanya\\go\\pkg\\mod\\fyne.io\\fyne\\v2@v2.8.0\\theme\\font\\NotoSans-BoldItalic.ttf",
		"font/NotoSans-Italic.ttf": "C:\\Users\\sanya\\go\\pkg\\mod\\fyne.io\\fyne\\v2@v2.8.0\\theme\\font\\NotoSans-Italic.ttf",
		"font/NotoSans-Regular.ttf": "C:\\Users\\sanya\\go\\pkg\\mod\\fyne.io\\fyne\\v2@v2.8.0\\theme\\font\\NotoSans-Regular.ttf",
		"icons/account.svg": "C:\\Users\\sanya\\go\\pkg\\mod\\fyne.io\\fyne\\v2@v2.8.0\\theme\\icons\\account.svg",
		"icons/arrow-back.svg": "C:\\Users\\sanya\\go\\pkg\\mod\\fyne.io\\fyne\\v2@v2.8.0\\theme\\icons\\arrow-back.svg",
		"icons/arrow-down.svg": "C:\\Users\\sanya\\go\\pkg\\mod\\fyne.io\\fyne\\v2@v2.8.0\\theme\\icons\\arrow-down.svg",
		"icons/arrow-drop-down.svg": "C:\\Users\\sanya\\go\\pkg\\mod\\fyne.io\\fyne\\v2@v2.8.0\\theme\\icons\\arrow-drop-down.svg",
		"icons/arrow-drop-up.svg": "C:\\Users\\sanya\\go\\pkg\\mod\\fyne.io\\fyne\\v2@v2.8.0\\theme\\icons\\arrow-drop-up.svg",
		"icons/arrow-forward.svg": "C:\\Users\\sanya\\go\\pkg\\mod\\fyne.io\\fyne\\v2@v2.8.0\\theme\\icons\\arrow-forward.svg",
		"icons/arrow-up.svg": "C:\\Users\\sanya\\go\\pkg\\mod\\fyne.io\\fyne\\v2@v2.8.0\\theme\\icons\\arrow-up.svg",
		"icons/broken-image.svg": "C:\\Users\\sanya\\go\\pkg\\mod\\fyne.io\\fyne\\v2@v2.8.0\\theme\\icons\\broken-image.svg",
		"icons/calendar.svg": "C:\\Users\\sanya\\go\\pkg\\mod\\fyne.io\\fyne\\v2@v2.8.0\\theme\\icons\\calendar.svg",
		"icons/cancel.svg": "C:\\Users\\sanya\\go\\pkg\\mod\\fyne.io\\fyne\\v2@v2.8.0\\theme\\icons\\cancel.svg",
		"icons/check-box-checked.svg": "C:\\Users\\sanya\\go\\pkg\\mod\\fyne.io\\fyne\\v2@v2.8.0\\theme\\icons\\check-box-checked.svg",
		"icons/check-box-fill.svg": "C:\\Users\\sanya\\go\\pkg\\mod\\fyne.io\\fyne\\v2@v2.8.0\\theme\\icons\\check-box-fill.svg",
		"icons/check-box-partial.svg": "C:\\Users\\sanya\\go\\pkg\\mod\\fyne.io\\fyne\\v2@v2.8.0\\theme\\icons\\check-box-partial.svg",
		"icons/check-box.svg": "C:\\Users\\sanya\\go\\pkg\\mod\\fyne.io\\fyne\\v2@v2.8.0\\theme\\icons\\check-box.svg",
		"icons/check.svg": "C:\\Users\\sanya\\go\\pkg\\mod\\fyne.io\\fyne\\v2@v2.8.0\\theme\\icons\\check.svg",
		"icons/color-achromatic.svg": "C:\\Users\\sanya\\go\\pkg\\mod\\fyne.io\\fyne\\v2@v2.8.0\\theme\\icons\\color-achromatic.svg",
		"icons/color-chromatic.svg": "C:\\Users\\sanya\\go\\pkg\\mod\\fyne.io\\fyne\\v2@v2.8.0\\theme\\icons\\color-chromatic.svg",
		"icons/color-palette.svg": "C:\\Users\\sanya\\go\\pkg\\mod\\fyne.io\\fyne\\v2@v2.8.0\\theme\\icons\\color-palette.svg",
		"icons/computer.svg": "C:\\Users\\sanya\\go\\pkg\\mod\\fyne.io\\fyne\\v2@v2.8.0\\theme\\icons\\computer.svg",
		"icons/content-add.svg": "C:\\Users\\sanya\\go\\pkg\\mod\\fyne.io\\fyne\\v2@v2.8.0\\theme\\icons\\content-add.svg",
		"icons/content-copy.svg": "C:\\Users\\sanya\\go\\pkg\\mod\\fyne.io\\fyne\\v2@v2.8.0\\theme\\icons\\content-copy.svg",
		"icons/content-cut.svg": "C:\\Users\\sanya\\go\\pkg\\mod\\fyne.io\\fyne\\v2@v2.8.0\\theme\\icons\\content-cut.svg",
		"icons/content-paste.svg": "C:\\Users\\sanya\\go\\pkg\\mod\\fyne.io\\fyne\\v2@v2.8.0\\theme\\icons\\content-paste.svg",
		"icons/content-redo.svg": "C:\\Users\\sanya\\go\\pkg\\mod\\fyne.io\\fyne\\v2@v2.8.0\\theme\\icons\\content-redo.svg",
		"icons/content-remove.svg": "C:\\Users\\sanya\\go\\pkg\\mod\\fyne.io\\fyne\\v2@v2.8.0\\theme\\icons\\content-remove.svg",
		"icons/content-undo.svg": "C:\\Users\\sanya\\go\\pkg\\mod\\fyne.io\\fyne\\v2@v2.8.0\\theme\\icons\\content-undo.svg",
		"icons/delete.svg": "C:\\Users\\sanya\\go\\pkg\\mod\\fyne.io\\fyne\\v2@v2.8.0\\theme\\icons\\delete.svg",
		"icons/desktop.svg": "C:\\Users\\sanya\\go\\pkg\\mod\\fyne.io\\fyne\\v2@v2.8.0\\theme\\icons\\desktop.svg",
		"icons/document-create.svg": "C:\\Users\\sanya\\go\\pkg\\mod\\fyne.io\\fyne\\v2@v2.8.0\\theme\\icons\\document-create.svg",
		"icons/document-print.svg": "C:\\Users\\sanya\\go\\pkg\\mod\\fyne.io\\fyne\\v2@v2.8.0\\theme\\icons\\document-print.svg",
		"icons/document-save.svg": "C:\\Users\\sanya\\go\\pkg\\mod\\fyne.io\\fyne\\v2@v2.8.0\\theme\\icons\\document-save.svg",
		"icons/document.svg": "C:\\Users\\sanya\\go\\pkg\\mod\\fyne.io\\fyne\\v2@v2.8.0\\theme\\icons\\document.svg",
		"icons/download.svg": "C:\\Users\\sanya\\go\\pkg\\mod\\fyne.io\\fyne\\v2@v2.8.0\\theme\\icons\\download.svg",
		"icons/drag-corner-indicator.svg": "C:\\Users\\sanya\\go\\pkg\\mod\\fyne.io\\fyne\\v2@v2.8.0\\theme\\icons\\drag-corner-indicator.svg",
		"icons/error.svg": "C:\\Users\\sanya\\go\\pkg\\mod\\fyne.io\\fyne\\v2@v2.8.0\\theme\\icons\\error.svg",
		"icons/file-application.svg": "C:\\Users\\sanya\\go\\pkg\\mod\\fyne.io\\fyne\\v2@v2.8.0\\theme\\icons\\file-application.svg",
		"icons/file-audio.svg": "C:\\Users\\sanya\\go\\pkg\\mod\\fyne.io\\fyne\\v2@v2.8.0\\theme\\icons\\file-audio.svg",
		"icons/file-image.svg": "C:\\Users\\sanya\\go\\pkg\\mod\\fyne.io\\fyne\\v2@v2.8.0\\theme\\icons\\file-image.svg",
		"icons/file-text.svg": "C:\\Users\\sanya\\go\\pkg\\mod\\fyne.io\\fyne\\v2@v2.8.0\\theme\\icons\\file-text.svg",
		"icons/file-video.svg": "C:\\Users\\sanya\\go\\pkg\\mod\\fyne.io\\fyne\\v2@v2.8.0\\theme\\icons\\file-video.svg",
		"icons/file.svg": "C:\\Users\\sanya\\go\\pkg\\mod\\fyne.io\\fyne\\v2@v2.8.0\\theme\\icons\\file.svg",
		"icons/folder-new.svg": "C:\\Users\\sanya\\go\\pkg\\mod\\fyne.io\\fyne\\v2@v2.8.0\\theme\\icons\\folder-new.svg",
		"icons/folder-open.svg": "C:\\Users\\sanya\\go\\pkg\\mod\\fyne.io\\fyne\\v2@v2.8.0\\theme\\icons\\folder-open.svg",
		"icons/folder.svg": "C:\\Users\\sanya\\go\\pkg\\mod\\fyne.io\\fyne\\v2@v2.8.0\\theme\\icons\\folder.svg",
		"icons/fyne.png": "C:\\Users\\sanya\\go\\pkg\\mod\\fyne.io\\fyne\\v2@v2.8.0\\theme\\icons\\fyne.png",
		"icons/grid.svg": "C:\\Users\\sanya\\go\\pkg\\mod\\fyne.io\\fyne\\v2@v2.8.0\\theme\\icons\\grid.svg",
		"icons/help.svg": "C:\\Users\\sanya\\go\\pkg\\mod\\fyne.io\\fyne\\v2@v2.8.0\\theme\\icons\\help.svg",
		"icons/history.svg": "C:\\Users\\sanya\\go\\pkg\\mod\\fyne.io\\fyne\\v2@v2.8.0\\theme\\icons\\history.svg",
		"icons/home.svg": "C:\\Users\\sanya\\go\\pkg\\mod\\fyne.io\\fyne\\v2@v2.8.0\\theme\\icons\\home.svg",
		"icons/info.svg": "C:\\Users\\sanya\\go\\pkg\\mod\\fyne.io\\fyne\\v2@v2.8.0\\theme\\icons\\info.svg",
		"icons/list.svg": "C:\\Users\\sanya\\go\\pkg\\mod\\fyne.io\\fyne\\v2@v2.8.0\\theme\\icons\\list.svg",
		"icons/login.svg": "C:\\Users\\sanya\\go\\pkg\\mod\\fyne.io\\fyne\\v2@v2.8.0\\theme\\icons\\login.svg",
		"icons/logout.svg": "C:\\Users\\sanya\\go\\pkg\\mod\\fyne.io\\fyne\\v2@v2.8.0\\theme\\icons\\logout.svg",
		"icons/mail-attachment.svg": "C:\\Users\\sanya\\go\\pkg\\mod\\fyne.io\\fyne\\v2@v2.8.0\\theme\\icons\\mail-attachment.svg",
		"icons/mail-compose.svg": "C:\\Users\\sanya\\go\\pkg\\mod\\fyne.io\\fyne\\v2@v2.8.0\\theme\\icons\\mail-compose.svg",
		"icons/mail-forward.svg": "C:\\Users\\sanya\\go\\pkg\\mod\\fyne.io\\fyne\\v2@v2.8.0\\theme\\icons\\mail-forward.svg",
		"icons/mail-reply.svg": "C:\\Users\\sanya\\go\\pkg\\mod\\fyne.io\\fyne\\v2@v2.8.0\\theme\\icons\\mail-reply.svg",
		"icons/mail-reply_all.svg": "C:\\Users\\sanya\\go\\pkg\\mod\\fyne.io\\fyne\\v2@v2.8.0\\theme\\icons\\mail-reply_all.svg",
		"icons/mail-send.svg": "C:\\Users\\sanya\\go\\pkg\\mod\\fyne.io\\fyne\\v2@v2.8.0\\theme\\icons\\mail-send.svg",
		"icons/maximize.svg": "C:\\Users\\sanya\\go\\pkg\\mod\\fyne.io\\fyne\\v2@v2.8.0\\theme\\icons\\maximize.svg",
		"icons/media-fast-forward.svg": "C:\\Users\\sanya\\go\\pkg\\mod\\fyne.io\\fyne\\v2@v2.8.0\\theme\\icons\\media-fast-forward.svg",
		"icons/media-fast-rewind.svg": "C:\\Users\\sanya\\go\\pkg\\mod\\fyne.io\\fyne\\v2@v2.8.0\\theme\\icons\\media-fast-rewind.svg",
		"icons/media-music.svg": "C:\\Users\\sanya\\go\\pkg\\mod\\fyne.io\\fyne\\v2@v2.8.0\\theme\\icons\\media-music.svg",
		"icons/media-pause.svg": "C:\\Users\\sanya\\go\\pkg\\mod\\fyne.io\\fyne\\v2@v2.8.0\\theme\\icons\\media-pause.svg",
		"icons/media-photo.svg": "C:\\Users\\sanya\\go\\pkg\\mod\\fyne.io\\fyne\\v2@v2.8.0\\theme\\icons\\media-photo.svg",
		"icons/media-play.svg": "C:\\Users\\sanya\\go\\pkg\\mod\\fyne.io\\fyne\\v2@v2.8.0\\theme\\icons\\media-play.svg",
		"icons/media-record.svg": "C:\\Users\\sanya\\go\\pkg\\mod\\fyne.io\\fyne\\v2@v2.8.0\\theme\\icons\\media-record.svg",
		"icons/media-replay.svg": "C:\\Users\\sanya\\go\\pkg\\mod\\fyne.io\\fyne\\v2@v2.8.0\\theme\\icons\\media-replay.svg",
		"icons/media-skip-next.svg": "C:\\Users\\sanya\\go\\pkg\\mod\\fyne.io\\fyne\\v2@v2.8.0\\theme\\icons\\media-skip-next.svg",
		"icons/media-skip-previous.svg": "C:\\Users\\sanya\\go\\pkg\\mod\\fyne.io\\fyne\\v2@v2.8.0\\theme\\icons\\media-skip-previous.svg",
		"icons/media-stop.svg": "C:\\Users\\sanya\\go\\pkg\\mod\\fyne.io\\fyne\\v2@v2.8.0\\theme\\icons\\media-stop.svg",
		"icons/media-video.svg": "C:\\Users\\sanya\\go\\pkg\\mod\\fyne.io\\fyne\\v2@v2.8.0\\theme\\icons\\media-video.svg",
		"icons/menu-expand.svg": "C:\\Users\\sanya\\go\\pkg\\mod\\fyne.io\\fyne\\v2@v2.8.0\\theme\\icons\\menu-expand.svg",
		"icons/menu.svg": "C:\\Users\\sanya\\go\\pkg\\mod\\fyne.io\\fyne\\v2@v2.8.0\\theme\\icons\\menu.svg",
		"icons/minimize.svg": "C:\\Users\\sanya\\go\\pkg\\mod\\fyne.io\\fyne\\v2@v2.8.0\\theme\\icons\\minimize.svg",
		"icons/more-horizontal.svg": "C:\\Users\\sanya\\go\\pkg\\mod\\fyne.io\\fyne\\v2@v2.8.0\\theme\\icons\\more-horizontal.svg",
		"icons/more-vertical.svg": "C:\\Users\\sanya\\go\\pkg\\mod\\fyne.io\\fyne\\v2@v2.8.0\\theme\\icons\\more-vertical.svg",
		"icons/question.svg": "C:\\Users\\sanya\\go\\pkg\\mod\\fyne.io\\fyne\\v2@v2.8.0\\theme\\icons\\question.svg",
		"icons/radio-button-checked.svg": "C:\\Users\\sanya\\go\\pkg\\mod\\fyne.io\\fyne\\v2@v2.8.0\\theme\\icons\\radio-button-checked.svg",
		"icons/radio-button-fill.svg": "C:\\Users\\sanya\\go\\pkg\\mod\\fyne.io\\fyne\\v2@v2.8.0\\theme\\icons\\radio-button-fill.svg",
		"icons/radio-button.svg": "C:\\Users\\sanya\\go\\pkg\\mod\\fyne.io\\fyne\\v2@v2.8.0\\theme\\icons\\radio-button.svg",
		"icons/search-replace.svg": "C:\\Users\\sanya\\go\\pkg\\mod\\fyne.io\\fyne\\v2@v2.8.0\\theme\\icons\\search-replace.svg",
		"icons/search.svg": "C:\\Users\\sanya\\go\\pkg\\mod\\fyne.io\\fyne\\v2@v2.8.0\\theme\\icons\\search.svg",
		"icons/settings.svg": "C:\\Users\\sanya\\go\\pkg\\mod\\fyne.io\\fyne\\v2@v2.8.0\\theme\\icons\\settings.svg",
		"icons/storage.svg": "C:\\Users\\sanya\\go\\pkg\\mod\\fyne.io\\fyne\\v2@v2.8.0\\theme\\icons\\storage.svg",
		"icons/upload.svg": "C:\\Users\\sanya\\go\\pkg\\mod\\fyne.io\\fyne\\v2@v2.8.0\\theme\\icons\\upload.svg",
		"icons/view-fullscreen.svg": "C:\\Users\\sanya\\go\\pkg\\mod\\fyne.io\\fyne\\v2@v2.8.0\\theme\\icons\\view-fullscreen.svg",
		"icons/view-refresh.svg": "C:\\Users\\sanya\\go\\pkg\\mod\\fyne.io\\fyne\\v2@v2.8.0\\theme\\icons\\view-refresh.svg",
		"icons/view-zoom-fit.svg": "C:\\Users\\sanya\\go\\pkg\\mod\\fyne.io\\fyne\\v2@v2.8.0\\theme\\icons\\view-zoom-fit.svg",
		"icons/view-zoom-in.svg": "C:\\Users\\sanya\\go\\pkg\\mod\\fyne.io\\fyne\\v2@v2.8.0\\theme\\icons\\view-zoom-in.svg",
		"icons/view-zoom-out.svg": "C:\\Users\\sanya\\go\\pkg\\mod\\fyne.io\\fyne\\v2@v2.8.0\\theme\\icons\\view-zoom-out.svg",
		"icons/visibility-off.svg": "C:\\Users\\sanya\\go\\pkg\\mod\\fyne.io\\fyne\\v2@v2.8.0\\theme\\icons\\visibility-off.svg",
		"icons/visibility.svg": "C:\\Users\\sanya\\go\\pkg\\mod\\fyne.io\\fyne\\v2@v2.8.0\\theme\\icons\\visibility.svg",
		"icons/volume-down.svg": "C:\\Users\\sanya\\go\\pkg\\mod\\fyne.io\\fyne\\v2@v2.8.0\\theme\\icons\\volume-down.svg",
		"icons/volume-mute.svg": "C:\\Users\\sanya\\go\\pkg\\mod\\fyne.io\\fyne\\v2@v2.8.0\\theme\\icons\\volume-mute.svg",
		"icons/volume-up.svg": "C:\\Users\\sanya\\go\\pkg\\mod\\fyne.io\\fyne\\v2@v2.8.0\\theme\\icons\\volume-up.svg",
		"icons/warning.svg": "C:\\Users\\sanya\\go\\pkg\\mod\\fyne.io\\fyne\\v2@v2.8.0\\theme\\icons\\warning.svg"
	}
}EOF
"C:\\msys64\\mingw64\\lib\\go\\pkg\\tool\\windows_amd64\\compile.exe" -o "$WORK\\b251\\_pkg_.a" -trimpath "$WORK\\b251=>" -p fyne.io/fyne/v2/theme -lang=go1.22 -complete -buildid SXVpRhCxLjhN2GdcysM3/SXVpRhCxLjhN2GdcysM3 -goversion go1.27.0 -c=7 -nolocalimports -importcfg "$WORK\\b251\\importcfg" -embedcfg "$WORK\\b251\\embedcfg" -pack "C:\\Users\\sanya\\go\\pkg\\mod\\fyne.io\\fyne\\v2@v2.8.0\\theme\\bundled-emoji.go" "C:\\Users\\sanya\\go\\pkg\\mod\\fyne.io\\fyne\\v2@v2.8.0\\theme\\bundled-fonts.go" "C:\\Users\\sanya\\go\\pkg\\mod\\fyne.io\\fyne\\v2@v2.8.0\\theme\\bundled-icons.go" "C:\\Users\\sanya\\go\\pkg\\mod\\fyne.io\\fyne\\v2@v2.8.0\\theme\\color.go" "C:\\Users\\sanya\\go\\pkg\\mod\\fyne.io\\fyne\\v2@v2.8.0\\theme\\font.go" "C:\\Users\\sanya\\go\\pkg\\mod\\fyne.io\\fyne\\v2@v2.8.0\\theme\\icons.go" "C:\\Users\\sanya\\go\\pkg\\mod\\fyne.io\\fyne\\v2@v2.8.0\\theme\\json.go" "C:\\Users\\sanya\\go\\pkg\\mod\\fyne.io\\fyne\\v2@v2.8.0\\theme\\legacy.go" "C:\\Users\\sanya\\go\\pkg\\mod\\fyne.io\\fyne\\v2@v2.8.0\\theme\\size.go" "C:\\Users\\sanya\\go\\pkg\\mod\\fyne.io\\fyne\\v2@v2.8.0\\theme\\theme.go" "C:\\Users\\sanya\\go\\pkg\\mod\\fyne.io\\fyne\\v2@v2.8.0\\theme\\theme_desktop.go" "C:\\Users\\sanya\\go\\pkg\\mod\\fyne.io\\fyne\\v2@v2.8.0\\theme\\theme_other.go"
go tool buildid -w "$WORK\\b205\\_pkg_.a" # internal
cp "$WORK\\b205\\_pkg_.a" "C:\\Users\\sanya\\AppData\\Local\\go-build\\62\\628d8d7a43a20b8e1c67d4994b4ca2699b2becf145ffa81bdff937dc03dcf6bd-d" # internal
go tool buildid -w "$WORK\\b251\\_pkg_.a" # internal
cp "$WORK\\b251\\_pkg_.a" "C:\\Users\\sanya\\AppData\\Local\\go-build\\09\\096f0e41211ddcada598f4bf1de8023942942433d15c5919854e1d86024b3ed6-d" # internal
mkdir -p $WORK\b219\
fyne.io/fyne/v2/canvas
cat >C:\Users\sanya\AppData\Local\Temp\go-build1247343387\b219\importcfg << 'EOF' # internal
# import config
packagefile bytes=C:\Users\sanya\AppData\Local\Temp\go-build1247343387\b069\_pkg_.a
packagefile errors=C:\Users\sanya\AppData\Local\Temp\go-build1247343387\b003\_pkg_.a
packagefile fyne.io/fyne/v2=C:\Users\sanya\AppData\Local\Temp\go-build1247343387\b066\_pkg_.a
packagefile fyne.io/fyne/v2/internal/cache=C:\Users\sanya\AppData\Local\Temp\go-build1247343387\b209\_pkg_.a
packagefile fyne.io/fyne/v2/internal/scale=C:\Users\sanya\AppData\Local\Temp\go-build1247343387\b220\_pkg_.a
packagefile fyne.io/fyne/v2/internal/svg=C:\Users\sanya\AppData\Local\Temp\go-build1247343387\b221\_pkg_.a
packagefile fyne.io/fyne/v2/storage=C:\Users\sanya\AppData\Local\Temp\go-build1247343387\b214\_pkg_.a
packagefile fyne.io/fyne/v2/theme=C:\Users\sanya\AppData\Local\Temp\go-build1247343387\b251\_pkg_.a
packagefile image=C:\Users\sanya\AppData\Local\Temp\go-build1247343387\b067\_pkg_.a
packagefile image/color=C:\Users\sanya\AppData\Local\Temp\go-build1247343387\b071\_pkg_.a
packagefile image/draw=C:\Users\sanya\AppData\Local\Temp\go-build1247343387\b228\_pkg_.a
packagefile image/jpeg=C:\Users\sanya\AppData\Local\Temp\go-build1247343387\b253\_pkg_.a
packagefile image/png=C:\Users\sanya\AppData\Local\Temp\go-build1247343387\b254\_pkg_.a
packagefile io=C:\Users\sanya\AppData\Local\Temp\go-build1247343387\b048\_pkg_.a
packagefile math=C:\Users\sanya\AppData\Local\Temp\go-build1247343387\b039\_pkg_.a
packagefile os=C:\Users\sanya\AppData\Local\Temp\go-build1247343387\b049\_pkg_.a
packagefile path/filepath=C:\Users\sanya\AppData\Local\Temp\go-build1247343387\b175\_pkg_.a
packagefile time=C:\Users\sanya\AppData\Local\Temp\go-build1247343387\b059\_pkg_.a
EOF
"C:\\msys64\\mingw64\\lib\\go\\pkg\\tool\\windows_amd64\\compile.exe" -o "$WORK\\b219\\_pkg_.a" -trimpath "$WORK\\b219=>" -p fyne.io/fyne/v2/canvas -lang=go1.22 -complete -buildid KWAlxQDtHgj7vctz-YQC/KWAlxQDtHgj7vctz-YQC -goversion go1.27.0 -c=8 -nolocalimports -importcfg "$WORK\\b219\\importcfg" -pack "C:\\Users\\sanya\\go\\pkg\\mod\\fyne.io\\fyne\\v2@v2.8.0\\canvas\\animation.go" "C:\\Users\\sanya\\go\\pkg\\mod\\fyne.io\\fyne\\v2@v2.8.0\\canvas\\arbitrary_polygon.go" "C:\\Users\\sanya\\go\\pkg\\mod\\fyne.io\\fyne\\v2@v2.8.0\\canvas\\arc.go" "C:\\Users\\sanya\\go\\pkg\\mod\\fyne.io\\fyne\\v2@v2.8.0\\canvas\\base.go" "C:\\Users\\sanya\\go\\pkg\\mod\\fyne.io\\fyne\\v2@v2.8.0\\canvas\\bezier_curve.go" "C:\\Users\\sanya\\go\\pkg\\mod\\fyne.io\\fyne\\v2@v2.8.0\\canvas\\blur.go" "C:\\Users\\sanya\\go\\pkg\\mod\\fyne.io\\fyne\\v2@v2.8.0\\canvas\\canvas.go" "C:\\Users\\sanya\\go\\pkg\\mod\\fyne.io\\fyne\\v2@v2.8.0\\canvas\\circle.go" "C:\\Users\\sanya\\go\\pkg\\mod\\fyne.io\\fyne\\v2@v2.8.0\\canvas\\ellipse.go" "C:\\Users\\sanya\\go\\pkg\\mod\\fyne.io\\fyne\\v2@v2.8.0\\canvas\\gradient.go" "C:\\Users\\sanya\\go\\pkg\\mod\\fyne.io\\fyne\\v2@v2.8.0\\canvas\\image.go" "C:\\Users\\sanya\\go\\pkg\\mod\\fyne.io\\fyne\\v2@v2.8.0\\canvas\\line.go" "C:\\Users\\sanya\\go\\pkg\\mod\\fyne.io\\fyne\\v2@v2.8.0\\canvas\\polygon.go" "C:\\Users\\sanya\\go\\pkg\\mod\\fyne.io\\fyne\\v2@v2.8.0\\canvas\\raster.go" "C:\\Users\\sanya\\go\\pkg\\mod\\fyne.io\\fyne\\v2@v2.8.0\\canvas\\rectangle.go" "C:\\Users\\sanya\\go\\pkg\\mod\\fyne.io\\fyne\\v2@v2.8.0\\canvas\\regularpolygon.go" "C:\\Users\\sanya\\go\\pkg\\mod\\fyne.io\\fyne\\v2@v2.8.0\\canvas\\shader.go" "C:\\Users\\sanya\\go\\pkg\\mod\\fyne.io\\fyne\\v2@v2.8.0\\canvas\\shadow.go" "C:\\Users\\sanya\\go\\pkg\\mod\\fyne.io\\fyne\\v2@v2.8.0\\canvas\\square.go" "C:\\Users\\sanya\\go\\pkg\\mod\\fyne.io\\fyne\\v2@v2.8.0\\canvas\\text.go"
go tool buildid -w "$WORK\\b219\\_pkg_.a" # internal
cp "$WORK\\b219\\_pkg_.a" "C:\\Users\\sanya\\AppData\\Local\\go-build\\27\\277dbf29093a5c11dc1e12ec50ae09a3fac60b62508f5b92dd02a7bafcc4d4eb-d" # internal
mkdir -p $WORK\b259\
fyne.io/fyne/v2/internal/widget
cat >C:\Users\sanya\AppData\Local\Temp\go-build1247343387\b259\importcfg << 'EOF' # internal
# import config
packagefile fyne.io/fyne/v2=C:\Users\sanya\AppData\Local\Temp\go-build1247343387\b066\_pkg_.a
packagefile fyne.io/fyne/v2/canvas=C:\Users\sanya\AppData\Local\Temp\go-build1247343387\b219\_pkg_.a
packagefile fyne.io/fyne/v2/driver/desktop=C:\Users\sanya\AppData\Local\Temp\go-build1247343387\b258\_pkg_.a
packagefile fyne.io/fyne/v2/internal/cache=C:\Users\sanya\AppData\Local\Temp\go-build1247343387\b209\_pkg_.a
packagefile fyne.io/fyne/v2/theme=C:\Users\sanya\AppData\Local\Temp\go-build1247343387\b251\_pkg_.a
packagefile image/color=C:\Users\sanya\AppData\Local\Temp\go-build1247343387\b071\_pkg_.a
packagefile time=C:\Users\sanya\AppData\Local\Temp\go-build1247343387\b059\_pkg_.a
EOF
mkdir -p $WORK\b264\
fyne.io/fyne/v2/internal/painter
cat >C:\Users\sanya\AppData\Local\Temp\go-build1247343387\b264\importcfg << 'EOF' # internal
# import config
packagefile bytes=C:\Users\sanya\AppData\Local\Temp\go-build1247343387\b069\_pkg_.a
packagefile fyne.io/fyne/v2=C:\Users\sanya\AppData\Local\Temp\go-build1247343387\b066\_pkg_.a
packagefile fyne.io/fyne/v2/canvas=C:\Users\sanya\AppData\Local\Temp\go-build1247343387\b219\_pkg_.a
packagefile fyne.io/fyne/v2/internal/async=C:\Users\sanya\AppData\Local\Temp\go-build1247343387\b207\_pkg_.a
packagefile fyne.io/fyne/v2/internal/cache=C:\Users\sanya\AppData\Local\Temp\go-build1247343387\b209\_pkg_.a
packagefile fyne.io/fyne/v2/lang=C:\Users\sanya\AppData\Local\Temp\go-build1247343387\b265\_pkg_.a
packagefile fyne.io/fyne/v2/theme=C:\Users\sanya\AppData\Local\Temp\go-build1247343387\b251\_pkg_.a
packagefile github.com/go-text/render=C:\Users\sanya\AppData\Local\Temp\go-build1247343387\b273\_pkg_.a
packagefile github.com/go-text/typesetting/di=C:\Users\sanya\AppData\Local\Temp\go-build1247343387\b284\_pkg_.a
packagefile github.com/go-text/typesetting/font=C:\Users\sanya\AppData\Local\Temp\go-build1247343387\b274\_pkg_.a
packagefile github.com/go-text/typesetting/fontscan=C:\Users\sanya\AppData\Local\Temp\go-build1247343387\b293\_pkg_.a
packagefile github.com/go-text/typesetting/language=C:\Users\sanya\AppData\Local\Temp\go-build1247343387\b279\_pkg_.a
packagefile github.com/go-text/typesetting/shaping=C:\Users\sanya\AppData\Local\Temp\go-build1247343387\b283\_pkg_.a
packagefile github.com/srwiley/rasterx=C:\Users\sanya\AppData\Local\Temp\go-build1247343387\b225\_pkg_.a
packagefile golang.org/x/image/draw=C:\Users\sanya\AppData\Local\Temp\go-build1247343387\b291\_pkg_.a
packagefile golang.org/x/image/math/fixed=C:\Users\sanya\AppData\Local\Temp\go-build1247343387\b226\_pkg_.a
packagefile image=C:\Users\sanya\AppData\Local\Temp\go-build1247343387\b067\_pkg_.a
packagefile image/color=C:\Users\sanya\AppData\Local\Temp\go-build1247343387\b071\_pkg_.a
packagefile image/draw=C:\Users\sanya\AppData\Local\Temp\go-build1247343387\b228\_pkg_.a
packagefile image/jpeg=C:\Users\sanya\AppData\Local\Temp\go-build1247343387\b253\_pkg_.a
packagefile image/png=C:\Users\sanya\AppData\Local\Temp\go-build1247343387\b254\_pkg_.a
packagefile math=C:\Users\sanya\AppData\Local\Temp\go-build1247343387\b039\_pkg_.a
packagefile os=C:\Users\sanya\AppData\Local\Temp\go-build1247343387\b049\_pkg_.a
packagefile path/filepath=C:\Users\sanya\AppData\Local\Temp\go-build1247343387\b175\_pkg_.a
packagefile runtime=C:\Users\sanya\AppData\Local\Temp\go-build1247343387\b009\_pkg_.a
packagefile strings=C:\Users\sanya\AppData\Local\Temp\go-build1247343387\b070\_pkg_.a
packagefile sync=C:\Users\sanya\AppData\Local\Temp\go-build1247343387\b042\_pkg_.a
EOF
"C:\\msys64\\mingw64\\lib\\go\\pkg\\tool\\windows_amd64\\compile.exe" -o "$WORK\\b264\\_pkg_.a" -trimpath "$WORK\\b264=>" -p fyne.io/fyne/v2/internal/painter -lang=go1.22 -complete -buildid laS3vF3JGsn4_44Fa2In/laS3vF3JGsn4_44Fa2In -goversion go1.27.0 -c=7 -nolocalimports -importcfg "$WORK\\b264\\importcfg" -pack "C:\\Users\\sanya\\go\\pkg\\mod\\fyne.io\\fyne\\v2@v2.8.0\\internal\\painter\\draw.go" "C:\\Users\\sanya\\go\\pkg\\mod\\fyne.io\\fyne\\v2@v2.8.0\\internal\\painter\\font.go" "C:\\Users\\sanya\\go\\pkg\\mod\\fyne.io\\fyne\\v2@v2.8.0\\internal\\painter\\font_prod.go" "C:\\Users\\sanya\\go\\pkg\\mod\\fyne.io\\fyne\\v2@v2.8.0\\internal\\painter\\image.go" "C:\\Users\\sanya\\go\\pkg\\mod\\fyne.io\\fyne\\v2@v2.8.0\\internal\\painter\\vector.go"
"C:\\msys64\\mingw64\\lib\\go\\pkg\\tool\\windows_amd64\\compile.exe" -o "$WORK\\b259\\_pkg_.a" -trimpath "$WORK\\b259=>" -p fyne.io/fyne/v2/internal/widget -lang=go1.22 -complete -buildid YboC-R9AkwKRj7zAE9Tk/YboC-R9AkwKRj7zAE9Tk -goversion go1.27.0 -c=8 -nolocalimports -importcfg "$WORK\\b259\\importcfg" -pack "C:\\Users\\sanya\\go\\pkg\\mod\\fyne.io\\fyne\\v2@v2.8.0\\internal\\widget\\base.go" "C:\\Users\\sanya\\go\\pkg\\mod\\fyne.io\\fyne\\v2@v2.8.0\\internal\\widget\\base_renderer.go" "C:\\Users\\sanya\\go\\pkg\\mod\\fyne.io\\fyne\\v2@v2.8.0\\internal\\widget\\overlay_container.go" "C:\\Users\\sanya\\go\\pkg\\mod\\fyne.io\\fyne\\v2@v2.8.0\\internal\\widget\\scroller.go" "C:\\Users\\sanya\\go\\pkg\\mod\\fyne.io\\fyne\\v2@v2.8.0\\internal\\widget\\scroller_behavior_other.go" "C:\\Users\\sanya\\go\\pkg\\mod\\fyne.io\\fyne\\v2@v2.8.0\\internal\\widget\\shadow.go" "C:\\Users\\sanya\\go\\pkg\\mod\\fyne.io\\fyne\\v2@v2.8.0\\internal\\widget\\simple_renderer.go"
mkdir -p $WORK\b260\
fyne.io/fyne/v2/layout
mkdir -p $WORK\b341\
github.com/FyshOS/fancyfs
cat >C:\Users\sanya\AppData\Local\Temp\go-build1247343387\b260\importcfg << 'EOF' # internal
# import config
packagefile fyne.io/fyne/v2=C:\Users\sanya\AppData\Local\Temp\go-build1247343387\b066\_pkg_.a
packagefile fyne.io/fyne/v2/canvas=C:\Users\sanya\AppData\Local\Temp\go-build1247343387\b219\_pkg_.a
packagefile fyne.io/fyne/v2/theme=C:\Users\sanya\AppData\Local\Temp\go-build1247343387\b251\_pkg_.a
packagefile math=C:\Users\sanya\AppData\Local\Temp\go-build1247343387\b039\_pkg_.a
EOF
cat >C:\Users\sanya\AppData\Local\Temp\go-build1247343387\b341\importcfg << 'EOF' # internal
# import config
packagefile errors=C:\Users\sanya\AppData\Local\Temp\go-build1247343387\b003\_pkg_.a
packagefile fyne.io/fyne/v2=C:\Users\sanya\AppData\Local\Temp\go-build1247343387\b066\_pkg_.a
packagefile fyne.io/fyne/v2/canvas=C:\Users\sanya\AppData\Local\Temp\go-build1247343387\b219\_pkg_.a
packagefile fyne.io/fyne/v2/storage=C:\Users\sanya\AppData\Local\Temp\go-build1247343387\b214\_pkg_.a
packagefile fyne.io/fyne/v2/theme=C:\Users\sanya\AppData\Local\Temp\go-build1247343387\b251\_pkg_.a
packagefile os=C:\Users\sanya\AppData\Local\Temp\go-build1247343387\b049\_pkg_.a
packagefile path/filepath=C:\Users\sanya\AppData\Local\Temp\go-build1247343387\b175\_pkg_.a
EOF
"C:\\msys64\\mingw64\\lib\\go\\pkg\\tool\\windows_amd64\\compile.exe" -o "$WORK\\b341\\_pkg_.a" -trimpath "$WORK\\b341=>" -p github.com/FyshOS/fancyfs -lang=go1.19 -complete -buildid i5YHQFltmBCrNgAPOFW9/i5YHQFltmBCrNgAPOFW9 -goversion go1.27.0 -c=5 -nolocalimports -importcfg "$WORK\\b341\\importcfg" -pack "C:\\Users\\sanya\\go\\pkg\\mod\\github.com\\!fysh!o!s\\fancyfs@v0.0.1\\folder.go"
"C:\\msys64\\mingw64\\lib\\go\\pkg\\tool\\windows_amd64\\compile.exe" -o "$WORK\\b260\\_pkg_.a" -trimpath "$WORK\\b260=>" -p fyne.io/fyne/v2/layout -lang=go1.22 -complete -buildid _Rv4mEUKhyp48UgNUbw9/_Rv4mEUKhyp48UgNUbw9 -goversion go1.27.0 -c=6 -nolocalimports -importcfg "$WORK\\b260\\importcfg" -pack "C:\\Users\\sanya\\go\\pkg\\mod\\fyne.io\\fyne\\v2@v2.8.0\\layout\\borderlayout.go" "C:\\Users\\sanya\\go\\pkg\\mod\\fyne.io\\fyne\\v2@v2.8.0\\layout\\boxlayout.go" "C:\\Users\\sanya\\go\\pkg\\mod\\fyne.io\\fyne\\v2@v2.8.0\\layout\\centerlayout.go" "C:\\Users\\sanya\\go\\pkg\\mod\\fyne.io\\fyne\\v2@v2.8.0\\layout\\custompaddedlayout.go" "C:\\Users\\sanya\\go\\pkg\\mod\\fyne.io\\fyne\\v2@v2.8.0\\layout\\formlayout.go" "C:\\Users\\sanya\\go\\pkg\\mod\\fyne.io\\fyne\\v2@v2.8.0\\layout\\gridlayout.go" "C:\\Users\\sanya\\go\\pkg\\mod\\fyne.io\\fyne\\v2@v2.8.0\\layout\\gridwraplayout.go" "C:\\Users\\sanya\\go\\pkg\\mod\\fyne.io\\fyne\\v2@v2.8.0\\layout\\paddedlayout.go" "C:\\Users\\sanya\\go\\pkg\\mod\\fyne.io\\fyne\\v2@v2.8.0\\layout\\rowwrap.go" "C:\\Users\\sanya\\go\\pkg\\mod\\fyne.io\\fyne\\v2@v2.8.0\\layout\\spacer.go" "C:\\Users\\sanya\\go\\pkg\\mod\\fyne.io\\fyne\\v2@v2.8.0\\layout\\stacklayout.go"
go tool buildid -w "$WORK\\b341\\_pkg_.a" # internal
cp "$WORK\\b341\\_pkg_.a" "C:\\Users\\sanya\\AppData\\Local\\go-build\\01\\014083ce26ed5baaf4b40ad3f38d2ecf1180a3e206dd2af144d00bb72e1ef012-d" # internal
go tool buildid -w "$WORK\\b262\\_pkg_.a" # internal
go tool buildid -w "$WORK\\b259\\_pkg_.a" # internal
cp "$WORK\\b259\\_pkg_.a" "C:\\Users\\sanya\\AppData\\Local\\go-build\\97\\97329ab785fe4841889dd18120df4044d02a80567e0c16ea169f34c2e042c7dd-d" # internal
go tool buildid -w "$WORK\\b260\\_pkg_.a" # internal
cp "$WORK\\b260\\_pkg_.a" "C:\\Users\\sanya\\AppData\\Local\\go-build\\c5\\c56f0f4b35c6d31480c37dddbd4e5eef86a59089d69e6fc3bdd1f6c5ef1fc3c7-d" # internal
cp "$WORK\\b262\\_pkg_.a" "C:\\Users\\sanya\\AppData\\Local\\go-build\\70\\70993e4f3996707a6ddd7b4d3cac2e8297ea3625985d95d94ee71b854114bbc8-d" # internal
go tool buildid -w "$WORK\\b264\\_pkg_.a" # internal
cp "$WORK\\b264\\_pkg_.a" "C:\\Users\\sanya\\AppData\\Local\\go-build\\49\\498a0c94acc2278f7c9109a860cde365dae796cb459a7cf8cec4af26f4e512d3-d" # internal
mkdir -p $WORK\b313\
fyne.io/fyne/v2/internal/painter/software
mkdir -p $WORK\b261\
cat >C:\Users\sanya\AppData\Local\Temp\go-build1247343387\b313\importcfg << 'EOF' # internal
# import config
packagefile fmt=C:\Users\sanya\AppData\Local\Temp\go-build1247343387\b002\_pkg_.a
packagefile fyne.io/fyne/v2=C:\Users\sanya\AppData\Local\Temp\go-build1247343387\b066\_pkg_.a
packagefile fyne.io/fyne/v2/canvas=C:\Users\sanya\AppData\Local\Temp\go-build1247343387\b219\_pkg_.a
packagefile fyne.io/fyne/v2/internal/cache=C:\Users\sanya\AppData\Local\Temp\go-build1247343387\b209\_pkg_.a
packagefile fyne.io/fyne/v2/internal/driver=C:\Users\sanya\AppData\Local\Temp\go-build1247343387\b210\_pkg_.a
packagefile fyne.io/fyne/v2/internal/painter=C:\Users\sanya\AppData\Local\Temp\go-build1247343387\b264\_pkg_.a
packagefile fyne.io/fyne/v2/internal/scale=C:\Users\sanya\AppData\Local\Temp\go-build1247343387\b220\_pkg_.a
packagefile fyne.io/fyne/v2/theme=C:\Users\sanya\AppData\Local\Temp\go-build1247343387\b251\_pkg_.a
packagefile github.com/anthonynsimon/bild/blur=C:\Users\sanya\AppData\Local\Temp\go-build1247343387\b314\_pkg_.a
packagefile golang.org/x/image/draw=C:\Users\sanya\AppData\Local\Temp\go-build1247343387\b291\_pkg_.a
packagefile image=C:\Users\sanya\AppData\Local\Temp\go-build1247343387\b067\_pkg_.a
packagefile image/color=C:\Users\sanya\AppData\Local\Temp\go-build1247343387\b071\_pkg_.a
packagefile math=C:\Users\sanya\AppData\Local\Temp\go-build1247343387\b039\_pkg_.a
EOF
fyne.io/fyne/v2/widget
"C:\\msys64\\mingw64\\lib\\go\\pkg\\tool\\windows_amd64\\compile.exe" -o "$WORK\\b313\\_pkg_.a" -trimpath "$WORK\\b313=>" -p fyne.io/fyne/v2/internal/painter/software -lang=go1.22 -complete -buildid CfKgfPH8PaEH2Rs_Zr1A/CfKgfPH8PaEH2Rs_Zr1A -goversion go1.27.0 -c=8 -nolocalimports -importcfg "$WORK\\b313\\importcfg" -pack "C:\\Users\\sanya\\go\\pkg\\mod\\fyne.io\\fyne\\v2@v2.8.0\\internal\\painter\\software\\draw.go" "C:\\Users\\sanya\\go\\pkg\\mod\\fyne.io\\fyne\\v2@v2.8.0\\internal\\painter\\software\\painter.go"
cat >C:\Users\sanya\AppData\Local\Temp\go-build1247343387\b261\importcfg << 'EOF' # internal
# import config
packagefile errors=C:\Users\sanya\AppData\Local\Temp\go-build1247343387\b003\_pkg_.a
packagefile fmt=C:\Users\sanya\AppData\Local\Temp\go-build1247343387\b002\_pkg_.a
packagefile fyne.io/fyne/v2=C:\Users\sanya\AppData\Local\Temp\go-build1247343387\b066\_pkg_.a
packagefile fyne.io/fyne/v2/canvas=C:\Users\sanya\AppData\Local\Temp\go-build1247343387\b219\_pkg_.a
packagefile fyne.io/fyne/v2/data/binding=C:\Users\sanya\AppData\Local\Temp\go-build1247343387\b262\_pkg_.a
packagefile fyne.io/fyne/v2/driver/desktop=C:\Users\sanya\AppData\Local\Temp\go-build1247343387\b258\_pkg_.a
packagefile fyne.io/fyne/v2/driver/mobile=C:\Users\sanya\AppData\Local\Temp\go-build1247343387\b263\_pkg_.a
packagefile fyne.io/fyne/v2/internal/async=C:\Users\sanya\AppData\Local\Temp\go-build1247343387\b207\_pkg_.a
packagefile fyne.io/fyne/v2/internal/cache=C:\Users\sanya\AppData\Local\Temp\go-build1247343387\b209\_pkg_.a
packagefile fyne.io/fyne/v2/internal/color=C:\Users\sanya\AppData\Local\Temp\go-build1247343387\b223\_pkg_.a
packagefile fyne.io/fyne/v2/internal/painter=C:\Users\sanya\AppData\Local\Temp\go-build1247343387\b264\_pkg_.a
packagefile fyne.io/fyne/v2/internal/repository/mime=C:\Users\sanya\AppData\Local\Temp\go-build1247343387\b215\_pkg_.a
packagefile fyne.io/fyne/v2/internal/scale=C:\Users\sanya\AppData\Local\Temp\go-build1247343387\b220\_pkg_.a
packagefile fyne.io/fyne/v2/internal/svg=C:\Users\sanya\AppData\Local\Temp\go-build1247343387\b221\_pkg_.a
packagefile fyne.io/fyne/v2/internal/widget=C:\Users\sanya\AppData\Local\Temp\go-build1247343387\b259\_pkg_.a
packagefile fyne.io/fyne/v2/lang=C:\Users\sanya\AppData\Local\Temp\go-build1247343387\b265\_pkg_.a
packagefile fyne.io/fyne/v2/layout=C:\Users\sanya\AppData\Local\Temp\go-build1247343387\b260\_pkg_.a
packagefile fyne.io/fyne/v2/storage=C:\Users\sanya\AppData\Local\Temp\go-build1247343387\b214\_pkg_.a
packagefile fyne.io/fyne/v2/theme=C:\Users\sanya\AppData\Local\Temp\go-build1247343387\b251\_pkg_.a
packagefile github.com/go-text/typesetting/di=C:\Users\sanya\AppData\Local\Temp\go-build1247343387\b284\_pkg_.a
packagefile github.com/go-text/typesetting/shaping=C:\Users\sanya\AppData\Local\Temp\go-build1247343387\b283\_pkg_.a
packagefile github.com/mattn/go-runewidth=C:\Users\sanya\AppData\Local\Temp\go-build1247343387\b296\_pkg_.a
packagefile github.com/yuin/goldmark=C:\Users\sanya\AppData\Local\Temp\go-build1247343387\b299\_pkg_.a
packagefile github.com/yuin/goldmark/ast=C:\Users\sanya\AppData\Local\Temp\go-build1247343387\b301\_pkg_.a
packagefile github.com/yuin/goldmark/extension=C:\Users\sanya\AppData\Local\Temp\go-build1247343387\b308\_pkg_.a
packagefile github.com/yuin/goldmark/extension/ast=C:\Users\sanya\AppData\Local\Temp\go-build1247343387\b309\_pkg_.a
packagefile github.com/yuin/goldmark/renderer=C:\Users\sanya\AppData\Local\Temp\go-build1247343387\b306\_pkg_.a
packagefile golang.org/x/image/math/fixed=C:\Users\sanya\AppData\Local\Temp\go-build1247343387\b226\_pkg_.a
packagefile html=C:\Users\sanya\AppData\Local\Temp\go-build1247343387\b310\_pkg_.a
packagefile image/color=C:\Users\sanya\AppData\Local\Temp\go-build1247343387\b071\_pkg_.a
packagefile io=C:\Users\sanya\AppData\Local\Temp\go-build1247343387\b048\_pkg_.a
packagefile math=C:\Users\sanya\AppData\Local\Temp\go-build1247343387\b039\_pkg_.a
packagefile net/url=C:\Users\sanya\AppData\Local\Temp\go-build1247343387\b174\_pkg_.a
packagefile reflect=C:\Users\sanya\AppData\Local\Temp\go-build1247343387\b037\_pkg_.a
packagefile runtime=C:\Users\sanya\AppData\Local\Temp\go-build1247343387\b009\_pkg_.a
packagefile sort=C:\Users\sanya\AppData\Local\Temp\go-build1247343387\b176\_pkg_.a
packagefile strconv=C:\Users\sanya\AppData\Local\Temp\go-build1247343387\b040\_pkg_.a
packagefile strings=C:\Users\sanya\AppData\Local\Temp\go-build1247343387\b070\_pkg_.a
packagefile sync=C:\Users\sanya\AppData\Local\Temp\go-build1247343387\b042\_pkg_.a
packagefile sync/atomic=C:\Users\sanya\AppData\Local\Temp\go-build1247343387\b044\_pkg_.a
packagefile time=C:\Users\sanya\AppData\Local\Temp\go-build1247343387\b059\_pkg_.a
packagefile unicode=C:\Users\sanya\AppData\Local\Temp\go-build1247343387\b046\_pkg_.a
packagefile unicode/utf8=C:\Users\sanya\AppData\Local\Temp\go-build1247343387\b041\_pkg_.a
EOF
"C:\\msys64\\mingw64\\lib\\go\\pkg\\tool\\windows_amd64\\compile.exe" -o "$WORK\\b261\\_pkg_.a" -trimpath "$WORK\\b261=>" -p fyne.io/fyne/v2/widget -lang=go1.22 -complete -buildid XIV1Yp13SGzdJwwkQWFO/XIV1Yp13SGzdJwwkQWFO -goversion go1.27.0 -c=8 -nolocalimports -importcfg "$WORK\\b261\\importcfg" -pack "C:\\Users\\sanya\\go\\pkg\\mod\\fyne.io\\fyne\\v2@v2.8.0\\widget\\accordion.go" "C:\\Users\\sanya\\go\\pkg\\mod\\fyne.io\\fyne\\v2@v2.8.0\\widget\\activity.go" "C:\\Users\\sanya\\go\\pkg\\mod\\fyne.io\\fyne\\v2@v2.8.0\\widget\\bind_helper.go" "C:\\Users\\sanya\\go\\pkg\\mod\\fyne.io\\fyne\\v2@v2.8.0\\widget\\button.go" "C:\\Users\\sanya\\go\\pkg\\mod\\fyne.io\\fyne\\v2@v2.8.0\\widget\\calendar.go" "C:\\Users\\sanya\\go\\pkg\\mod\\fyne.io\\fyne\\v2@v2.8.0\\widget\\card.go" "C:\\Users\\sanya\\go\\pkg\\mod\\fyne.io\\fyne\\v2@v2.8.0\\widget\\check.go" "C:\\Users\\sanya\\go\\pkg\\mod\\fyne.io\\fyne\\v2@v2.8.0\\widget\\check_group.go" "C:\\Users\\sanya\\go\\pkg\\mod\\fyne.io\\fyne\\v2@v2.8.0\\widget\\date_entry.go" "C:\\Users\\sanya\\go\\pkg\\mod\\fyne.io\\fyne\\v2@v2.8.0\\widget\\entry.go" "C:\\Users\\sanya\\go\\pkg\\mod\\fyne.io\\fyne\\v2@v2.8.0\\widget\\entry_cursor_anim.go" "C:\\Users\\sanya\\go\\pkg\\mod\\fyne.io\\fyne\\v2@v2.8.0\\widget\\entry_password.go" "C:\\Users\\sanya\\go\\pkg\\mod\\fyne.io\\fyne\\v2@v2.8.0\\widget\\entry_validation.go" "C:\\Users\\sanya\\go\\pkg\\mod\\fyne.io\\fyne\\v2@v2.8.0\\widget\\fileicon.go" "C:\\Users\\sanya\\go\\pkg\\mod\\fyne.io\\fyne\\v2@v2.8.0\\widget\\form.go" "C:\\Users\\sanya\\go\\pkg\\mod\\fyne.io\\fyne\\v2@v2.8.0\\widget\\gridwrap.go" "C:\\Users\\sanya\\go\\pkg\\mod\\fyne.io\\fyne\\v2@v2.8.0\\widget\\hyperlink.go" "C:\\Users\\sanya\\go\\pkg\\mod\\fyne.io\\fyne\\v2@v2.8.0\\widget\\icon.go" "C:\\Users\\sanya\\go\\pkg\\mod\\fyne.io\\fyne\\v2@v2.8.0\\widget\\importance.go" "C:\\Users\\sanya\\go\\pkg\\mod\\fyne.io\\fyne\\v2@v2.8.0\\widget\\label.go" "C:\\Users\\sanya\\go\\pkg\\mod\\fyne.io\\fyne\\v2@v2.8.0\\widget\\list.go" "C:\\Users\\sanya\\go\\pkg\\mod\\fyne.io\\fyne\\v2@v2.8.0\\widget\\locale.go" "C:\\Users\\sanya\\go\\pkg\\mod\\fyne.io\\fyne\\v2@v2.8.0\\widget\\markdown.go" "C:\\Users\\sanya\\go\\pkg\\mod\\fyne.io\\fyne\\v2@v2.8.0\\widget\\markdown_image_notweb.go" "C:\\Users\\sanya\\go\\pkg\\mod\\fyne.io\\fyne\\v2@v2.8.0\\widget\\menu.go" "C:\\Users\\sanya\\go\\pkg\\mod\\fyne.io\\fyne\\v2@v2.8.0\\widget\\menu_item.go" "C:\\Users\\sanya\\go\\pkg\\mod\\fyne.io\\fyne\\v2@v2.8.0\\widget\\menu_item_other.go" "C:\\Users\\sanya\\go\\pkg\\mod\\fyne.io\\fyne\\v2@v2.8.0\\widget\\popup.go" "C:\\Users\\sanya\\go\\pkg\\mod\\fyne.io\\fyne\\v2@v2.8.0\\widget\\popup_menu.go" "C:\\Users\\sanya\\go\\pkg\\mod\\fyne.io\\fyne\\v2@v2.8.0\\widget\\progressbar.go" "C:\\Users\\sanya\\go\\pkg\\mod\\fyne.io\\fyne\\v2@v2.8.0\\widget\\progressbarinfinite.go" "C:\\Users\\sanya\\go\\pkg\\mod\\fyne.io\\fyne\\v2@v2.8.0\\widget\\radio_group.go" "C:\\Users\\sanya\\go\\pkg\\mod\\fyne.io\\fyne\\v2@v2.8.0\\widget\\radio_item.go" "C:\\Users\\sanya\\go\\pkg\\mod\\fyne.io\\fyne\\v2@v2.8.0\\widget\\richtext.go" "C:\\Users\\sanya\\go\\pkg\\mod\\fyne.io\\fyne\\v2@v2.8.0\\widget\\richtext_objects.go" "C:\\Users\\sanya\\go\\pkg\\mod\\fyne.io\\fyne\\v2@v2.8.0\\widget\\select.go" "C:\\Users\\sanya\\go\\pkg\\mod\\fyne.io\\fyne\\v2@v2.8.0\\widget\\select_entry.go" "C:\\Users\\sanya\\go\\pkg\\mod\\fyne.io\\fyne\\v2@v2.8.0\\widget\\selectable.go" "C:\\Users\\sanya\\go\\pkg\\mod\\fyne.io\\fyne\\v2@v2.8.0\\widget\\separator.go" "C:\\Users\\sanya\\go\\pkg\\mod\\fyne.io\\fyne\\v2@v2.8.0\\widget\\slider.go" "C:\\Users\\sanya\\go\\pkg\\mod\\fyne.io\\fyne\\v2@v2.8.0\\widget\\table.go" "C:\\Users\\sanya\\go\\pkg\\mod\\fyne.io\\fyne\\v2@v2.8.0\\widget\\textgrid.go" "C:\\Users\\sanya\\go\\pkg\\mod\\fyne.io\\fyne\\v2@v2.8.0\\widget\\toolbar.go" "C:\\Users\\sanya\\go\\pkg\\mod\\fyne.io\\fyne\\v2@v2.8.0\\widget\\tree.go" "C:\\Users\\sanya\\go\\pkg\\mod\\fyne.io\\fyne\\v2@v2.8.0\\widget\\widget.go"
go tool buildid -w "$WORK\\b313\\_pkg_.a" # internal
cp "$WORK\\b313\\_pkg_.a" "C:\\Users\\sanya\\AppData\\Local\\go-build\\db\\dbdaa322e5c20dcb738a0156af1272e7ea4dad55db15409dd5755aff4186d9c5-d" # internal
mkdir -p $WORK\b312\
fyne.io/fyne/v2/driver/software
cat >C:\Users\sanya\AppData\Local\Temp\go-build1247343387\b312\importcfg << 'EOF' # internal
# import config
packagefile fyne.io/fyne/v2=C:\Users\sanya\AppData\Local\Temp\go-build1247343387\b066\_pkg_.a
packagefile fyne.io/fyne/v2/driver=C:\Users\sanya\AppData\Local\Temp\go-build1247343387\b311\_pkg_.a
packagefile fyne.io/fyne/v2/internal=C:\Users\sanya\AppData\Local\Temp\go-build1247343387\b205\_pkg_.a
packagefile fyne.io/fyne/v2/internal/app=C:\Users\sanya\AppData\Local\Temp\go-build1247343387\b206\_pkg_.a
packagefile fyne.io/fyne/v2/internal/cache=C:\Users\sanya\AppData\Local\Temp\go-build1247343387\b209\_pkg_.a
packagefile fyne.io/fyne/v2/internal/painter/software=C:\Users\sanya\AppData\Local\Temp\go-build1247343387\b313\_pkg_.a
packagefile fyne.io/fyne/v2/internal/scale=C:\Users\sanya\AppData\Local\Temp\go-build1247343387\b220\_pkg_.a
packagefile fyne.io/fyne/v2/theme=C:\Users\sanya\AppData\Local\Temp\go-build1247343387\b251\_pkg_.a
packagefile image=C:\Users\sanya\AppData\Local\Temp\go-build1247343387\b067\_pkg_.a
packagefile image/draw=C:\Users\sanya\AppData\Local\Temp\go-build1247343387\b228\_pkg_.a
packagefile sync=C:\Users\sanya\AppData\Local\Temp\go-build1247343387\b042\_pkg_.a
EOF
"C:\\msys64\\mingw64\\lib\\go\\pkg\\tool\\windows_amd64\\compile.exe" -o "$WORK\\b312\\_pkg_.a" -trimpath "$WORK\\b312=>" -p fyne.io/fyne/v2/driver/software -lang=go1.22 -complete -buildid QfETFiRMcXBZygNndjz6/QfETFiRMcXBZygNndjz6 -goversion go1.27.0 -c=8 -nolocalimports -importcfg "$WORK\\b312\\importcfg" -pack "C:\\Users\\sanya\\go\\pkg\\mod\\fyne.io\\fyne\\v2@v2.8.0\\driver\\software\\canvas.go" "C:\\Users\\sanya\\go\\pkg\\mod\\fyne.io\\fyne\\v2@v2.8.0\\driver\\software\\render.go"
go tool buildid -w "$WORK\\b312\\_pkg_.a" # internal
cp "$WORK\\b312\\_pkg_.a" "C:\\Users\\sanya\\AppData\\Local\\go-build\\e0\\e079da8f5e9fb4f150697eca363a2d471fa8cfb039ee95ac4e794b33657717e5-d" # internal
go tool buildid -w "$WORK\\b261\\_pkg_.a" # internal
cp "$WORK\\b261\\_pkg_.a" "C:\\Users\\sanya\\AppData\\Local\\go-build\\80\\8013ec3a50735de37fbd1bb722dd390f92447c43d2cdccb033b2f08f8dc29500-d" # internal
mkdir -p $WORK\b257\
fyne.io/fyne/v2/container
cat >C:\Users\sanya\AppData\Local\Temp\go-build1247343387\b257\importcfg << 'EOF' # internal
# import config
packagefile fyne.io/fyne/v2=C:\Users\sanya\AppData\Local\Temp\go-build1247343387\b066\_pkg_.a
packagefile fyne.io/fyne/v2/canvas=C:\Users\sanya\AppData\Local\Temp\go-build1247343387\b219\_pkg_.a
packagefile fyne.io/fyne/v2/driver/desktop=C:\Users\sanya\AppData\Local\Temp\go-build1247343387\b258\_pkg_.a
packagefile fyne.io/fyne/v2/internal=C:\Users\sanya\AppData\Local\Temp\go-build1247343387\b205\_pkg_.a
packagefile fyne.io/fyne/v2/internal/build=C:\Users\sanya\AppData\Local\Temp\go-build1247343387\b208\_pkg_.a
packagefile fyne.io/fyne/v2/internal/cache=C:\Users\sanya\AppData\Local\Temp\go-build1247343387\b209\_pkg_.a
packagefile fyne.io/fyne/v2/internal/theme=C:\Users\sanya\AppData\Local\Temp\go-build1247343387\b211\_pkg_.a
packagefile fyne.io/fyne/v2/internal/widget=C:\Users\sanya\AppData\Local\Temp\go-build1247343387\b259\_pkg_.a
packagefile fyne.io/fyne/v2/layout=C:\Users\sanya\AppData\Local\Temp\go-build1247343387\b260\_pkg_.a
packagefile fyne.io/fyne/v2/theme=C:\Users\sanya\AppData\Local\Temp\go-build1247343387\b251\_pkg_.a
packagefile fyne.io/fyne/v2/widget=C:\Users\sanya\AppData\Local\Temp\go-build1247343387\b261\_pkg_.a
packagefile image/color=C:\Users\sanya\AppData\Local\Temp\go-build1247343387\b071\_pkg_.a
packagefile runtime=C:\Users\sanya\AppData\Local\Temp\go-build1247343387\b009\_pkg_.a
packagefile strings=C:\Users\sanya\AppData\Local\Temp\go-build1247343387\b070\_pkg_.a
EOF
"C:\\msys64\\mingw64\\lib\\go\\pkg\\tool\\windows_amd64\\compile.exe" -o "$WORK\\b257\\_pkg_.a" -trimpath "$WORK\\b257=>" -p fyne.io/fyne/v2/container -lang=go1.22 -complete -buildid 94iQAVS1Q0_bZ6M3Km6G/94iQAVS1Q0_bZ6M3Km6G -goversion go1.27.0 -c=8 -nolocalimports -importcfg "$WORK\\b257\\importcfg" -pack "C:\\Users\\sanya\\go\\pkg\\mod\\fyne.io\\fyne\\v2@v2.8.0\\container\\apptabs.go" "C:\\Users\\sanya\\go\\pkg\\mod\\fyne.io\\fyne\\v2@v2.8.0\\container\\clip.go" "C:\\Users\\sanya\\go\\pkg\\mod\\fyne.io\\fyne\\v2@v2.8.0\\container\\container.go" "C:\\Users\\sanya\\go\\pkg\\mod\\fyne.io\\fyne\\v2@v2.8.0\\container\\doctabs.go" "C:\\Users\\sanya\\go\\pkg\\mod\\fyne.io\\fyne\\v2@v2.8.0\\container\\innerwindow.go" "C:\\Users\\sanya\\go\\pkg\\mod\\fyne.io\\fyne\\v2@v2.8.0\\container\\layouts.go" "C:\\Users\\sanya\\go\\pkg\\mod\\fyne.io\\fyne\\v2@v2.8.0\\container\\multiplewindows.go" "C:\\Users\\sanya\\go\\pkg\\mod\\fyne.io\\fyne\\v2@v2.8.0\\container\\navigation.go" "C:\\Users\\sanya\\go\\pkg\\mod\\fyne.io\\fyne\\v2@v2.8.0\\container\\scroll.go" "C:\\Users\\sanya\\go\\pkg\\mod\\fyne.io\\fyne\\v2@v2.8.0\\container\\split.go" "C:\\Users\\sanya\\go\\pkg\\mod\\fyne.io\\fyne\\v2@v2.8.0\\container\\tabs.go" "C:\\Users\\sanya\\go\\pkg\\mod\\fyne.io\\fyne\\v2@v2.8.0\\container\\theme.go"
go tool buildid -w "$WORK\\b257\\_pkg_.a" # internal
cp "$WORK\\b257\\_pkg_.a" "C:\\Users\\sanya\\AppData\\Local\\go-build\\46\\46481b1e1d19cedeb363900fc3a051c45acff0031e246c789d6e8fa55a614337-d" # internal
mkdir -p $WORK\b340\
fyne.io/fyne/v2/dialog
cat >C:\Users\sanya\AppData\Local\Temp\go-build1247343387\b340\importcfg << 'EOF' # internal
# import config
packagefile errors=C:\Users\sanya\AppData\Local\Temp\go-build1247343387\b003\_pkg_.a
packagefile fmt=C:\Users\sanya\AppData\Local\Temp\go-build1247343387\b002\_pkg_.a
packagefile fyne.io/fyne/v2=C:\Users\sanya\AppData\Local\Temp\go-build1247343387\b066\_pkg_.a
packagefile fyne.io/fyne/v2/canvas=C:\Users\sanya\AppData\Local\Temp\go-build1247343387\b219\_pkg_.a
packagefile fyne.io/fyne/v2/container=C:\Users\sanya\AppData\Local\Temp\go-build1247343387\b257\_pkg_.a
packagefile fyne.io/fyne/v2/driver/desktop=C:\Users\sanya\AppData\Local\Temp\go-build1247343387\b258\_pkg_.a
packagefile fyne.io/fyne/v2/internal/color=C:\Users\sanya\AppData\Local\Temp\go-build1247343387\b223\_pkg_.a
packagefile fyne.io/fyne/v2/internal/widget=C:\Users\sanya\AppData\Local\Temp\go-build1247343387\b259\_pkg_.a
packagefile fyne.io/fyne/v2/lang=C:\Users\sanya\AppData\Local\Temp\go-build1247343387\b265\_pkg_.a
packagefile fyne.io/fyne/v2/layout=C:\Users\sanya\AppData\Local\Temp\go-build1247343387\b260\_pkg_.a
packagefile fyne.io/fyne/v2/storage=C:\Users\sanya\AppData\Local\Temp\go-build1247343387\b214\_pkg_.a
packagefile fyne.io/fyne/v2/storage/repository=C:\Users\sanya\AppData\Local\Temp\go-build1247343387\b216\_pkg_.a
packagefile fyne.io/fyne/v2/theme=C:\Users\sanya\AppData\Local\Temp\go-build1247343387\b251\_pkg_.a
packagefile fyne.io/fyne/v2/widget=C:\Users\sanya\AppData\Local\Temp\go-build1247343387\b261\_pkg_.a
packagefile github.com/FyshOS/fancyfs=C:\Users\sanya\AppData\Local\Temp\go-build1247343387\b341\_pkg_.a
packagefile image=C:\Users\sanya\AppData\Local\Temp\go-build1247343387\b067\_pkg_.a
packagefile image/color=C:\Users\sanya\AppData\Local\Temp\go-build1247343387\b071\_pkg_.a
packagefile image/draw=C:\Users\sanya\AppData\Local\Temp\go-build1247343387\b228\_pkg_.a
packagefile math=C:\Users\sanya\AppData\Local\Temp\go-build1247343387\b039\_pkg_.a
packagefile math/cmplx=C:\Users\sanya\AppData\Local\Temp\go-build1247343387\b342\_pkg_.a
packagefile os=C:\Users\sanya\AppData\Local\Temp\go-build1247343387\b049\_pkg_.a
packagefile path/filepath=C:\Users\sanya\AppData\Local\Temp\go-build1247343387\b175\_pkg_.a
packagefile runtime=C:\Users\sanya\AppData\Local\Temp\go-build1247343387\b009\_pkg_.a
packagefile sort=C:\Users\sanya\AppData\Local\Temp\go-build1247343387\b176\_pkg_.a
packagefile strconv=C:\Users\sanya\AppData\Local\Temp\go-build1247343387\b040\_pkg_.a
packagefile strings=C:\Users\sanya\AppData\Local\Temp\go-build1247343387\b070\_pkg_.a
packagefile syscall=C:\Users\sanya\AppData\Local\Temp\go-build1247343387\b055\_pkg_.a
packagefile time=C:\Users\sanya\AppData\Local\Temp\go-build1247343387\b059\_pkg_.a
packagefile unicode=C:\Users\sanya\AppData\Local\Temp\go-build1247343387\b046\_pkg_.a
packagefile unicode/utf8=C:\Users\sanya\AppData\Local\Temp\go-build1247343387\b041\_pkg_.a
EOF
"C:\\msys64\\mingw64\\lib\\go\\pkg\\tool\\windows_amd64\\compile.exe" -o "$WORK\\b340\\_pkg_.a" -trimpath "$WORK\\b340=>" -p fyne.io/fyne/v2/dialog -lang=go1.22 -complete -buildid TNIcBuzz5oVNjCKWLlWT/TNIcBuzz5oVNjCKWLlWT -goversion go1.27.0 -c=8 -nolocalimports -importcfg "$WORK\\b340\\importcfg" -pack "C:\\Users\\sanya\\go\\pkg\\mod\\fyne.io\\fyne\\v2@v2.8.0\\dialog\\base.go" "C:\\Users\\sanya\\go\\pkg\\mod\\fyne.io\\fyne\\v2@v2.8.0\\dialog\\color.go" "C:\\Users\\sanya\\go\\pkg\\mod\\fyne.io\\fyne\\v2@v2.8.0\\dialog\\color_button.go" "C:\\Users\\sanya\\go\\pkg\\mod\\fyne.io\\fyne\\v2@v2.8.0\\dialog\\color_channel.go" "C:\\Users\\sanya\\go\\pkg\\mod\\fyne.io\\fyne\\v2@v2.8.0\\dialog\\color_picker.go" "C:\\Users\\sanya\\go\\pkg\\mod\\fyne.io\\fyne\\v2@v2.8.0\\dialog\\color_preview.go" "C:\\Users\\sanya\\go\\pkg\\mod\\fyne.io\\fyne\\v2@v2.8.0\\dialog\\color_wheel.go" "C:\\Users\\sanya\\go\\pkg\\mod\\fyne.io\\fyne\\v2@v2.8.0\\dialog\\confirm.go" "C:\\Users\\sanya\\go\\pkg\\mod\\fyne.io\\fyne\\v2@v2.8.0\\dialog\\custom.go" "C:\\Users\\sanya\\go\\pkg\\mod\\fyne.io\\fyne\\v2@v2.8.0\\dialog\\entry.go" "C:\\Users\\sanya\\go\\pkg\\mod\\fyne.io\\fyne\\v2@v2.8.0\\dialog\\file.go" "C:\\Users\\sanya\\go\\pkg\\mod\\fyne.io\\fyne\\v2@v2.8.0\\dialog\\file_windows.go" "C:\\Users\\sanya\\go\\pkg\\mod\\fyne.io\\fyne\\v2@v2.8.0\\dialog\\fileitem.go" "C:\\Users\\sanya\\go\\pkg\\mod\\fyne.io\\fyne\\v2@v2.8.0\\dialog\\folder.go" "C:\\Users\\sanya\\go\\pkg\\mod\\fyne.io\\fyne\\v2@v2.8.0\\dialog\\form.go" "C:\\Users\\sanya\\go\\pkg\\mod\\fyne.io\\fyne\\v2@v2.8.0\\dialog\\information.go" "C:\\Users\\sanya\\go\\pkg\\mod\\fyne.io\\fyne\\v2@v2.8.0\\dialog\\progress.go" "C:\\Users\\sanya\\go\\pkg\\mod\\fyne.io\\fyne\\v2@v2.8.0\\dialog\\progressinfinite.go" "C:\\Users\\sanya\\go\\pkg\\mod\\fyne.io\\fyne\\v2@v2.8.0\\dialog\\text.go"
go tool buildid -w "$WORK\\b340\\_pkg_.a" # internal
cp "$WORK\\b340\\_pkg_.a" "C:\\Users\\sanya\\AppData\\Local\\go-build\\8a\\8a6ba77e56138ad7dc1caf9a874ff63539f540826b4b60a466ce4c0bf4432dae-d" # internal
mkdir -p $WORK\b382\
schoolbell/internal/ui
cat >C:\Users\sanya\AppData\Local\Temp\go-build1247343387\b382\importcfg << 'EOF' # internal
# import config
packagefile crypto/rand=C:\Users\sanya\AppData\Local\Temp\go-build1247343387\b138\_pkg_.a
packagefile encoding/hex=C:\Users\sanya\AppData\Local\Temp\go-build1247343387\b164\_pkg_.a
packagefile fmt=C:\Users\sanya\AppData\Local\Temp\go-build1247343387\b002\_pkg_.a
packagefile fyne.io/fyne/v2=C:\Users\sanya\AppData\Local\Temp\go-build1247343387\b066\_pkg_.a
packagefile fyne.io/fyne/v2/container=C:\Users\sanya\AppData\Local\Temp\go-build1247343387\b257\_pkg_.a
packagefile fyne.io/fyne/v2/dialog=C:\Users\sanya\AppData\Local\Temp\go-build1247343387\b340\_pkg_.a
packagefile fyne.io/fyne/v2/storage=C:\Users\sanya\AppData\Local\Temp\go-build1247343387\b214\_pkg_.a
packagefile fyne.io/fyne/v2/widget=C:\Users\sanya\AppData\Local\Temp\go-build1247343387\b261\_pkg_.a
packagefile os=C:\Users\sanya\AppData\Local\Temp\go-build1247343387\b049\_pkg_.a
packagefile path/filepath=C:\Users\sanya\AppData\Local\Temp\go-build1247343387\b175\_pkg_.a
packagefile schoolbell/internal/model=C:\Users\sanya\AppData\Local\Temp\go-build1247343387\b379\_pkg_.a
packagefile schoolbell/internal/scheduler=C:\Users\sanya\AppData\Local\Temp\go-build1247343387\b380\_pkg_.a
packagefile schoolbell/internal/state=C:\Users\sanya\AppData\Local\Temp\go-build1247343387\b381\_pkg_.a
packagefile strings=C:\Users\sanya\AppData\Local\Temp\go-build1247343387\b070\_pkg_.a
packagefile time=C:\Users\sanya\AppData\Local\Temp\go-build1247343387\b059\_pkg_.a
EOF
"C:\\msys64\\mingw64\\lib\\go\\pkg\\tool\\windows_amd64\\compile.exe" -o "$WORK\\b382\\_pkg_.a" -trimpath "$WORK\\b382=>" -p schoolbell/internal/ui -lang=go1.22 -complete -buildid FkADw3IPVF4yZiNlJNDP/FkADw3IPVF4yZiNlJNDP -goversion go1.27.0 -c=8 -nolocalimports -importcfg "$WORK\\b382\\importcfg" -pack "C:\\Users\\sanya\\Desktop\\Dzvinock\\internal\\ui\\ui.go"
go tool buildid -w "$WORK\\b382\\_pkg_.a" # internal
cp "$WORK\\b382\\_pkg_.a" "C:\\Users\\sanya\\AppData\\Local\\go-build\\64\\64779d6e60a198910db6335fc46292ecafb5c969186620d67d91eae8cc21e164-d" # internal
cd $WORK\b331
TERM='dumb' gcc -I "C:\\Users\\sanya\\go\\pkg\\mod\\github.com\\go-gl\\glfw\\v3.4\\glfw@v0.1.0-pre.1.0.20260707082822-2a407d02d01a" -m64 -pthread -Wl,--no-gc-sections -fmessage-length=0 "-ffile-prefix-map=$WORK\\b331=/tmp/go-build" -gno-record-gcc-switches -I "$WORK\\b331\\" -O2 -g "-IC:\\Users\\sanya\\go\\pkg\\mod\\github.com\\go-gl\\glfw\\v3.4\\glfw@v0.1.0-pre.1.0.20260707082822-2a407d02d01a\\glfw\\include" -D_GNU_SOURCE -D_GLFW_WIN32 "-IC:\\Users\\sanya\\go\\pkg\\mod\\github.com\\go-gl\\glfw\\v3.4\\glfw@v0.1.0-pre.1.0.20260707082822-2a407d02d01a\\glfw\\deps\\mingw" -frandom-seed=JJv4ZeIWYWornCebePYa -o "$WORK\\b331\\_x001.o" -c _cgo_export.c
TERM='dumb' gcc -I "C:\\Users\\sanya\\go\\pkg\\mod\\github.com\\go-gl\\glfw\\v3.4\\glfw@v0.1.0-pre.1.0.20260707082822-2a407d02d01a" -m64 -pthread -Wl,--no-gc-sections -fmessage-length=0 "-ffile-prefix-map=$WORK\\b331=/tmp/go-build" -gno-record-gcc-switches -I "$WORK\\b331\\" -O2 -g "-IC:\\Users\\sanya\\go\\pkg\\mod\\github.com\\go-gl\\glfw\\v3.4\\glfw@v0.1.0-pre.1.0.20260707082822-2a407d02d01a\\glfw\\include" -D_GNU_SOURCE -D_GLFW_WIN32 "-IC:\\Users\\sanya\\go\\pkg\\mod\\github.com\\go-gl\\glfw\\v3.4\\glfw@v0.1.0-pre.1.0.20260707082822-2a407d02d01a\\glfw\\deps\\mingw" -frandom-seed=qAcBZIp6sJtHFjvaSQ-o -o "$WORK\\b331\\_x004.o" -c c_glfw_windows.cgo2.c
TERM='dumb' gcc -I "C:\\Users\\sanya\\go\\pkg\\mod\\github.com\\go-gl\\glfw\\v3.4\\glfw@v0.1.0-pre.1.0.20260707082822-2a407d02d01a" -m64 -pthread -Wl,--no-gc-sections -fmessage-length=0 "-ffile-prefix-map=$WORK\\b331=/tmp/go-build" -gno-record-gcc-switches -I "$WORK\\b331\\" -O2 -g "-IC:\\Users\\sanya\\go\\pkg\\mod\\github.com\\go-gl\\glfw\\v3.4\\glfw@v0.1.0-pre.1.0.20260707082822-2a407d02d01a\\glfw\\include" -D_GNU_SOURCE -D_GLFW_WIN32 "-IC:\\Users\\sanya\\go\\pkg\\mod\\github.com\\go-gl\\glfw\\v3.4\\glfw@v0.1.0-pre.1.0.20260707082822-2a407d02d01a\\glfw\\deps\\mingw" -frandom-seed=JvwWHbiqtC7P_n0UiQPi -o "$WORK\\b331\\_x003.o" -c c_glfw.cgo2.c
TERM='dumb' gcc -I "C:\\Users\\sanya\\go\\pkg\\mod\\github.com\\go-gl\\glfw\\v3.4\\glfw@v0.1.0-pre.1.0.20260707082822-2a407d02d01a" -m64 -pthread -Wl,--no-gc-sections -fmessage-length=0 "-ffile-prefix-map=$WORK\\b331=/tmp/go-build" -gno-record-gcc-switches -I "$WORK\\b331\\" -O2 -g "-IC:\\Users\\sanya\\go\\pkg\\mod\\github.com\\go-gl\\glfw\\v3.4\\glfw@v0.1.0-pre.1.0.20260707082822-2a407d02d01a\\glfw\\include" -D_GNU_SOURCE -D_GLFW_WIN32 "-IC:\\Users\\sanya\\go\\pkg\\mod\\github.com\\go-gl\\glfw\\v3.4\\glfw@v0.1.0-pre.1.0.20260707082822-2a407d02d01a\\glfw\\deps\\mingw" -frandom-seed=Pf9rWlgiuTL0TX-dW4VI -o "$WORK\\b331\\_x002.o" -c build.cgo2.c
TERM='dumb' gcc -I "C:\\Users\\sanya\\go\\pkg\\mod\\github.com\\go-gl\\glfw\\v3.4\\glfw@v0.1.0-pre.1.0.20260707082822-2a407d02d01a" -m64 -pthread -Wl,--no-gc-sections -fmessage-length=0 "-ffile-prefix-map=$WORK\\b331=/tmp/go-build" -gno-record-gcc-switches -I "$WORK\\b331\\" -O2 -g "-IC:\\Users\\sanya\\go\\pkg\\mod\\github.com\\go-gl\\glfw\\v3.4\\glfw@v0.1.0-pre.1.0.20260707082822-2a407d02d01a\\glfw\\include" -D_GNU_SOURCE -D_GLFW_WIN32 "-IC:\\Users\\sanya\\go\\pkg\\mod\\github.com\\go-gl\\glfw\\v3.4\\glfw@v0.1.0-pre.1.0.20260707082822-2a407d02d01a\\glfw\\deps\\mingw" -frandom-seed=KYc3BVadYWWG2FqkgKh5 -o "$WORK\\b331\\_x006.o" -c error.cgo2.c
TERM='dumb' gcc -I "C:\\Users\\sanya\\go\\pkg\\mod\\github.com\\go-gl\\glfw\\v3.4\\glfw@v0.1.0-pre.1.0.20260707082822-2a407d02d01a" -m64 -pthread -Wl,--no-gc-sections -fmessage-length=0 "-ffile-prefix-map=$WORK\\b331=/tmp/go-build" -gno-record-gcc-switches -I "$WORK\\b331\\" -O2 -g "-IC:\\Users\\sanya\\go\\pkg\\mod\\github.com\\go-gl\\glfw\\v3.4\\glfw@v0.1.0-pre.1.0.20260707082822-2a407d02d01a\\glfw\\include" -D_GNU_SOURCE -D_GLFW_WIN32 "-IC:\\Users\\sanya\\go\\pkg\\mod\\github.com\\go-gl\\glfw\\v3.4\\glfw@v0.1.0-pre.1.0.20260707082822-2a407d02d01a\\glfw\\deps\\mingw" -frandom-seed=TzocNyLVPY4b-IWEkP-j -o "$WORK\\b331\\_x005.o" -c context.cgo2.c
TERM='dumb' gcc -I "C:\\Users\\sanya\\go\\pkg\\mod\\github.com\\go-gl\\glfw\\v3.4\\glfw@v0.1.0-pre.1.0.20260707082822-2a407d02d01a" -m64 -pthread -Wl,--no-gc-sections -fmessage-length=0 "-ffile-prefix-map=$WORK\\b331=/tmp/go-build" -gno-record-gcc-switches -I "$WORK\\b331\\" -O2 -g "-IC:\\Users\\sanya\\go\\pkg\\mod\\github.com\\go-gl\\glfw\\v3.4\\glfw@v0.1.0-pre.1.0.20260707082822-2a407d02d01a\\glfw\\include" -D_GNU_SOURCE -D_GLFW_WIN32 "-IC:\\Users\\sanya\\go\\pkg\\mod\\github.com\\go-gl\\glfw\\v3.4\\glfw@v0.1.0-pre.1.0.20260707082822-2a407d02d01a\\glfw\\deps\\mingw" -frandom-seed=wH8a8smLV2dd9X8YMgOi -o "$WORK\\b331\\_x007.o" -c glfw.cgo2.c
TERM='dumb' gcc -I "C:\\Users\\sanya\\go\\pkg\\mod\\github.com\\go-gl\\glfw\\v3.4\\glfw@v0.1.0-pre.1.0.20260707082822-2a407d02d01a" -m64 -pthread -Wl,--no-gc-sections -fmessage-length=0 "-ffile-prefix-map=$WORK\\b331=/tmp/go-build" -gno-record-gcc-switches -I "$WORK\\b331\\" -O2 -g "-IC:\\Users\\sanya\\go\\pkg\\mod\\github.com\\go-gl\\glfw\\v3.4\\glfw@v0.1.0-pre.1.0.20260707082822-2a407d02d01a\\glfw\\include" -D_GNU_SOURCE -D_GLFW_WIN32 "-IC:\\Users\\sanya\\go\\pkg\\mod\\github.com\\go-gl\\glfw\\v3.4\\glfw@v0.1.0-pre.1.0.20260707082822-2a407d02d01a\\glfw\\deps\\mingw" -frandom-seed=7-kuvL18wwPosuJ6tswT -o "$WORK\\b331\\_x009.o" -c monitor.cgo2.c
TERM='dumb' gcc -I "C:\\Users\\sanya\\go\\pkg\\mod\\github.com\\go-gl\\glfw\\v3.4\\glfw@v0.1.0-pre.1.0.20260707082822-2a407d02d01a" -m64 -pthread -Wl,--no-gc-sections -fmessage-length=0 "-ffile-prefix-map=$WORK\\b331=/tmp/go-build" -gno-record-gcc-switches -I "$WORK\\b331\\" -O2 -g "-IC:\\Users\\sanya\\go\\pkg\\mod\\github.com\\go-gl\\glfw\\v3.4\\glfw@v0.1.0-pre.1.0.20260707082822-2a407d02d01a\\glfw\\include" -D_GNU_SOURCE -D_GLFW_WIN32 "-IC:\\Users\\sanya\\go\\pkg\\mod\\github.com\\go-gl\\glfw\\v3.4\\glfw@v0.1.0-pre.1.0.20260707082822-2a407d02d01a\\glfw\\deps\\mingw" -frandom-seed=w8WHkn0L5951RN_IDDM_ -o "$WORK\\b331\\_x008.o" -c input.cgo2.c
TERM='dumb' gcc -I "C:\\Users\\sanya\\go\\pkg\\mod\\github.com\\go-gl\\glfw\\v3.4\\glfw@v0.1.0-pre.1.0.20260707082822-2a407d02d01a" -m64 -pthread -Wl,--no-gc-sections -fmessage-length=0 "-ffile-prefix-map=$WORK\\b331=/tmp/go-build" -gno-record-gcc-switches -I "$WORK\\b331\\" -O2 -g "-IC:\\Users\\sanya\\go\\pkg\\mod\\github.com\\go-gl\\glfw\\v3.4\\glfw@v0.1.0-pre.1.0.20260707082822-2a407d02d01a\\glfw\\include" -D_GNU_SOURCE -D_GLFW_WIN32 "-IC:\\Users\\sanya\\go\\pkg\\mod\\github.com\\go-gl\\glfw\\v3.4\\glfw@v0.1.0-pre.1.0.20260707082822-2a407d02d01a\\glfw\\deps\\mingw" -frandom-seed=sOXrcnpcYSHOmo3eUVoI -o "$WORK\\b331\\_x010.o" -c native_windows.cgo2.c
TERM='dumb' gcc -I "C:\\Users\\sanya\\go\\pkg\\mod\\github.com\\go-gl\\glfw\\v3.4\\glfw@v0.1.0-pre.1.0.20260707082822-2a407d02d01a" -m64 -pthread -Wl,--no-gc-sections -fmessage-length=0 "-ffile-prefix-map=$WORK\\b331=/tmp/go-build" -gno-record-gcc-switches -I "$WORK\\b331\\" -O2 -g "-IC:\\Users\\sanya\\go\\pkg\\mod\\github.com\\go-gl\\glfw\\v3.4\\glfw@v0.1.0-pre.1.0.20260707082822-2a407d02d01a\\glfw\\include" -D_GNU_SOURCE -D_GLFW_WIN32 "-IC:\\Users\\sanya\\go\\pkg\\mod\\github.com\\go-gl\\glfw\\v3.4\\glfw@v0.1.0-pre.1.0.20260707082822-2a407d02d01a\\glfw\\deps\\mingw" -frandom-seed=RhcgNBjVRLnYZ4nmc3if -o "$WORK\\b331\\_x011.o" -c time.cgo2.c
TERM='dumb' gcc -I "C:\\Users\\sanya\\go\\pkg\\mod\\github.com\\go-gl\\glfw\\v3.4\\glfw@v0.1.0-pre.1.0.20260707082822-2a407d02d01a" -m64 -pthread -Wl,--no-gc-sections -fmessage-length=0 "-ffile-prefix-map=$WORK\\b331=/tmp/go-build" -gno-record-gcc-switches -I "$WORK\\b331\\" -O2 -g "-IC:\\Users\\sanya\\go\\pkg\\mod\\github.com\\go-gl\\glfw\\v3.4\\glfw@v0.1.0-pre.1.0.20260707082822-2a407d02d01a\\glfw\\include" -D_GNU_SOURCE -D_GLFW_WIN32 "-IC:\\Users\\sanya\\go\\pkg\\mod\\github.com\\go-gl\\glfw\\v3.4\\glfw@v0.1.0-pre.1.0.20260707082822-2a407d02d01a\\glfw\\deps\\mingw" -frandom-seed=5djwOf0sYgrkiNZixqaY -o "$WORK\\b331\\_x012.o" -c util.cgo2.c
TERM='dumb' gcc -I "C:\\Users\\sanya\\go\\pkg\\mod\\github.com\\go-gl\\glfw\\v3.4\\glfw@v0.1.0-pre.1.0.20260707082822-2a407d02d01a" -m64 -pthread -Wl,--no-gc-sections -fmessage-length=0 "-ffile-prefix-map=$WORK\\b331=/tmp/go-build" -gno-record-gcc-switches -I "$WORK\\b331\\" -O2 -g "-IC:\\Users\\sanya\\go\\pkg\\mod\\github.com\\go-gl\\glfw\\v3.4\\glfw@v0.1.0-pre.1.0.20260707082822-2a407d02d01a\\glfw\\include" -D_GNU_SOURCE -D_GLFW_WIN32 "-IC:\\Users\\sanya\\go\\pkg\\mod\\github.com\\go-gl\\glfw\\v3.4\\glfw@v0.1.0-pre.1.0.20260707082822-2a407d02d01a\\glfw\\deps\\mingw" -frandom-seed=nYMmEa7r5LRfmsH2xTr5 -o "$WORK\\b331\\_x013.o" -c vulkan.cgo2.c
TERM='dumb' gcc -I "C:\\Users\\sanya\\go\\pkg\\mod\\github.com\\go-gl\\glfw\\v3.4\\glfw@v0.1.0-pre.1.0.20260707082822-2a407d02d01a" -m64 -pthread -Wl,--no-gc-sections -fmessage-length=0 "-ffile-prefix-map=$WORK\\b331=/tmp/go-build" -gno-record-gcc-switches -I "$WORK\\b331\\" -O2 -g "-IC:\\Users\\sanya\\go\\pkg\\mod\\github.com\\go-gl\\glfw\\v3.4\\glfw@v0.1.0-pre.1.0.20260707082822-2a407d02d01a\\glfw\\include" -D_GNU_SOURCE -D_GLFW_WIN32 "-IC:\\Users\\sanya\\go\\pkg\\mod\\github.com\\go-gl\\glfw\\v3.4\\glfw@v0.1.0-pre.1.0.20260707082822-2a407d02d01a\\glfw\\deps\\mingw" -frandom-seed=SLfSl3apXzMQbnVc7GNq -o "$WORK\\b331\\_x014.o" -c window.cgo2.c
cd C:\Users\sanya\go\pkg\mod\github.com\go-gl\glfw\v3.4\glfw@v0.1.0-pre.1.0.20260707082822-2a407d02d01a
TERM='dumb' gcc -I "C:\\Users\\sanya\\go\\pkg\\mod\\github.com\\go-gl\\glfw\\v3.4\\glfw@v0.1.0-pre.1.0.20260707082822-2a407d02d01a" -m64 -pthread -Wl,--no-gc-sections -fmessage-length=0 "-ffile-prefix-map=$WORK\\b331=/tmp/go-build" -gno-record-gcc-switches -I "$WORK\\b331\\" -O2 -g "-IC:\\Users\\sanya\\go\\pkg\\mod\\github.com\\go-gl\\glfw\\v3.4\\glfw@v0.1.0-pre.1.0.20260707082822-2a407d02d01a\\glfw\\include" -D_GNU_SOURCE -D_GLFW_WIN32 "-IC:\\Users\\sanya\\go\\pkg\\mod\\github.com\\go-gl\\glfw\\v3.4\\glfw@v0.1.0-pre.1.0.20260707082822-2a407d02d01a\\glfw\\deps\\mingw" -frandom-seed=hvLVi9aU-4UvPbJzbpFr -o "$WORK\\b331\\_x015.o" -c error.c
TERM='dumb' gcc -I "C:\\Users\\sanya\\go\\pkg\\mod\\github.com\\go-gl\\glfw\\v3.4\\glfw@v0.1.0-pre.1.0.20260707082822-2a407d02d01a" -m64 -pthread -Wl,--no-gc-sections -fmessage-length=0 "-ffile-prefix-map=$WORK\\b331=/tmp/go-build" -gno-record-gcc-switches -I "$WORK\\b331\\" -O2 -g "-IC:\\Users\\sanya\\go\\pkg\\mod\\github.com\\go-gl\\glfw\\v3.4\\glfw@v0.1.0-pre.1.0.20260707082822-2a407d02d01a\\glfw\\include" -D_GNU_SOURCE -D_GLFW_WIN32 "-IC:\\Users\\sanya\\go\\pkg\\mod\\github.com\\go-gl\\glfw\\v3.4\\glfw@v0.1.0-pre.1.0.20260707082822-2a407d02d01a\\glfw\\deps\\mingw" -frandom-seed=cu_V9bStRIXtVKdG7bQU -o "$WORK\\b331\\_x016.o" -c input.c
TERM='dumb' gcc -I "C:\\Users\\sanya\\go\\pkg\\mod\\github.com\\go-gl\\glfw\\v3.4\\glfw@v0.1.0-pre.1.0.20260707082822-2a407d02d01a" -m64 -pthread -Wl,--no-gc-sections -fmessage-length=0 "-ffile-prefix-map=$WORK\\b331=/tmp/go-build" -gno-record-gcc-switches -I "$WORK\\b331\\" -O2 -g "-IC:\\Users\\sanya\\go\\pkg\\mod\\github.com\\go-gl\\glfw\\v3.4\\glfw@v0.1.0-pre.1.0.20260707082822-2a407d02d01a\\glfw\\include" -D_GNU_SOURCE -D_GLFW_WIN32 "-IC:\\Users\\sanya\\go\\pkg\\mod\\github.com\\go-gl\\glfw\\v3.4\\glfw@v0.1.0-pre.1.0.20260707082822-2a407d02d01a\\glfw\\deps\\mingw" -frandom-seed=1A5yfBqlw_zdHRFZEU03 -o "$WORK\\b331\\_x017.o" -c monitor.c
TERM='dumb' gcc -I "C:\\Users\\sanya\\go\\pkg\\mod\\github.com\\go-gl\\glfw\\v3.4\\glfw@v0.1.0-pre.1.0.20260707082822-2a407d02d01a" -m64 -pthread -Wl,--no-gc-sections -fmessage-length=0 "-ffile-prefix-map=$WORK\\b331=/tmp/go-build" -gno-record-gcc-switches -I "$WORK\\b331\\" -O2 -g "-IC:\\Users\\sanya\\go\\pkg\\mod\\github.com\\go-gl\\glfw\\v3.4\\glfw@v0.1.0-pre.1.0.20260707082822-2a407d02d01a\\glfw\\include" -D_GNU_SOURCE -D_GLFW_WIN32 "-IC:\\Users\\sanya\\go\\pkg\\mod\\github.com\\go-gl\\glfw\\v3.4\\glfw@v0.1.0-pre.1.0.20260707082822-2a407d02d01a\\glfw\\deps\\mingw" -frandom-seed=LHBZMqme-P-iD3NVBQ2x -o "$WORK\\b331\\_x018.o" -c window.c
github.com/go-gl/glfw/v3.4/glfw
cd $WORK\b331
TERM='dumb' gcc -I "C:\\Users\\sanya\\go\\pkg\\mod\\github.com\\go-gl\\glfw\\v3.4\\glfw@v0.1.0-pre.1.0.20260707082822-2a407d02d01a" -m64 -pthread -Wl,--no-gc-sections -fmessage-length=0 "-ffile-prefix-map=$WORK\\b331=/tmp/go-build" -gno-record-gcc-switches -I "$WORK\\b331\\" -O2 -g "-IC:\\Users\\sanya\\go\\pkg\\mod\\github.com\\go-gl\\glfw\\v3.4\\glfw@v0.1.0-pre.1.0.20260707082822-2a407d02d01a\\glfw\\include" -D_GNU_SOURCE -D_GLFW_WIN32 "-IC:\\Users\\sanya\\go\\pkg\\mod\\github.com\\go-gl\\glfw\\v3.4\\glfw@v0.1.0-pre.1.0.20260707082822-2a407d02d01a\\glfw\\deps\\mingw" -frandom-seed=fw9zAdHa80hwFR6W83zZ -o "$WORK\\b331\\_cgo_main.o" -c _cgo_main.c
cd C:\Users\sanya\Desktop\Dzvinock
TERM='dumb' gcc -I "C:\\Users\\sanya\\go\\pkg\\mod\\github.com\\go-gl\\glfw\\v3.4\\glfw@v0.1.0-pre.1.0.20260707082822-2a407d02d01a" -m64 -pthread -Wl,--no-gc-sections -fmessage-length=0 "-ffile-prefix-map=$WORK\\b331=/tmp/go-build" -gno-record-gcc-switches -o "$WORK\\b331\\_cgo_.o" "$WORK\\b331\\_cgo_main.o" "$WORK\\b331\\_x001.o" "$WORK\\b331\\_x002.o" "$WORK\\b331\\_x003.o" "$WORK\\b331\\_x004.o" "$WORK\\b331\\_x005.o" "$WORK\\b331\\_x006.o" "$WORK\\b331\\_x007.o" "$WORK\\b331\\_x008.o" "$WORK\\b331\\_x009.o" "$WORK\\b331\\_x010.o" "$WORK\\b331\\_x011.o" "$WORK\\b331\\_x012.o" "$WORK\\b331\\_x013.o" "$WORK\\b331\\_x014.o" "$WORK\\b331\\_x015.o" "$WORK\\b331\\_x016.o" "$WORK\\b331\\_x017.o" "$WORK\\b331\\_x018.o" -O2 -g -lgdi32 -lopengl32
gcc -I "C:\\Users\\sanya\\go\\pkg\\mod\\github.com\\go-gl\\glfw\\v3.4\\glfw@v0.1.0-pre.1.0.20260707082822-2a407d02d01a" -m64 -pthread -Wl,--no-gc-sections -fmessage-length=0 "-ffile-prefix-map=$WORK\\b331=/tmp/go-build" -gno-record-gcc-switches -o "$WORK\\b331\\_cgo_.o" "$WORK\\b331\\_cgo_main.o" "$WORK\\b331\\_x001.o" "$WORK\\b331\\_x002.o" "$WORK\\b331\\_x003.o" "$WORK\\b331\\_x004.o" "$WORK\\b331\\_x005.o" "$WORK\\b331\\_x006.o" "$WORK\\b331\\_x007.o" "$WORK\\b331\\_x008.o" "$WORK\\b331\\_x009.o" "$WORK\\b331\\_x010.o" "$WORK\\b331\\_x011.o" "$WORK\\b331\\_x012.o" "$WORK\\b331\\_x013.o" "$WORK\\b331\\_x014.o" "$WORK\\b331\\_x015.o" "$WORK\\b331\\_x016.o" "$WORK\\b331\\_x017.o" "$WORK\\b331\\_x018.o" -O2 -g -lgdi32 -lopengl32 # test for internal linking errors (succeeded)
TERM='dumb' "C:\\msys64\\mingw64\\lib\\go\\pkg\\tool\\windows_amd64\\cgo.exe" -dynpackage glfw -dynimport "$WORK\\b331\\_cgo_.o" -dynout "$WORK\\b331\\_cgo_import.go"
cat >C:\Users\sanya\AppData\Local\Temp\go-build1247343387\b331\importcfg << 'EOF' # internal
# import config
packagefile errors=C:\Users\sanya\AppData\Local\Temp\go-build1247343387\b003\_pkg_.a
packagefile fmt=C:\Users\sanya\AppData\Local\Temp\go-build1247343387\b002\_pkg_.a
packagefile image=C:\Users\sanya\AppData\Local\Temp\go-build1247343387\b067\_pkg_.a
packagefile image/draw=C:\Users\sanya\AppData\Local\Temp\go-build1247343387\b228\_pkg_.a
packagefile log=C:\Users\sanya\AppData\Local\Temp\go-build1247343387\b072\_pkg_.a
packagefile os=C:\Users\sanya\AppData\Local\Temp\go-build1247343387\b049\_pkg_.a
packagefile reflect=C:\Users\sanya\AppData\Local\Temp\go-build1247343387\b037\_pkg_.a
packagefile sync=C:\Users\sanya\AppData\Local\Temp\go-build1247343387\b042\_pkg_.a
packagefile runtime/cgo=C:\Users\sanya\AppData\Local\Temp\go-build1247343387\b322\_pkg_.a
packagefile syscall=C:\Users\sanya\AppData\Local\Temp\go-build1247343387\b055\_pkg_.a
EOF
"C:\\msys64\\mingw64\\lib\\go\\pkg\\tool\\windows_amd64\\compile.exe" -o "$WORK\\b331\\_pkg_.a" -trimpath "$WORK\\b331=>" -p github.com/go-gl/glfw/v3.4/glfw -lang=go1.19 -buildid fw9zAdHa80hwFR6W83zZ/fw9zAdHa80hwFR6W83zZ -goversion go1.27.0 -c=8 -nolocalimports -importcfg "$WORK\\b331\\importcfg" -pack "C:\\Users\\sanya\\go\\pkg\\mod\\github.com\\go-gl\\glfw\\v3.4\\glfw@v0.1.0-pre.1.0.20260707082822-2a407d02d01a\\glfw_tree_rebuild.go" "$WORK\\b331\\_cgo_gotypes.go" "$WORK\\b331\\build.cgo1.go" "$WORK\\b331\\c_glfw.cgo1.go" "$WORK\\b331\\c_glfw_windows.cgo1.go" "$WORK\\b331\\context.cgo1.go" "$WORK\\b331\\error.cgo1.go" "$WORK\\b331\\glfw.cgo1.go" "$WORK\\b331\\input.cgo1.go" "$WORK\\b331\\monitor.cgo1.go" "$WORK\\b331\\native_windows.cgo1.go" "$WORK\\b331\\time.cgo1.go" "$WORK\\b331\\util.cgo1.go" "$WORK\\b331\\vulkan.cgo1.go" "$WORK\\b331\\window.cgo1.go" "$WORK\\b331\\_cgo_import.go"
cd C:\Users\sanya\go\pkg\mod\github.com\go-gl\glfw\v3.4\glfw@v0.1.0-pre.1.0.20260707082822-2a407d02d01a
go tool pack r "$WORK\\b331\\_pkg_.a" "$WORK\\b331\\_x001.o" "$WORK\\b331\\_x002.o" "$WORK\\b331\\_x003.o" "$WORK\\b331\\_x004.o" "$WORK\\b331\\_x005.o" "$WORK\\b331\\_x006.o" "$WORK\\b331\\_x007.o" "$WORK\\b331\\_x008.o" "$WORK\\b331\\_x009.o" "$WORK\\b331\\_x010.o" "$WORK\\b331\\_x011.o" "$WORK\\b331\\_x012.o" "$WORK\\b331\\_x013.o" "$WORK\\b331\\_x014.o" "$WORK\\b331\\_x015.o" "$WORK\\b331\\_x016.o" "$WORK\\b331\\_x017.o" "$WORK\\b331\\_x018.o" # internal
go tool buildid -w "$WORK\\b331\\_pkg_.a" # internal
cp "$WORK\\b331\\_pkg_.a" "C:\\Users\\sanya\\AppData\\Local\\go-build\\e7\\e7487aa56ce198f25d798677e4a79d146903d3ba508afe168f73a90a3eae161e-d" # internal
cd $WORK\b321
TERM='dumb' gcc -I "C:\\Users\\sanya\\go\\pkg\\mod\\github.com\\go-gl\\gl@v0.0.0-20260331235117-4566fea9a276\\v2.1\\gl" -m64 -pthread -Wl,--no-gc-sections -fmessage-length=0 "-ffile-prefix-map=$WORK\\b321=/tmp/go-build" -gno-record-gcc-switches -I "$WORK\\b321\\" -O2 -g -DTAG_WINDOWS -frandom-seed=oTtfG1jmHEPaSiTS5Fic -o "$WORK\\b321\\_x002.o" -c conversions.cgo2.c
TERM='dumb' gcc -I "C:\\Users\\sanya\\go\\pkg\\mod\\github.com\\go-gl\\gl@v0.0.0-20260331235117-4566fea9a276\\v2.1\\gl" -m64 -pthread -Wl,--no-gc-sections -fmessage-length=0 "-ffile-prefix-map=$WORK\\b321=/tmp/go-build" -gno-record-gcc-switches -I "$WORK\\b321\\" -O2 -g -DTAG_WINDOWS -frandom-seed=QmeMRYDrNJS_60vdEuOx -o "$WORK\\b321\\_x001.o" -c _cgo_export.c
TERM='dumb' gcc -I "C:\\Users\\sanya\\go\\pkg\\mod\\github.com\\go-gl\\gl@v0.0.0-20260331235117-4566fea9a276\\v2.1\\gl" -m64 -pthread -Wl,--no-gc-sections -fmessage-length=0 "-ffile-prefix-map=$WORK\\b321=/tmp/go-build" -gno-record-gcc-switches -I "$WORK\\b321\\" -O2 -g -DTAG_WINDOWS -frandom-seed=i8pHk-oNOdtz-G_Z9V_g -o "$WORK\\b321\\_x005.o" -c procaddr.cgo2.c
TERM='dumb' gcc -I "C:\\Users\\sanya\\go\\pkg\\mod\\github.com\\go-gl\\gl@v0.0.0-20260331235117-4566fea9a276\\v2.1\\gl" -m64 -pthread -Wl,--no-gc-sections -fmessage-length=0 "-ffile-prefix-map=$WORK\\b321=/tmp/go-build" -gno-record-gcc-switches -I "$WORK\\b321\\" -O2 -g -DTAG_WINDOWS -frandom-seed=l7xyFy027Iyd9GDtH2Q6 -o "$WORK\\b321\\_x003.o" -c debug.cgo2.c
TERM='dumb' gcc -I "C:\\Users\\sanya\\go\\pkg\\mod\\github.com\\go-gl\\gl@v0.0.0-20260331235117-4566fea9a276\\v2.1\\gl" -m64 -pthread -Wl,--no-gc-sections -fmessage-length=0 "-ffile-prefix-map=$WORK\\b321=/tmp/go-build" -gno-record-gcc-switches -I "$WORK\\b321\\" -O2 -g -DTAG_WINDOWS -frandom-seed=dzuZ_4ovbqS_t-T7obBD -o "$WORK\\b321\\_x004.o" -c package.cgo2.c
github.com/go-gl/gl/v2.1/gl
TERM='dumb' gcc -I "C:\\Users\\sanya\\go\\pkg\\mod\\github.com\\go-gl\\gl@v0.0.0-20260331235117-4566fea9a276\\v2.1\\gl" -m64 -pthread -Wl,--no-gc-sections -fmessage-length=0 "-ffile-prefix-map=$WORK\\b321=/tmp/go-build" -gno-record-gcc-switches -I "$WORK\\b321\\" -O2 -g -DTAG_WINDOWS -frandom-seed=OZQ8eVNOPZ9Z3uAGRwur -o "$WORK\\b321\\_cgo_main.o" -c _cgo_main.c
cd C:\Users\sanya\Desktop\Dzvinock
TERM='dumb' gcc -I "C:\\Users\\sanya\\go\\pkg\\mod\\github.com\\go-gl\\gl@v0.0.0-20260331235117-4566fea9a276\\v2.1\\gl" -m64 -pthread -Wl,--no-gc-sections -fmessage-length=0 "-ffile-prefix-map=$WORK\\b321=/tmp/go-build" -gno-record-gcc-switches -o "$WORK\\b321\\_cgo_.o" "$WORK\\b321\\_cgo_main.o" "$WORK\\b321\\_x001.o" "$WORK\\b321\\_x002.o" "$WORK\\b321\\_x003.o" "$WORK\\b321\\_x004.o" "$WORK\\b321\\_x005.o" -O2 -g -lopengl32 -lopengl32
gcc -I "C:\\Users\\sanya\\go\\pkg\\mod\\github.com\\go-gl\\gl@v0.0.0-20260331235117-4566fea9a276\\v2.1\\gl" -m64 -pthread -Wl,--no-gc-sections -fmessage-length=0 "-ffile-prefix-map=$WORK\\b321=/tmp/go-build" -gno-record-gcc-switches -o "$WORK\\b321\\_cgo_.o" "$WORK\\b321\\_cgo_main.o" "$WORK\\b321\\_x001.o" "$WORK\\b321\\_x002.o" "$WORK\\b321\\_x003.o" "$WORK\\b321\\_x004.o" "$WORK\\b321\\_x005.o" -O2 -g -lopengl32 -lopengl32 # test for internal linking errors (succeeded)
TERM='dumb' "C:\\msys64\\mingw64\\lib\\go\\pkg\\tool\\windows_amd64\\cgo.exe" -dynpackage gl -dynimport "$WORK\\b321\\_cgo_.o" -dynout "$WORK\\b321\\_cgo_import.go"
cat >C:\Users\sanya\AppData\Local\Temp\go-build1247343387\b321\importcfg << 'EOF' # internal
# import config
packagefile errors=C:\Users\sanya\AppData\Local\Temp\go-build1247343387\b003\_pkg_.a
packagefile fmt=C:\Users\sanya\AppData\Local\Temp\go-build1247343387\b002\_pkg_.a
packagefile reflect=C:\Users\sanya\AppData\Local\Temp\go-build1247343387\b037\_pkg_.a
packagefile strings=C:\Users\sanya\AppData\Local\Temp\go-build1247343387\b070\_pkg_.a
packagefile runtime/cgo=C:\Users\sanya\AppData\Local\Temp\go-build1247343387\b322\_pkg_.a
packagefile syscall=C:\Users\sanya\AppData\Local\Temp\go-build1247343387\b055\_pkg_.a
EOF
"C:\\msys64\\mingw64\\lib\\go\\pkg\\tool\\windows_amd64\\compile.exe" -o "$WORK\\b321\\_pkg_.a" -trimpath "$WORK\\b321=>" -p github.com/go-gl/gl/v2.1/gl -lang=go1.12 -buildid OZQ8eVNOPZ9Z3uAGRwur/OZQ8eVNOPZ9Z3uAGRwur -goversion go1.27.0 -c=8 -nolocalimports -importcfg "$WORK\\b321\\importcfg" -pack "$WORK\\b321\\_cgo_gotypes.go" "$WORK\\b321\\conversions.cgo1.go" "$WORK\\b321\\debug.cgo1.go" "$WORK\\b321\\package.cgo1.go" "$WORK\\b321\\procaddr.cgo1.go" "$WORK\\b321\\_cgo_import.go"
cd C:\Users\sanya\go\pkg\mod\github.com\go-gl\gl@v0.0.0-20260331235117-4566fea9a276\v2.1\gl
go tool pack r "$WORK\\b321\\_pkg_.a" "$WORK\\b321\\_x001.o" "$WORK\\b321\\_x002.o" "$WORK\\b321\\_x003.o" "$WORK\\b321\\_x004.o" "$WORK\\b321\\_x005.o" # internal
go tool buildid -w "$WORK\\b321\\_pkg_.a" # internal
cp "$WORK\\b321\\_pkg_.a" "C:\\Users\\sanya\\AppData\\Local\\go-build\\16\\169e9da3059eb70c9a7ba011103e096a95a7c144f1be52da2cbcca3d59edc99f-d" # internal
mkdir -p $WORK\b320\
fyne.io/fyne/v2/internal/painter/gl
cat >C:\Users\sanya\AppData\Local\Temp\go-build1247343387\b320\importcfg << 'EOF' # internal
# import config
packagefile embed=C:\Users\sanya\AppData\Local\Temp\go-build1247343387\b252\_pkg_.a
packagefile errors=C:\Users\sanya\AppData\Local\Temp\go-build1247343387\b003\_pkg_.a
packagefile fmt=C:\Users\sanya\AppData\Local\Temp\go-build1247343387\b002\_pkg_.a
packagefile fyne.io/fyne/v2=C:\Users\sanya\AppData\Local\Temp\go-build1247343387\b066\_pkg_.a
packagefile fyne.io/fyne/v2/canvas=C:\Users\sanya\AppData\Local\Temp\go-build1247343387\b219\_pkg_.a
packagefile fyne.io/fyne/v2/internal=C:\Users\sanya\AppData\Local\Temp\go-build1247343387\b205\_pkg_.a
packagefile fyne.io/fyne/v2/internal/build=C:\Users\sanya\AppData\Local\Temp\go-build1247343387\b208\_pkg_.a
packagefile fyne.io/fyne/v2/internal/cache=C:\Users\sanya\AppData\Local\Temp\go-build1247343387\b209\_pkg_.a
packagefile fyne.io/fyne/v2/internal/driver=C:\Users\sanya\AppData\Local\Temp\go-build1247343387\b210\_pkg_.a
packagefile fyne.io/fyne/v2/internal/painter=C:\Users\sanya\AppData\Local\Temp\go-build1247343387\b264\_pkg_.a
packagefile fyne.io/fyne/v2/theme=C:\Users\sanya\AppData\Local\Temp\go-build1247343387\b251\_pkg_.a
packagefile github.com/go-gl/gl/v2.1/gl=C:\Users\sanya\AppData\Local\Temp\go-build1247343387\b321\_pkg_.a
packagefile image=C:\Users\sanya\AppData\Local\Temp\go-build1247343387\b067\_pkg_.a
packagefile image/color=C:\Users\sanya\AppData\Local\Temp\go-build1247343387\b071\_pkg_.a
packagefile image/draw=C:\Users\sanya\AppData\Local\Temp\go-build1247343387\b228\_pkg_.a
packagefile log=C:\Users\sanya\AppData\Local\Temp\go-build1247343387\b072\_pkg_.a
packagefile math=C:\Users\sanya\AppData\Local\Temp\go-build1247343387\b039\_pkg_.a
packagefile runtime=C:\Users\sanya\AppData\Local\Temp\go-build1247343387\b009\_pkg_.a
packagefile sort=C:\Users\sanya\AppData\Local\Temp\go-build1247343387\b176\_pkg_.a
packagefile strings=C:\Users\sanya\AppData\Local\Temp\go-build1247343387\b070\_pkg_.a
EOF
cat >C:\Users\sanya\AppData\Local\Temp\go-build1247343387\b320\embedcfg << 'EOF' # internal
{
	"Patterns": {
		"shaders/arbitrary_polygon.frag": [
			"shaders/arbitrary_polygon.frag"
		],
		"shaders/arc.frag": [
			"shaders/arc.frag"
		],
		"shaders/bezier_curve.frag": [
			"shaders/bezier_curve.frag"
		],
		"shaders/blur.frag": [
			"shaders/blur.frag"
		],
		"shaders/blur.vert": [
			"shaders/blur.vert"
		],
		"shaders/ellipse.frag": [
			"shaders/ellipse.frag"
		],
		"shaders/line.frag": [
			"shaders/line.frag"
		],
		"shaders/line.vert": [
			"shaders/line.vert"
		],
		"shaders/rectangle.frag": [
			"shaders/rectangle.frag"
		],
		"shaders/rectangle.vert": [
			"shaders/rectangle.vert"
		],
		"shaders/regular_polygon.frag": [
			"shaders/regular_polygon.frag"
		],
		"shaders/round_rectangle.frag": [
			"shaders/round_rectangle.frag"
		],
		"shaders/simple.frag": [
			"shaders/simple.frag"
		],
		"shaders/simple.vert": [
			"shaders/simple.vert"
		]
	},
	"Files": {
		"shaders/arbitrary_polygon.frag": "C:\\Users\\sanya\\go\\pkg\\mod\\fyne.io\\fyne\\v2@v2.8.0\\internal\\painter\\gl\\shaders\\arbitrary_polygon.frag",
		"shaders/arc.frag": "C:\\Users\\sanya\\go\\pkg\\mod\\fyne.io\\fyne\\v2@v2.8.0\\internal\\painter\\gl\\shaders\\arc.frag",
		"shaders/bezier_curve.frag": "C:\\Users\\sanya\\go\\pkg\\mod\\fyne.io\\fyne\\v2@v2.8.0\\internal\\painter\\gl\\shaders\\bezier_curve.frag",
		"shaders/blur.frag": "C:\\Users\\sanya\\go\\pkg\\mod\\fyne.io\\fyne\\v2@v2.8.0\\internal\\painter\\gl\\shaders\\blur.frag",
		"shaders/blur.vert": "C:\\Users\\sanya\\go\\pkg\\mod\\fyne.io\\fyne\\v2@v2.8.0\\internal\\painter\\gl\\shaders\\blur.vert",
		"shaders/ellipse.frag": "C:\\Users\\sanya\\go\\pkg\\mod\\fyne.io\\fyne\\v2@v2.8.0\\internal\\painter\\gl\\shaders\\ellipse.frag",
		"shaders/line.frag": "C:\\Users\\sanya\\go\\pkg\\mod\\fyne.io\\fyne\\v2@v2.8.0\\internal\\painter\\gl\\shaders\\line.frag",
		"shaders/line.vert": "C:\\Users\\sanya\\go\\pkg\\mod\\fyne.io\\fyne\\v2@v2.8.0\\internal\\painter\\gl\\shaders\\line.vert",
		"shaders/rectangle.frag": "C:\\Users\\sanya\\go\\pkg\\mod\\fyne.io\\fyne\\v2@v2.8.0\\internal\\painter\\gl\\shaders\\rectangle.frag",
		"shaders/rectangle.vert": "C:\\Users\\sanya\\go\\pkg\\mod\\fyne.io\\fyne\\v2@v2.8.0\\internal\\painter\\gl\\shaders\\rectangle.vert",
		"shaders/regular_polygon.frag": "C:\\Users\\sanya\\go\\pkg\\mod\\fyne.io\\fyne\\v2@v2.8.0\\internal\\painter\\gl\\shaders\\regular_polygon.frag",
		"shaders/round_rectangle.frag": "C:\\Users\\sanya\\go\\pkg\\mod\\fyne.io\\fyne\\v2@v2.8.0\\internal\\painter\\gl\\shaders\\round_rectangle.frag",
		"shaders/simple.frag": "C:\\Users\\sanya\\go\\pkg\\mod\\fyne.io\\fyne\\v2@v2.8.0\\internal\\painter\\gl\\shaders\\simple.frag",
		"shaders/simple.vert": "C:\\Users\\sanya\\go\\pkg\\mod\\fyne.io\\fyne\\v2@v2.8.0\\internal\\painter\\gl\\shaders\\simple.vert"
	}
}EOF
cd C:\Users\sanya\Desktop\Dzvinock
"C:\\msys64\\mingw64\\lib\\go\\pkg\\tool\\windows_amd64\\compile.exe" -o "$WORK\\b320\\_pkg_.a" -trimpath "$WORK\\b320=>" -p fyne.io/fyne/v2/internal/painter/gl -lang=go1.22 -complete -buildid TWjb2qFq5jw4K4U_s49x/TWjb2qFq5jw4K4U_s49x -goversion go1.27.0 -c=8 -nolocalimports -importcfg "$WORK\\b320\\importcfg" -embedcfg "$WORK\\b320\\embedcfg" -pack "C:\\Users\\sanya\\go\\pkg\\mod\\fyne.io\\fyne\\v2@v2.8.0\\internal\\painter\\gl\\capture.go" "C:\\Users\\sanya\\go\\pkg\\mod\\fyne.io\\fyne\\v2@v2.8.0\\internal\\painter\\gl\\context.go" "C:\\Users\\sanya\\go\\pkg\\mod\\fyne.io\\fyne\\v2@v2.8.0\\internal\\painter\\gl\\draw.go" "C:\\Users\\sanya\\go\\pkg\\mod\\fyne.io\\fyne\\v2@v2.8.0\\internal\\painter\\gl\\draw_desktop.go" "C:\\Users\\sanya\\go\\pkg\\mod\\fyne.io\\fyne\\v2@v2.8.0\\internal\\painter\\gl\\gl.go" "C:\\Users\\sanya\\go\\pkg\\mod\\fyne.io\\fyne\\v2@v2.8.0\\internal\\painter\\gl\\gl_core.go" "C:\\Users\\sanya\\go\\pkg\\mod\\fyne.io\\fyne\\v2@v2.8.0\\internal\\painter\\gl\\painter.go" "C:\\Users\\sanya\\go\\pkg\\mod\\fyne.io\\fyne\\v2@v2.8.0\\internal\\painter\\gl\\shaders.go" "C:\\Users\\sanya\\go\\pkg\\mod\\fyne.io\\fyne\\v2@v2.8.0\\internal\\painter\\gl\\texture.go"
go tool buildid -w "$WORK\\b320\\_pkg_.a" # internal
cp "$WORK\\b320\\_pkg_.a" "C:\\Users\\sanya\\AppData\\Local\\go-build\\ac\\ac49921e53de06e61138844386c12d60a4c8073248409df6c53e92ad61e000b7-d" # internal
mkdir -p $WORK\b319\
fyne.io/fyne/v2/internal/driver/common
cat >C:\Users\sanya\AppData\Local\Temp\go-build1247343387\b319\importcfg << 'EOF' # internal
# import config
packagefile fyne.io/fyne/v2=C:\Users\sanya\AppData\Local\Temp\go-build1247343387\b066\_pkg_.a
packagefile fyne.io/fyne/v2/canvas=C:\Users\sanya\AppData\Local\Temp\go-build1247343387\b219\_pkg_.a
packagefile fyne.io/fyne/v2/container=C:\Users\sanya\AppData\Local\Temp\go-build1247343387\b257\_pkg_.a
packagefile fyne.io/fyne/v2/internal=C:\Users\sanya\AppData\Local\Temp\go-build1247343387\b205\_pkg_.a
packagefile fyne.io/fyne/v2/internal/app=C:\Users\sanya\AppData\Local\Temp\go-build1247343387\b206\_pkg_.a
packagefile fyne.io/fyne/v2/internal/async=C:\Users\sanya\AppData\Local\Temp\go-build1247343387\b207\_pkg_.a
packagefile fyne.io/fyne/v2/internal/build=C:\Users\sanya\AppData\Local\Temp\go-build1247343387\b208\_pkg_.a
packagefile fyne.io/fyne/v2/internal/cache=C:\Users\sanya\AppData\Local\Temp\go-build1247343387\b209\_pkg_.a
packagefile fyne.io/fyne/v2/internal/driver=C:\Users\sanya\AppData\Local\Temp\go-build1247343387\b210\_pkg_.a
packagefile fyne.io/fyne/v2/internal/painter/gl=C:\Users\sanya\AppData\Local\Temp\go-build1247343387\b320\_pkg_.a
packagefile fyne.io/fyne/v2/internal/theme=C:\Users\sanya\AppData\Local\Temp\go-build1247343387\b211\_pkg_.a
packagefile image/color=C:\Users\sanya\AppData\Local\Temp\go-build1247343387\b071\_pkg_.a
packagefile reflect=C:\Users\sanya\AppData\Local\Temp\go-build1247343387\b037\_pkg_.a
EOF
"C:\\msys64\\mingw64\\lib\\go\\pkg\\tool\\windows_amd64\\compile.exe" -o "$WORK\\b319\\_pkg_.a" -trimpath "$WORK\\b319=>" -p fyne.io/fyne/v2/internal/driver/common -lang=go1.22 -complete -buildid sNdxd95_vKSLyiBOT7ax/sNdxd95_vKSLyiBOT7ax -goversion go1.27.0 -c=8 -nolocalimports -importcfg "$WORK\\b319\\importcfg" -pack "C:\\Users\\sanya\\go\\pkg\\mod\\fyne.io\\fyne\\v2@v2.8.0\\internal\\driver\\common\\canvas.go" "C:\\Users\\sanya\\go\\pkg\\mod\\fyne.io\\fyne\\v2@v2.8.0\\internal\\driver\\common\\driver.go" "C:\\Users\\sanya\\go\\pkg\\mod\\fyne.io\\fyne\\v2@v2.8.0\\internal\\driver\\common\\structures.go" "C:\\Users\\sanya\\go\\pkg\\mod\\fyne.io\\fyne\\v2@v2.8.0\\internal\\driver\\common\\window.go"
go tool buildid -w "$WORK\\b319\\_pkg_.a" # internal
cp "$WORK\\b319\\_pkg_.a" "C:\\Users\\sanya\\AppData\\Local\\go-build\\35\\35c0386568142052abeb883e227540fa8fbf753f6ade8ea584454c7a1a6eae7b-d" # internal
mkdir -p $WORK\b218\
fyne.io/fyne/v2/internal/driver/glfw
cat >C:\Users\sanya\AppData\Local\Temp\go-build1247343387\b218\importcfg << 'EOF' # internal
# import config
packagefile bytes=C:\Users\sanya\AppData\Local\Temp\go-build1247343387\b069\_pkg_.a
packagefile context=C:\Users\sanya\AppData\Local\Temp\go-build1247343387\b081\_pkg_.a
packagefile fmt=C:\Users\sanya\AppData\Local\Temp\go-build1247343387\b002\_pkg_.a
packagefile fyne.io/fyne/v2=C:\Users\sanya\AppData\Local\Temp\go-build1247343387\b066\_pkg_.a
packagefile fyne.io/fyne/v2/canvas=C:\Users\sanya\AppData\Local\Temp\go-build1247343387\b219\_pkg_.a
packagefile fyne.io/fyne/v2/container=C:\Users\sanya\AppData\Local\Temp\go-build1247343387\b257\_pkg_.a
packagefile fyne.io/fyne/v2/driver=C:\Users\sanya\AppData\Local\Temp\go-build1247343387\b311\_pkg_.a
packagefile fyne.io/fyne/v2/driver/desktop=C:\Users\sanya\AppData\Local\Temp\go-build1247343387\b258\_pkg_.a
packagefile fyne.io/fyne/v2/driver/software=C:\Users\sanya\AppData\Local\Temp\go-build1247343387\b312\_pkg_.a
packagefile fyne.io/fyne/v2/internal=C:\Users\sanya\AppData\Local\Temp\go-build1247343387\b205\_pkg_.a
packagefile fyne.io/fyne/v2/internal/animation=C:\Users\sanya\AppData\Local\Temp\go-build1247343387\b318\_pkg_.a
packagefile fyne.io/fyne/v2/internal/app=C:\Users\sanya\AppData\Local\Temp\go-build1247343387\b206\_pkg_.a
packagefile fyne.io/fyne/v2/internal/async=C:\Users\sanya\AppData\Local\Temp\go-build1247343387\b207\_pkg_.a
packagefile fyne.io/fyne/v2/internal/build=C:\Users\sanya\AppData\Local\Temp\go-build1247343387\b208\_pkg_.a
packagefile fyne.io/fyne/v2/internal/cache=C:\Users\sanya\AppData\Local\Temp\go-build1247343387\b209\_pkg_.a
packagefile fyne.io/fyne/v2/internal/driver=C:\Users\sanya\AppData\Local\Temp\go-build1247343387\b210\_pkg_.a
packagefile fyne.io/fyne/v2/internal/driver/common=C:\Users\sanya\AppData\Local\Temp\go-build1247343387\b319\_pkg_.a
packagefile fyne.io/fyne/v2/internal/painter=C:\Users\sanya\AppData\Local\Temp\go-build1247343387\b264\_pkg_.a
packagefile fyne.io/fyne/v2/internal/painter/gl=C:\Users\sanya\AppData\Local\Temp\go-build1247343387\b320\_pkg_.a
packagefile fyne.io/fyne/v2/internal/repository=C:\Users\sanya\AppData\Local\Temp\go-build1247343387\b323\_pkg_.a
packagefile fyne.io/fyne/v2/internal/scale=C:\Users\sanya\AppData\Local\Temp\go-build1247343387\b220\_pkg_.a
packagefile fyne.io/fyne/v2/internal/svg=C:\Users\sanya\AppData\Local\Temp\go-build1247343387\b221\_pkg_.a
packagefile fyne.io/fyne/v2/internal/widget=C:\Users\sanya\AppData\Local\Temp\go-build1247343387\b259\_pkg_.a
packagefile fyne.io/fyne/v2/lang=C:\Users\sanya\AppData\Local\Temp\go-build1247343387\b265\_pkg_.a
packagefile fyne.io/fyne/v2/storage=C:\Users\sanya\AppData\Local\Temp\go-build1247343387\b214\_pkg_.a
packagefile fyne.io/fyne/v2/storage/repository=C:\Users\sanya\AppData\Local\Temp\go-build1247343387\b216\_pkg_.a
packagefile fyne.io/fyne/v2/theme=C:\Users\sanya\AppData\Local\Temp\go-build1247343387\b251\_pkg_.a
packagefile fyne.io/fyne/v2/widget=C:\Users\sanya\AppData\Local\Temp\go-build1247343387\b261\_pkg_.a
packagefile fyne.io/systray=C:\Users\sanya\AppData\Local\Temp\go-build1247343387\b324\_pkg_.a
packagefile github.com/fyne-io/image/ico=C:\Users\sanya\AppData\Local\Temp\go-build1247343387\b329\_pkg_.a
packagefile github.com/go-gl/glfw/v3.4/glfw=C:\Users\sanya\AppData\Local\Temp\go-build1247343387\b331\_pkg_.a
packagefile golang.org/x/sys/windows/registry=C:\Users\sanya\AppData\Local\Temp\go-build1247343387\b212\_pkg_.a
packagefile image=C:\Users\sanya\AppData\Local\Temp\go-build1247343387\b067\_pkg_.a
packagefile image/color=C:\Users\sanya\AppData\Local\Temp\go-build1247343387\b071\_pkg_.a
packagefile image/draw=C:\Users\sanya\AppData\Local\Temp\go-build1247343387\b228\_pkg_.a
packagefile image/jpeg=C:\Users\sanya\AppData\Local\Temp\go-build1247343387\b253\_pkg_.a
packagefile image/png=C:\Users\sanya\AppData\Local\Temp\go-build1247343387\b254\_pkg_.a
packagefile math=C:\Users\sanya\AppData\Local\Temp\go-build1247343387\b039\_pkg_.a
packagefile os=C:\Users\sanya\AppData\Local\Temp\go-build1247343387\b049\_pkg_.a
packagefile os/signal=C:\Users\sanya\AppData\Local\Temp\go-build1247343387\b332\_pkg_.a
packagefile runtime=C:\Users\sanya\AppData\Local\Temp\go-build1247343387\b009\_pkg_.a
packagefile strconv=C:\Users\sanya\AppData\Local\Temp\go-build1247343387\b040\_pkg_.a
packagefile strings=C:\Users\sanya\AppData\Local\Temp\go-build1247343387\b070\_pkg_.a
packagefile sync/atomic=C:\Users\sanya\AppData\Local\Temp\go-build1247343387\b044\_pkg_.a
packagefile syscall=C:\Users\sanya\AppData\Local\Temp\go-build1247343387\b055\_pkg_.a
packagefile time=C:\Users\sanya\AppData\Local\Temp\go-build1247343387\b059\_pkg_.a
EOF
"C:\\msys64\\mingw64\\lib\\go\\pkg\\tool\\windows_amd64\\compile.exe" -o "$WORK\\b218\\_pkg_.a" -trimpath "$WORK\\b218=>" -p fyne.io/fyne/v2/internal/driver/glfw -lang=go1.22 -complete -buildid MnNLbV38yAXSc70pUMws/MnNLbV38yAXSc70pUMws -goversion go1.27.0 -c=8 -nolocalimports -importcfg "$WORK\\b218\\importcfg" -pack "C:\\Users\\sanya\\go\\pkg\\mod\\fyne.io\\fyne\\v2@v2.8.0\\internal\\driver\\glfw\\accessibility_notdarwin.go" "C:\\Users\\sanya\\go\\pkg\\mod\\fyne.io\\fyne\\v2@v2.8.0\\internal\\driver\\glfw\\animation.go" "C:\\Users\\sanya\\go\\pkg\\mod\\fyne.io\\fyne\\v2@v2.8.0\\internal\\driver\\glfw\\canvas.go" "C:\\Users\\sanya\\go\\pkg\\mod\\fyne.io\\fyne\\v2@v2.8.0\\internal\\driver\\glfw\\clipboard.go" "C:\\Users\\sanya\\go\\pkg\\mod\\fyne.io\\fyne\\v2@v2.8.0\\internal\\driver\\glfw\\device.go" "C:\\Users\\sanya\\go\\pkg\\mod\\fyne.io\\fyne\\v2@v2.8.0\\internal\\driver\\glfw\\device_desktop.go" "C:\\Users\\sanya\\go\\pkg\\mod\\fyne.io\\fyne\\v2@v2.8.0\\internal\\driver\\glfw\\driver.go" "C:\\Users\\sanya\\go\\pkg\\mod\\fyne.io\\fyne\\v2@v2.8.0\\internal\\driver\\glfw\\driver_desktop.go" "C:\\Users\\sanya\\go\\pkg\\mod\\fyne.io\\fyne\\v2@v2.8.0\\internal\\driver\\glfw\\driver_windows.go" "C:\\Users\\sanya\\go\\pkg\\mod\\fyne.io\\fyne\\v2@v2.8.0\\internal\\driver\\glfw\\glfw_core.go" "C:\\Users\\sanya\\go\\pkg\\mod\\fyne.io\\fyne\\v2@v2.8.0\\internal\\driver\\glfw\\key.go" "C:\\Users\\sanya\\go\\pkg\\mod\\fyne.io\\fyne\\v2@v2.8.0\\internal\\driver\\glfw\\loop.go" "C:\\Users\\sanya\\go\\pkg\\mod\\fyne.io\\fyne\\v2@v2.8.0\\internal\\driver\\glfw\\loop_desktop.go" "C:\\Users\\sanya\\go\\pkg\\mod\\fyne.io\\fyne\\v2@v2.8.0\\internal\\driver\\glfw\\menu.go" "C:\\Users\\sanya\\go\\pkg\\mod\\fyne.io\\fyne\\v2@v2.8.0\\internal\\driver\\glfw\\menu_bar.go" "C:\\Users\\sanya\\go\\pkg\\mod\\fyne.io\\fyne\\v2@v2.8.0\\internal\\driver\\glfw\\menu_bar_item.go" "C:\\Users\\sanya\\go\\pkg\\mod\\fyne.io\\fyne\\v2@v2.8.0\\internal\\driver\\glfw\\menu_notweb.go" "C:\\Users\\sanya\\go\\pkg\\mod\\fyne.io\\fyne\\v2@v2.8.0\\internal\\driver\\glfw\\menu_other.go" "C:\\Users\\sanya\\go\\pkg\\mod\\fyne.io\\fyne\\v2@v2.8.0\\internal\\driver\\glfw\\present.go" "C:\\Users\\sanya\\go\\pkg\\mod\\fyne.io\\fyne\\v2@v2.8.0\\internal\\driver\\glfw\\present_notwayland.go" "C:\\Users\\sanya\\go\\pkg\\mod\\fyne.io\\fyne\\v2@v2.8.0\\internal\\driver\\glfw\\scale.go" "C:\\Users\\sanya\\go\\pkg\\mod\\fyne.io\\fyne\\v2@v2.8.0\\internal\\driver\\glfw\\scroll_speed_default.go" "C:\\Users\\sanya\\go\\pkg\\mod\\fyne.io\\fyne\\v2@v2.8.0\\internal\\driver\\glfw\\wayland_csd_other.go" "C:\\Users\\sanya\\go\\pkg\\mod\\fyne.io\\fyne\\v2@v2.8.0\\internal\\driver\\glfw\\window.go" "C:\\Users\\sanya\\go\\pkg\\mod\\fyne.io\\fyne\\v2@v2.8.0\\internal\\driver\\glfw\\window_desktop.go" "C:\\Users\\sanya\\go\\pkg\\mod\\fyne.io\\fyne\\v2@v2.8.0\\internal\\driver\\glfw\\window_notdarwin.go" "C:\\Users\\sanya\\go\\pkg\\mod\\fyne.io\\fyne\\v2@v2.8.0\\internal\\driver\\glfw\\window_notdarwin_notwasm.go" "C:\\Users\\sanya\\go\\pkg\\mod\\fyne.io\\fyne\\v2@v2.8.0\\internal\\driver\\glfw\\window_notxdg.go" "C:\\Users\\sanya\\go\\pkg\\mod\\fyne.io\\fyne\\v2@v2.8.0\\internal\\driver\\glfw\\window_windows.go"
go tool buildid -w "$WORK\\b218\\_pkg_.a" # internal
cp "$WORK\\b218\\_pkg_.a" "C:\\Users\\sanya\\AppData\\Local\\go-build\\9e\\9e6a9d0e6ce366cc2560bf29e2cab7eb210ad90562f831148cf5ee6bd4c81f71-d" # internal
mkdir -p $WORK\b195\
fyne.io/fyne/v2/app
cat >C:\Users\sanya\AppData\Local\Temp\go-build1247343387\b195\importcfg << 'EOF' # internal
# import config
packagefile bufio=C:\Users\sanya\AppData\Local\Temp\go-build1247343387\b068\_pkg_.a
packagefile encoding/base64=C:\Users\sanya\AppData\Local\Temp\go-build1247343387\b166\_pkg_.a
packagefile encoding/json=C:\Users\sanya\AppData\Local\Temp\go-build1247343387\b196\_pkg_.a
packagefile errors=C:\Users\sanya\AppData\Local\Temp\go-build1247343387\b003\_pkg_.a
packagefile fmt=C:\Users\sanya\AppData\Local\Temp\go-build1247343387\b002\_pkg_.a
packagefile fyne.io/fyne/v2=C:\Users\sanya\AppData\Local\Temp\go-build1247343387\b066\_pkg_.a
packagefile fyne.io/fyne/v2/internal=C:\Users\sanya\AppData\Local\Temp\go-build1247343387\b205\_pkg_.a
packagefile fyne.io/fyne/v2/internal/app=C:\Users\sanya\AppData\Local\Temp\go-build1247343387\b206\_pkg_.a
packagefile fyne.io/fyne/v2/internal/async=C:\Users\sanya\AppData\Local\Temp\go-build1247343387\b207\_pkg_.a
packagefile fyne.io/fyne/v2/internal/build=C:\Users\sanya\AppData\Local\Temp\go-build1247343387\b208\_pkg_.a
packagefile fyne.io/fyne/v2/internal/driver/glfw=C:\Users\sanya\AppData\Local\Temp\go-build1247343387\b218\_pkg_.a
packagefile fyne.io/fyne/v2/internal/metadata=C:\Users\sanya\AppData\Local\Temp\go-build1247343387\b333\_pkg_.a
packagefile fyne.io/fyne/v2/internal/repository=C:\Users\sanya\AppData\Local\Temp\go-build1247343387\b323\_pkg_.a
packagefile fyne.io/fyne/v2/internal/scheduler=C:\Users\sanya\AppData\Local\Temp\go-build1247343387\b337\_pkg_.a
packagefile fyne.io/fyne/v2/storage=C:\Users\sanya\AppData\Local\Temp\go-build1247343387\b214\_pkg_.a
packagefile fyne.io/fyne/v2/storage/repository=C:\Users\sanya\AppData\Local\Temp\go-build1247343387\b216\_pkg_.a
packagefile fyne.io/fyne/v2/theme=C:\Users\sanya\AppData\Local\Temp\go-build1247343387\b251\_pkg_.a
packagefile github.com/fsnotify/fsnotify=C:\Users\sanya\AppData\Local\Temp\go-build1247343387\b338\_pkg_.a
packagefile io=C:\Users\sanya\AppData\Local\Temp\go-build1247343387\b048\_pkg_.a
packagefile log=C:\Users\sanya\AppData\Local\Temp\go-build1247343387\b072\_pkg_.a
packagefile net/url=C:\Users\sanya\AppData\Local\Temp\go-build1247343387\b174\_pkg_.a
packagefile os=C:\Users\sanya\AppData\Local\Temp\go-build1247343387\b049\_pkg_.a
packagefile os/exec=C:\Users\sanya\AppData\Local\Temp\go-build1247343387\b327\_pkg_.a
packagefile path/filepath=C:\Users\sanya\AppData\Local\Temp\go-build1247343387\b175\_pkg_.a
packagefile strconv=C:\Users\sanya\AppData\Local\Temp\go-build1247343387\b040\_pkg_.a
packagefile strings=C:\Users\sanya\AppData\Local\Temp\go-build1247343387\b070\_pkg_.a
packagefile sync=C:\Users\sanya\AppData\Local\Temp\go-build1247343387\b042\_pkg_.a
packagefile syscall=C:\Users\sanya\AppData\Local\Temp\go-build1247343387\b055\_pkg_.a
packagefile time=C:\Users\sanya\AppData\Local\Temp\go-build1247343387\b059\_pkg_.a
EOF
"C:\\msys64\\mingw64\\lib\\go\\pkg\\tool\\windows_amd64\\compile.exe" -o "$WORK\\b195\\_pkg_.a" -trimpath "$WORK\\b195=>" -p fyne.io/fyne/v2/app -lang=go1.22 -complete -buildid w6i0uuVbmELe-dUFowkX/w6i0uuVbmELe-dUFowkX -goversion go1.27.0 -c=8 -nolocalimports -importcfg "$WORK\\b195\\importcfg" -pack "C:\\Users\\sanya\\go\\pkg\\mod\\fyne.io\\fyne\\v2@v2.8.0\\app\\app.go" "C:\\Users\\sanya\\go\\pkg\\mod\\fyne.io\\fyne\\v2@v2.8.0\\app\\app_gl.go" "C:\\Users\\sanya\\go\\pkg\\mod\\fyne.io\\fyne\\v2@v2.8.0\\app\\app_schedule.go" "C:\\Users\\sanya\\go\\pkg\\mod\\fyne.io\\fyne\\v2@v2.8.0\\app\\app_windows.go" "C:\\Users\\sanya\\go\\pkg\\mod\\fyne.io\\fyne\\v2@v2.8.0\\app\\cache.go" "C:\\Users\\sanya\\go\\pkg\\mod\\fyne.io\\fyne\\v2@v2.8.0\\app\\cache_other.go" "C:\\Users\\sanya\\go\\pkg\\mod\\fyne.io\\fyne\\v2@v2.8.0\\app\\cloud.go" "C:\\Users\\sanya\\go\\pkg\\mod\\fyne.io\\fyne\\v2@v2.8.0\\app\\icon_cache_file.go" "C:\\Users\\sanya\\go\\pkg\\mod\\fyne.io\\fyne\\v2@v2.8.0\\app\\meta.go" "C:\\Users\\sanya\\go\\pkg\\mod\\fyne.io\\fyne\\v2@v2.8.0\\app\\meta_development.go" "C:\\Users\\sanya\\go\\pkg\\mod\\fyne.io\\fyne\\v2@v2.8.0\\app\\preferences.go" "C:\\Users\\sanya\\go\\pkg\\mod\\fyne.io\\fyne\\v2@v2.8.0\\app\\preferences_nonweb.go" "C:\\Users\\sanya\\go\\pkg\\mod\\fyne.io\\fyne\\v2@v2.8.0\\app\\preferences_other.go" "C:\\Users\\sanya\\go\\pkg\\mod\\fyne.io\\fyne\\v2@v2.8.0\\app\\settings.go" "C:\\Users\\sanya\\go\\pkg\\mod\\fyne.io\\fyne\\v2@v2.8.0\\app\\settings_desktop.go" "C:\\Users\\sanya\\go\\pkg\\mod\\fyne.io\\fyne\\v2@v2.8.0\\app\\settings_file.go" "C:\\Users\\sanya\\go\\pkg\\mod\\fyne.io\\fyne\\v2@v2.8.0\\app\\storage.go"
go tool buildid -w "$WORK\\b195\\_pkg_.a" # internal
cp "$WORK\\b195\\_pkg_.a" "C:\\Users\\sanya\\AppData\\Local\\go-build\\f2\\f29e465727402c80f544fd62a86991451cb3d5b3065dd771b02574af17dd4c68-d" # internal
mkdir -p $WORK\b001\
schoolbell/cmd/schoolbell
cat >C:\Users\sanya\AppData\Local\Temp\go-build1247343387\b001\importcfg << 'EOF' # internal
# import config
packagefile fmt=C:\Users\sanya\AppData\Local\Temp\go-build1247343387\b002\_pkg_.a
packagefile fyne.io/fyne/v2=C:\Users\sanya\AppData\Local\Temp\go-build1247343387\b066\_pkg_.a
packagefile fyne.io/fyne/v2/app=C:\Users\sanya\AppData\Local\Temp\go-build1247343387\b195\_pkg_.a
packagefile fyne.io/fyne/v2/dialog=C:\Users\sanya\AppData\Local\Temp\go-build1247343387\b340\_pkg_.a
packagefile fyne.io/fyne/v2/widget=C:\Users\sanya\AppData\Local\Temp\go-build1247343387\b261\_pkg_.a
packagefile log=C:\Users\sanya\AppData\Local\Temp\go-build1247343387\b072\_pkg_.a
packagefile schoolbell/internal/audio=C:\Users\sanya\AppData\Local\Temp\go-build1247343387\b343\_pkg_.a
packagefile schoolbell/internal/config=C:\Users\sanya\AppData\Local\Temp\go-build1247343387\b378\_pkg_.a
packagefile schoolbell/internal/model=C:\Users\sanya\AppData\Local\Temp\go-build1247343387\b379\_pkg_.a
packagefile schoolbell/internal/scheduler=C:\Users\sanya\AppData\Local\Temp\go-build1247343387\b380\_pkg_.a
packagefile schoolbell/internal/state=C:\Users\sanya\AppData\Local\Temp\go-build1247343387\b381\_pkg_.a
packagefile schoolbell/internal/ui=C:\Users\sanya\AppData\Local\Temp\go-build1247343387\b382\_pkg_.a
packagefile runtime=C:\Users\sanya\AppData\Local\Temp\go-build1247343387\b009\_pkg_.a
EOF
"C:\\msys64\\mingw64\\lib\\go\\pkg\\tool\\windows_amd64\\compile.exe" -o "$WORK\\b001\\_pkg_.a" -trimpath "$WORK\\b001=>" -p main -lang=go1.22 -complete -buildid z6chIyGUrtk8PixY_VIb/z6chIyGUrtk8PixY_VIb -goversion go1.27.0 -c=8 -nolocalimports -importcfg "$WORK\\b001\\importcfg" -pack "C:\\Users\\sanya\\Desktop\\Dzvinock\\cmd\\schoolbell\\main.go"
# schoolbell/cmd/schoolbell
cmd\schoolbell\main.go:42:10: cannot use player.Enqueue (value of type func(path string, done audio.ResultFunc)) as ui.PlayFunc value in assignment
